{
  "ExpressionLimit": {"Type": "All"},
  "CollapseSettings": {
    "CollapseType": "ERA",
    "EraPad": 0
  },
  "CensorWindow": {
    "StartDate": null,
    "EndDate": null
  },
  "ConceptSets": [{
    "expression": {"items": [
      {
        "isExcluded": false,
        "concept": {
          "INVALID_REASON_CAPTION": "Valid",
          "CONCEPT_ID": 433440,
          "STANDARD_CONCEPT": "S",
          "CONCEPT_CODE": "78667006",
          "VOCABULARY_ID": "SNOMED",
          "CONCEPT_NAME": "Dysthymia",
          "DOMAIN_ID": "Condition",
          "STANDARD_CONCEPT_CAPTION": "Standard",
          "CONCEPT_CLASS_ID": "Clinical Finding",
          "INVALID_REASON": "V"
        },
        "includeMapped": false,
        "includeDescendants": false
      },
      {
        "isExcluded": false,
        "concept": {
          "INVALID_REASON_CAPTION": "Valid",
          "CONCEPT_ID": 435784,
          "STANDARD_CONCEPT": "S",
          "CONCEPT_CODE": "31297008",
          "VOCABULARY_ID": "SNOMED",
          "CONCEPT_NAME": "Somatoform disorder",
          "DOMAIN_ID": "Condition",
          "STANDARD_CONCEPT_CAPTION": "Standard",
          "CONCEPT_CLASS_ID": "Clinical Finding",
          "INVALID_REASON": "V"
        },
        "includeMapped": false,
        "includeDescendants": false
      },
      {
        "isExcluded": false,
        "concept": {
          "INVALID_REASON_CAPTION": "Valid",
          "CONCEPT_ID": 374888,
          "STANDARD_CONCEPT": "S",
          "CONCEPT_CODE": "191519005",
          "VOCABULARY_ID": "SNOMED",
          "CONCEPT_NAME": "Dementia associated with another disease",
          "DOMAIN_ID": "Condition",
          "STANDARD_CONCEPT_CAPTION": "Standard",
          "CONCEPT_CLASS_ID": "Clinical Finding",
          "INVALID_REASON": "V"
        },
        "includeMapped": false,
        "includeDescendants": false
      },
      {
        "isExcluded": false,
        "concept": {
          "INVALID_REASON_CAPTION": "Valid",
          "CONCEPT_ID": 440691,
          "STANDARD_CONCEPT": "S",
          "CONCEPT_CODE": "13601005",
          "VOCABULARY_ID": "SNOMED",
          "CONCEPT_NAME": "Paranoid personality disorder",
          "DOMAIN_ID": "Condition",
          "STANDARD_CONCEPT_CAPTION": "Standard",
          "CONCEPT_CLASS_ID": "Clinical Finding",
          "INVALID_REASON": "V"
        },
        "includeMapped": false,
        "includeDescendants": false
      },
      {
        "isExcluded": false,
        "concept": {
          "INVALID_REASON_CAPTION": "Valid",
          "CONCEPT_ID": 435783,
          "STANDARD_CONCEPT": "S",
          "CONCEPT_CODE": "58214004",
          "VOCABULARY_ID": "SNOMED",
          "CONCEPT_NAME": "Schizophrenia",
          "DOMAIN_ID": "Condition",
          "STANDARD_CONCEPT_CAPTION": "Standard",
          "CONCEPT_CLASS_ID": "Clinical Finding",
          "INVALID_REASON": "V"
        },
        "includeMapped": false,
        "includeDescendants": false
      },
      {
        "isExcluded": false,
        "concept": {
          "INVALID_REASON_CAPTION": "Valid",
          "CONCEPT_ID": 374009,
          "STANDARD_CONCEPT": "S",
          "CONCEPT_CODE": "111479008",
          "VOCABULARY_ID": "SNOMED",
          "CONCEPT_NAME": "Organic mental disorder",
          "DOMAIN_ID": "Condition",
          "STANDARD_CONCEPT_CAPTION": "Standard",
          "CONCEPT_CLASS_ID": "Clinical Finding",
          "INVALID_REASON": "V"
        },
        "includeMapped": false,
        "includeDescendants": false
      },
      {
        "isExcluded": false,
        "concept": {
          "INVALID_REASON_CAPTION": "Valid",
          "CONCEPT_ID": 440690,
          "STANDARD_CONCEPT": "S",
          "CONCEPT_CODE": "25501002",
          "VOCABULARY_ID": "SNOMED",
          "CONCEPT_NAME": "Social phobia",
          "DOMAIN_ID": "Condition",
          "STANDARD_CONCEPT_CAPTION": "Standard",
          "CONCEPT_CLASS_ID": "Clinical Finding",
          "INVALID_REASON": "V"
        },
        "includeMapped": false,
        "includeDescendants": false
      },
      {
        "isExcluded": false,
        "concept": {
          "INVALID_REASON_CAPTION": "Valid",
          "CONCEPT_ID": 435521,
          "STANDARD_CONCEPT": "S",
          "CONCEPT_CODE": "37057007",
          "VOCABULARY_ID": "SNOMED",
          "CONCEPT_NAME": "Psychophysiologic disorder",
          "DOMAIN_ID": "Condition",
          "STANDARD_CONCEPT_CAPTION": "Standard",
          "CONCEPT_CLASS_ID": "Clinical Finding",
          "INVALID_REASON": "V"
        },
        "includeMapped": false,
        "includeDescendants": false
      },
      {
        "isExcluded": false,
        "concept": {
          "INVALID_REASON_CAPTION": "Valid",
          "CONCEPT_ID": 373995,
          "STANDARD_CONCEPT": "S",
          "CONCEPT_CODE": "2776000",
          "VOCABULARY_ID": "SNOMED",
          "CONCEPT_NAME": "Delirium",
          "DOMAIN_ID": "Condition",
          "STANDARD_CONCEPT_CAPTION": "Standard",
          "CONCEPT_CLASS_ID": "Clinical Finding",
          "INVALID_REASON": "V"
        },
        "includeMapped": false,
        "includeDescendants": false
      },
      {
        "isExcluded": false,
        "concept": {
          "INVALID_REASON_CAPTION": "Valid",
          "CONCEPT_ID": 373176,
          "STANDARD_CONCEPT": "S",
          "CONCEPT_CODE": "23645006",
          "VOCABULARY_ID": "SNOMED",
          "CONCEPT_NAME": "Organic mood disorder",
          "DOMAIN_ID": "Condition",
          "STANDARD_CONCEPT_CAPTION": "Standard",
          "CONCEPT_CLASS_ID": "Clinical Finding",
          "INVALID_REASON": "V"
        },
        "includeMapped": false,
        "includeDescendants": false
      },
      {
        "isExcluded": false,
        "concept": {
          "INVALID_REASON_CAPTION": "Valid",
          "CONCEPT_ID": 373175,
          "STANDARD_CONCEPT": "S",
          "CONCEPT_CODE": "45912004",
          "VOCABULARY_ID": "SNOMED",
          "CONCEPT_NAME": "Organic hallucinosis",
          "DOMAIN_ID": "Condition",
          "STANDARD_CONCEPT_CAPTION": "Standard",
          "CONCEPT_CLASS_ID": "Clinical Finding",
          "INVALID_REASON": "V"
        },
        "includeMapped": false,
        "includeDescendants": false
      },
      {
        "isExcluded": false,
        "concept": {
          "INVALID_REASON_CAPTION": "Valid",
          "CONCEPT_ID": 372610,
          "STANDARD_CONCEPT": "S",
          "CONCEPT_CODE": "40425004",
          "VOCABULARY_ID": "SNOMED",
          "CONCEPT_NAME": "Postconcussion syndrome",
          "DOMAIN_ID": "Condition",
          "STANDARD_CONCEPT_CAPTION": "Standard",
          "CONCEPT_CLASS_ID": "Clinical Finding",
          "INVALID_REASON": "V"
        },
        "includeMapped": false,
        "includeDescendants": false
      },
      {
        "isExcluded": false,
        "concept": {
          "INVALID_REASON_CAPTION": "Valid",
          "CONCEPT_ID": 440374,
          "STANDARD_CONCEPT": "S",
          "CONCEPT_CODE": "191736004",
          "VOCABULARY_ID": "SNOMED",
          "CONCEPT_NAME": "Obsessive-compulsive disorder",
          "DOMAIN_ID": "Condition",
          "STANDARD_CONCEPT_CAPTION": "Standard",
          "CONCEPT_CLASS_ID": "Clinical Finding",
          "INVALID_REASON": "V"
        },
        "includeMapped": false,
        "includeDescendants": false
      },
      {
        "isExcluded": false,
        "concept": {
          "INVALID_REASON_CAPTION": "Valid",
          "CONCEPT_ID": 434920,
          "STANDARD_CONCEPT": "S",
          "CONCEPT_CODE": "18193002",
          "VOCABULARY_ID": "SNOMED",
          "CONCEPT_NAME": "Hypochondriasis",
          "DOMAIN_ID": "Condition",
          "STANDARD_CONCEPT_CAPTION": "Standard",
          "CONCEPT_CLASS_ID": "Clinical Finding",
          "INVALID_REASON": "V"
        },
        "includeMapped": false,
        "includeDescendants": false
      },
      {
        "isExcluded": false,
        "concept": {
          "INVALID_REASON_CAPTION": "Valid",
          "CONCEPT_ID": 440369,
          "STANDARD_CONCEPT": "S",
          "CONCEPT_CODE": "55341008",
          "VOCABULARY_ID": "SNOMED",
          "CONCEPT_NAME": "Histrionic personality disorder",
          "DOMAIN_ID": "Condition",
          "STANDARD_CONCEPT_CAPTION": "Standard",
          "CONCEPT_CLASS_ID": "Clinical Finding",
          "INVALID_REASON": "V"
        },
        "includeMapped": false,
        "includeDescendants": false
      },
      {
        "isExcluded": false,
        "concept": {
          "INVALID_REASON_CAPTION": "Valid",
          "CONCEPT_ID": 434903,
          "STANDARD_CONCEPT": "S",
          "CONCEPT_CODE": "52813007",
          "VOCABULARY_ID": "SNOMED",
          "CONCEPT_NAME": "Ego-dystonic sexual orientation",
          "DOMAIN_ID": "Condition",
          "STANDARD_CONCEPT_CAPTION": "Standard",
          "CONCEPT_CLASS_ID": "Clinical Finding",
          "INVALID_REASON": "V"
        },
        "includeMapped": false,
        "includeDescendants": false
      },
      {
        "isExcluded": false,
        "concept": {
          "INVALID_REASON_CAPTION": "Valid",
          "CONCEPT_ID": 440085,
          "STANDARD_CONCEPT": "S",
          "CONCEPT_CODE": "52954000",
          "VOCABULARY_ID": "SNOMED",
          "CONCEPT_NAME": "Schizoid personality disorder",
          "DOMAIN_ID": "Condition",
          "STANDARD_CONCEPT_CAPTION": "Standard",
          "CONCEPT_CLASS_ID": "Clinical Finding",
          "INVALID_REASON": "V"
        },
        "includeMapped": false,
        "includeDescendants": false
      },
      {
        "isExcluded": false,
        "concept": {
          "INVALID_REASON_CAPTION": "Valid",
          "CONCEPT_ID": 434889,
          "STANDARD_CONCEPT": "S",
          "CONCEPT_CODE": "44376007",
          "VOCABULARY_ID": "SNOMED",
          "CONCEPT_NAME": "Dissociative disorder",
          "DOMAIN_ID": "Condition",
          "STANDARD_CONCEPT_CAPTION": "Standard",
          "CONCEPT_CLASS_ID": "Clinical Finding",
          "INVALID_REASON": "V"
        },
        "includeMapped": false,
        "includeDescendants": false
      },
      {
        "isExcluded": false,
        "concept": {
          "INVALID_REASON_CAPTION": "Valid",
          "CONCEPT_ID": 433991,
          "STANDARD_CONCEPT": "S",
          "CONCEPT_CODE": "68019004",
          "VOCABULARY_ID": "SNOMED",
          "CONCEPT_NAME": "Recurrent major depression in remission",
          "DOMAIN_ID": "Condition",
          "STANDARD_CONCEPT_CAPTION": "Standard",
          "CONCEPT_CLASS_ID": "Clinical Finding",
          "INVALID_REASON": "V"
        },
        "includeMapped": false,
        "includeDescendants": false
      },
      {
        "isExcluded": false,
        "concept": {
          "INVALID_REASON_CAPTION": "Valid",
          "CONCEPT_ID": 434911,
          "STANDARD_CONCEPT": "S",
          "CONCEPT_CODE": "191613003",
          "VOCABULARY_ID": "SNOMED",
          "CONCEPT_NAME": "Recurrent major depressive episodes, severe, with psychosis",
          "DOMAIN_ID": "Condition",
          "STANDARD_CONCEPT_CAPTION": "Standard",
          "CONCEPT_CLASS_ID": "Clinical Finding",
          "INVALID_REASON": "V"
        },
        "includeMapped": false,
        "includeDescendants": false
      },
      {
        "isExcluded": false,
        "concept": {
          "INVALID_REASON_CAPTION": "Valid",
          "CONCEPT_ID": 435220,
          "STANDARD_CONCEPT": "S",
          "CONCEPT_CODE": "36474008",
          "VOCABULARY_ID": "SNOMED",
          "CONCEPT_NAME": "Severe recurrent major depression without psychotic features",
          "DOMAIN_ID": "Condition",
          "STANDARD_CONCEPT_CAPTION": "Standard",
          "CONCEPT_CLASS_ID": "Clinical Finding",
          "INVALID_REASON": "V"
        },
        "includeMapped": false,
        "includeDescendants": false
      },
      {
        "isExcluded": false,
        "concept": {
          "INVALID_REASON_CAPTION": "Valid",
          "CONCEPT_ID": 435226,
          "STANDARD_CONCEPT": "S",
          "CONCEPT_CODE": "192362008",
          "VOCABULARY_ID": "SNOMED",
          "CONCEPT_NAME": "Bipolar affective disorder, current episode mixed",
          "DOMAIN_ID": "Condition",
          "STANDARD_CONCEPT_CAPTION": "Standard",
          "CONCEPT_CLASS_ID": "Clinical Finding",
          "INVALID_REASON": "V"
        },
        "includeMapped": false,
        "includeDescendants": false
      },
      {
        "isExcluded": false,
        "concept": {
          "INVALID_REASON_CAPTION": "Valid",
          "CONCEPT_ID": 436665,
          "STANDARD_CONCEPT": "S",
          "CONCEPT_CODE": "13746004",
          "VOCABULARY_ID": "SNOMED",
          "CONCEPT_NAME": "Bipolar disorder",
          "DOMAIN_ID": "Condition",
          "STANDARD_CONCEPT_CAPTION": "Standard",
          "CONCEPT_CLASS_ID": "Clinical Finding",
          "INVALID_REASON": "V"
        },
        "includeMapped": false,
        "includeDescendants": false
      },
      {
        "isExcluded": false,
        "concept": {
          "INVALID_REASON_CAPTION": "Valid",
          "CONCEPT_ID": 439254,
          "STANDARD_CONCEPT": "S",
          "CONCEPT_CODE": "191627008",
          "VOCABULARY_ID": "SNOMED",
          "CONCEPT_NAME": "Bipolar affective disorder, current episode depression",
          "DOMAIN_ID": "Condition",
          "STANDARD_CONCEPT_CAPTION": "Standard",
          "CONCEPT_CLASS_ID": "Clinical Finding",
          "INVALID_REASON": "V"
        },
        "includeMapped": false,
        "includeDescendants": false
      },
      {
        "isExcluded": false,
        "concept": {
          "INVALID_REASON_CAPTION": "Valid",
          "CONCEPT_ID": 439256,
          "STANDARD_CONCEPT": "S",
          "CONCEPT_CODE": "191623007",
          "VOCABULARY_ID": "SNOMED",
          "CONCEPT_NAME": "Bipolar affective disorder, currently manic, severe, with psychosis",
          "DOMAIN_ID": "Condition",
          "STANDARD_CONCEPT_CAPTION": "Standard",
          "CONCEPT_CLASS_ID": "Clinical Finding",
          "INVALID_REASON": "V"
        },
        "includeMapped": false,
        "includeDescendants": false
      },
      {
        "isExcluded": false,
        "concept": {
          "INVALID_REASON_CAPTION": "Valid",
          "CONCEPT_ID": 440078,
          "STANDARD_CONCEPT": "S",
          "CONCEPT_CODE": "191618007",
          "VOCABULARY_ID": "SNOMED",
          "CONCEPT_NAME": "Bipolar affective disorder, current episode manic",
          "DOMAIN_ID": "Condition",
          "STANDARD_CONCEPT_CAPTION": "Standard",
          "CONCEPT_CLASS_ID": "Clinical Finding",
          "INVALID_REASON": "V"
        },
        "includeMapped": false,
        "includeDescendants": false
      },
      {
        "isExcluded": false,
        "concept": {
          "INVALID_REASON_CAPTION": "Valid",
          "CONCEPT_ID": 440383,
          "STANDARD_CONCEPT": "S",
          "CONCEPT_CODE": "35489007",
          "VOCABULARY_ID": "SNOMED",
          "CONCEPT_NAME": "Depressive disorder",
          "DOMAIN_ID": "Condition",
          "STANDARD_CONCEPT_CAPTION": "Standard",
          "CONCEPT_CLASS_ID": "Clinical Finding",
          "INVALID_REASON": "V"
        },
        "includeMapped": false,
        "includeDescendants": false
      },
      {
        "isExcluded": false,
        "concept": {
          "INVALID_REASON_CAPTION": "Valid",
          "CONCEPT_ID": 440696,
          "STANDARD_CONCEPT": "S",
          "CONCEPT_CODE": "76105009",
          "VOCABULARY_ID": "SNOMED",
          "CONCEPT_NAME": "Cyclothymia",
          "DOMAIN_ID": "Condition",
          "STANDARD_CONCEPT_CAPTION": "Standard",
          "CONCEPT_CLASS_ID": "Clinical Finding",
          "INVALID_REASON": "V"
        },
        "includeMapped": false,
        "includeDescendants": false
      },
      {
        "isExcluded": false,
        "concept": {
          "INVALID_REASON_CAPTION": "Valid",
          "CONCEPT_ID": 444100,
          "STANDARD_CONCEPT": "S",
          "CONCEPT_CODE": "46206005",
          "VOCABULARY_ID": "SNOMED",
          "CONCEPT_NAME": "Mood disorder",
          "DOMAIN_ID": "Condition",
          "STANDARD_CONCEPT_CAPTION": "Standard",
          "CONCEPT_CLASS_ID": "Clinical Finding",
          "INVALID_REASON": "V"
        },
        "includeMapped": false,
        "includeDescendants": false
      },
      {
        "isExcluded": false,
        "concept": {
          "INVALID_REASON_CAPTION": "Valid",
          "CONCEPT_ID": 4077577,
          "STANDARD_CONCEPT": "S",
          "CONCEPT_CODE": "18818009",
          "VOCABULARY_ID": "SNOMED",
          "CONCEPT_NAME": "Moderate recurrent major depression",
          "DOMAIN_ID": "Condition",
          "STANDARD_CONCEPT_CAPTION": "Standard",
          "CONCEPT_CLASS_ID": "Clinical Finding",
          "INVALID_REASON": "V"
        },
        "includeMapped": false,
        "includeDescendants": false
      },
      {
        "isExcluded": false,
        "concept": {
          "INVALID_REASON_CAPTION": "Valid",
          "CONCEPT_ID": 4098302,
          "STANDARD_CONCEPT": "S",
          "CONCEPT_CODE": "191616006",
          "VOCABULARY_ID": "SNOMED",
          "CONCEPT_NAME": "Recurrent depression",
          "DOMAIN_ID": "Condition",
          "STANDARD_CONCEPT_CAPTION": "Standard",
          "CONCEPT_CLASS_ID": "Clinical Finding",
          "INVALID_REASON": "V"
        },
        "includeMapped": false,
        "includeDescendants": false
      },
      {
        "isExcluded": false,
        "concept": {
          "INVALID_REASON_CAPTION": "Valid",
          "CONCEPT_ID": 4150985,
          "STANDARD_CONCEPT": "S",
          "CONCEPT_CODE": "31446002",
          "VOCABULARY_ID": "SNOMED",
          "CONCEPT_NAME": "Bipolar I disorder, most recent episode hypomanic",
          "DOMAIN_ID": "Condition",
          "STANDARD_CONCEPT_CAPTION": "Standard",
          "CONCEPT_CLASS_ID": "Clinical Finding",
          "INVALID_REASON": "V"
        },
        "includeMapped": false,
        "includeDescendants": false
      },
      {
        "isExcluded": false,
        "concept": {
          "INVALID_REASON_CAPTION": "Valid",
          "CONCEPT_ID": 4228802,
          "STANDARD_CONCEPT": "S",
          "CONCEPT_CODE": "40379007",
          "VOCABULARY_ID": "SNOMED",
          "CONCEPT_NAME": "Mild recurrent major depression",
          "DOMAIN_ID": "Condition",
          "STANDARD_CONCEPT_CAPTION": "Standard",
          "CONCEPT_CLASS_ID": "Clinical Finding",
          "INVALID_REASON": "V"
        },
        "includeMapped": false,
        "includeDescendants": false
      },
      {
        "isExcluded": false,
        "concept": {
          "INVALID_REASON_CAPTION": "Valid",
          "CONCEPT_ID": 4250023,
          "STANDARD_CONCEPT": "S",
          "CONCEPT_CODE": "73867007",
          "VOCABULARY_ID": "SNOMED",
          "CONCEPT_NAME": "Severe major depression with psychotic features",
          "DOMAIN_ID": "Condition",
          "STANDARD_CONCEPT_CAPTION": "Standard",
          "CONCEPT_CLASS_ID": "Clinical Finding",
          "INVALID_REASON": "V"
        },
        "includeMapped": false,
        "includeDescendants": false
      },
      {
        "isExcluded": false,
        "concept": {
          "INVALID_REASON_CAPTION": "Valid",
          "CONCEPT_ID": 4282316,
          "STANDARD_CONCEPT": "S",
          "CONCEPT_CODE": "66344007",
          "VOCABULARY_ID": "SNOMED",
          "CONCEPT_NAME": "Recurrent major depression",
          "DOMAIN_ID": "Condition",
          "STANDARD_CONCEPT_CAPTION": "Standard",
          "CONCEPT_CLASS_ID": "Clinical Finding",
          "INVALID_REASON": "V"
        },
        "includeMapped": false,
        "includeDescendants": false
      },
      {
        "isExcluded": false,
        "concept": {
          "INVALID_REASON_CAPTION": "Valid",
          "CONCEPT_ID": 4307111,
          "STANDARD_CONCEPT": "S",
          "CONCEPT_CODE": "832007",
          "VOCABULARY_ID": "SNOMED",
          "CONCEPT_NAME": "Moderate major depression",
          "DOMAIN_ID": "Condition",
          "STANDARD_CONCEPT_CAPTION": "Standard",
          "CONCEPT_CLASS_ID": "Clinical Finding",
          "INVALID_REASON": "V"
        },
        "includeMapped": false,
        "includeDescendants": false
      },
      {
        "isExcluded": false,
        "concept": {
          "INVALID_REASON_CAPTION": "Valid",
          "CONCEPT_ID": 4310821,
          "STANDARD_CONCEPT": "S",
          "CONCEPT_CODE": "85248005",
          "VOCABULARY_ID": "SNOMED",
          "CONCEPT_NAME": "Bipolar disorder in remission",
          "DOMAIN_ID": "Condition",
          "STANDARD_CONCEPT_CAPTION": "Standard",
          "CONCEPT_CLASS_ID": "Clinical Finding",
          "INVALID_REASON": "V"
        },
        "includeMapped": false,
        "includeDescendants": false
      },
      {
        "isExcluded": false,
        "concept": {
          "INVALID_REASON_CAPTION": "Valid",
          "CONCEPT_ID": 4327337,
          "STANDARD_CONCEPT": "S",
          "CONCEPT_CODE": "75084000",
          "VOCABULARY_ID": "SNOMED",
          "CONCEPT_NAME": "Severe major depression without psychotic features",
          "DOMAIN_ID": "Condition",
          "STANDARD_CONCEPT_CAPTION": "Standard",
          "CONCEPT_CLASS_ID": "Clinical Finding",
          "INVALID_REASON": "V"
        },
        "includeMapped": false,
        "includeDescendants": false
      },
      {
        "isExcluded": false,
        "concept": {
          "INVALID_REASON_CAPTION": "Valid",
          "CONCEPT_ID": 4333677,
          "STANDARD_CONCEPT": "S",
          "CONCEPT_CODE": "231494001",
          "VOCABULARY_ID": "SNOMED",
          "CONCEPT_NAME": "Mania",
          "DOMAIN_ID": "Condition",
          "STANDARD_CONCEPT_CAPTION": "Standard",
          "CONCEPT_CLASS_ID": "Clinical Finding",
          "INVALID_REASON": "V"
        },
        "includeMapped": false,
        "includeDescendants": false
      },
      {
        "isExcluded": false,
        "concept": {
          "INVALID_REASON_CAPTION": "Valid",
          "CONCEPT_ID": 4333678,
          "STANDARD_CONCEPT": "S",
          "CONCEPT_CODE": "231496004",
          "VOCABULARY_ID": "SNOMED",
          "CONCEPT_NAME": "Hypomania",
          "DOMAIN_ID": "Condition",
          "STANDARD_CONCEPT_CAPTION": "Standard",
          "CONCEPT_CLASS_ID": "Clinical Finding",
          "INVALID_REASON": "V"
        },
        "includeMapped": false,
        "includeDescendants": false
      },
      {
        "isExcluded": false,
        "concept": {
          "INVALID_REASON_CAPTION": "Valid",
          "CONCEPT_ID": 4336957,
          "STANDARD_CONCEPT": "S",
          "CONCEPT_CODE": "87512008",
          "VOCABULARY_ID": "SNOMED",
          "CONCEPT_NAME": "Mild major depression",
          "DOMAIN_ID": "Condition",
          "STANDARD_CONCEPT_CAPTION": "Standard",
          "CONCEPT_CLASS_ID": "Clinical Finding",
          "INVALID_REASON": "V"
        },
        "includeMapped": false,
        "includeDescendants": false
      },
      {
        "isExcluded": false,
        "concept": {
          "INVALID_REASON_CAPTION": "Valid",
          "CONCEPT_ID": 35610112,
          "STANDARD_CONCEPT": "S",
          "CONCEPT_CODE": "1089681000000108",
          "VOCABULARY_ID": "SNOMED",
          "CONCEPT_NAME": "Mania with psychotic features",
          "DOMAIN_ID": "Condition",
          "STANDARD_CONCEPT_CAPTION": "Standard",
          "CONCEPT_CLASS_ID": "Clinical Finding",
          "INVALID_REASON": "V"
        },
        "includeMapped": false,
        "includeDescendants": false
      },
      {
        "isExcluded": false,
        "concept": {
          "INVALID_REASON_CAPTION": "Valid",
          "CONCEPT_ID": 35622934,
          "STANDARD_CONCEPT": "S",
          "CONCEPT_CODE": "765176007",
          "VOCABULARY_ID": "SNOMED",
          "CONCEPT_NAME": "Psychosis and severe depression co-occurrent and due to bipolar affective disorder",
          "DOMAIN_ID": "Condition",
          "STANDARD_CONCEPT_CAPTION": "Standard",
          "CONCEPT_CLASS_ID": "Clinical Finding",
          "INVALID_REASON": "V"
        },
        "includeMapped": false,
        "includeDescendants": false
      },
      {
        "isExcluded": false,
        "concept": {
          "INVALID_REASON_CAPTION": "Valid",
          "CONCEPT_ID": 198131,
          "STANDARD_CONCEPT": "S",
          "CONCEPT_CODE": "71787009",
          "VOCABULARY_ID": "SNOMED",
          "CONCEPT_NAME": "Psychologic vaginismus",
          "DOMAIN_ID": "Condition",
          "STANDARD_CONCEPT_CAPTION": "Standard",
          "CONCEPT_CLASS_ID": "Clinical Finding",
          "INVALID_REASON": "V"
        },
        "includeMapped": false,
        "includeDescendants": false
      },
      {
        "isExcluded": false,
        "concept": {
          "INVALID_REASON_CAPTION": "Valid",
          "CONCEPT_ID": 44782778,
          "STANDARD_CONCEPT": "S",
          "CONCEPT_CODE": "381000119107",
          "VOCABULARY_ID": "SNOMED",
          "CONCEPT_NAME": "Pain disorder with psychological factor",
          "DOMAIN_ID": "Condition",
          "STANDARD_CONCEPT_CAPTION": "Standard",
          "CONCEPT_CLASS_ID": "Clinical Finding",
          "INVALID_REASON": "V"
        },
        "includeMapped": false,
        "includeDescendants": false
      },
      {
        "isExcluded": false,
        "concept": {
          "INVALID_REASON_CAPTION": "Valid",
          "CONCEPT_ID": 44782710,
          "STANDARD_CONCEPT": "S",
          "CONCEPT_CODE": "21921000119103",
          "VOCABULARY_ID": "SNOMED",
          "CONCEPT_NAME": "Dementia due to Pick's disease",
          "DOMAIN_ID": "Condition",
          "STANDARD_CONCEPT_CAPTION": "Standard",
          "CONCEPT_CLASS_ID": "Clinical Finding",
          "INVALID_REASON": "V"
        },
        "includeMapped": false,
        "includeDescendants": false
      },
      {
        "isExcluded": false,
        "concept": {
          "INVALID_REASON_CAPTION": "Valid",
          "CONCEPT_ID": 43021805,
          "STANDARD_CONCEPT": "S",
          "CONCEPT_CODE": "473457009",
          "VOCABULARY_ID": "SNOMED",
          "CONCEPT_NAME": "Obsessional personality disorder",
          "DOMAIN_ID": "Condition",
          "STANDARD_CONCEPT_CAPTION": "Standard",
          "CONCEPT_CLASS_ID": "Clinical Finding",
          "INVALID_REASON": "V"
        },
        "includeMapped": false,
        "includeDescendants": false
      },
      {
        "isExcluded": false,
        "concept": {
          "INVALID_REASON_CAPTION": "Valid",
          "CONCEPT_ID": 43021804,
          "STANDARD_CONCEPT": "S",
          "CONCEPT_CODE": "473456000",
          "VOCABULARY_ID": "SNOMED",
          "CONCEPT_NAME": "Compulsive personality disorder",
          "DOMAIN_ID": "Condition",
          "STANDARD_CONCEPT_CAPTION": "Standard",
          "CONCEPT_CLASS_ID": "Clinical Finding",
          "INVALID_REASON": "V"
        },
        "includeMapped": false,
        "includeDescendants": false
      },
      {
        "isExcluded": false,
        "concept": {
          "INVALID_REASON_CAPTION": "Valid",
          "CONCEPT_ID": 43021205,
          "STANDARD_CONCEPT": "S",
          "CONCEPT_CODE": "472989003",
          "VOCABULARY_ID": "SNOMED",
          "CONCEPT_NAME": "Dual-role transvestism",
          "DOMAIN_ID": "Condition",
          "STANDARD_CONCEPT_CAPTION": "Standard",
          "CONCEPT_CLASS_ID": "Clinical Finding",
          "INVALID_REASON": "V"
        },
        "includeMapped": false,
        "includeDescendants": false
      },
      {
        "isExcluded": false,
        "concept": {
          "INVALID_REASON_CAPTION": "Valid",
          "CONCEPT_ID": 43021197,
          "STANDARD_CONCEPT": "S",
          "CONCEPT_CODE": "472981000",
          "VOCABULARY_ID": "SNOMED",
          "CONCEPT_NAME": "Fetishistic transvestism",
          "DOMAIN_ID": "Condition",
          "STANDARD_CONCEPT_CAPTION": "Standard",
          "CONCEPT_CLASS_ID": "Clinical Finding",
          "INVALID_REASON": "V"
        },
        "includeMapped": false,
        "includeDescendants": false
      },
      {
        "isExcluded": false,
        "concept": {
          "INVALID_REASON_CAPTION": "Valid",
          "CONCEPT_ID": 40483103,
          "STANDARD_CONCEPT": "S",
          "CONCEPT_CODE": "442344002",
          "VOCABULARY_ID": "SNOMED",
          "CONCEPT_NAME": "Dementia due to Huntington chorea",
          "DOMAIN_ID": "Condition",
          "STANDARD_CONCEPT_CAPTION": "Standard",
          "CONCEPT_CLASS_ID": "Clinical Finding",
          "INVALID_REASON": "V"
        },
        "includeMapped": false,
        "includeDescendants": false
      },
      {
        "isExcluded": false,
        "concept": {
          "INVALID_REASON_CAPTION": "Valid",
          "CONCEPT_ID": 37111242,
          "STANDARD_CONCEPT": "S",
          "CONCEPT_CODE": "725898002",
          "VOCABULARY_ID": "SNOMED",
          "CONCEPT_NAME": "Delirium co-occurrent with dementia",
          "DOMAIN_ID": "Condition",
          "STANDARD_CONCEPT_CAPTION": "Standard",
          "CONCEPT_CLASS_ID": "Clinical Finding",
          "INVALID_REASON": "V"
        },
        "includeMapped": false,
        "includeDescendants": false
      },
      {
        "isExcluded": false,
        "concept": {
          "INVALID_REASON_CAPTION": "Valid",
          "CONCEPT_ID": 37017319,
          "STANDARD_CONCEPT": "S",
          "CONCEPT_CODE": "713571008",
          "VOCABULARY_ID": "SNOMED",
          "CONCEPT_NAME": "Disorder of central nervous system co-occurrent with human immunodeficiency virus infection",
          "DOMAIN_ID": "Condition",
          "STANDARD_CONCEPT_CAPTION": "Standard",
          "CONCEPT_CLASS_ID": "Clinical Finding",
          "INVALID_REASON": "V"
        },
        "includeMapped": false,
        "includeDescendants": false
      },
      {
        "isExcluded": false,
        "concept": {
          "INVALID_REASON_CAPTION": "Valid",
          "CONCEPT_ID": 37016741,
          "STANDARD_CONCEPT": "S",
          "CONCEPT_CODE": "712850003",
          "VOCABULARY_ID": "SNOMED",
          "CONCEPT_NAME": "Acute polymorphic psychotic disorder co-occurrent with symptoms of schizophrenia",
          "DOMAIN_ID": "Condition",
          "STANDARD_CONCEPT_CAPTION": "Standard",
          "CONCEPT_CLASS_ID": "Clinical Finding",
          "INVALID_REASON": "V"
        },
        "includeMapped": false,
        "includeDescendants": false
      },
      {
        "isExcluded": false,
        "concept": {
          "INVALID_REASON_CAPTION": "Valid",
          "CONCEPT_ID": 37016719,
          "STANDARD_CONCEPT": "S",
          "CONCEPT_CODE": "712824002",
          "VOCABULARY_ID": "SNOMED",
          "CONCEPT_NAME": "Acute polymorphic psychotic disorder without symptoms of schizophrenia",
          "DOMAIN_ID": "Condition",
          "STANDARD_CONCEPT_CAPTION": "Standard",
          "CONCEPT_CLASS_ID": "Clinical Finding",
          "INVALID_REASON": "V"
        },
        "includeMapped": false,
        "includeDescendants": false
      },
      {
        "isExcluded": false,
        "concept": {
          "INVALID_REASON_CAPTION": "Valid",
          "CONCEPT_ID": 35623653,
          "STANDARD_CONCEPT": "S",
          "CONCEPT_CODE": "766068002",
          "VOCABULARY_ID": "SNOMED",
          "CONCEPT_NAME": "Sexual relationship problem",
          "DOMAIN_ID": "Condition",
          "STANDARD_CONCEPT_CAPTION": "Standard",
          "CONCEPT_CLASS_ID": "Clinical Finding",
          "INVALID_REASON": "V"
        },
        "includeMapped": false,
        "includeDescendants": false
      },
      {
        "isExcluded": false,
        "concept": {
          "INVALID_REASON_CAPTION": "Valid",
          "CONCEPT_ID": 4338512,
          "STANDARD_CONCEPT": "S",
          "CONCEPT_CODE": "87991007",
          "VOCABULARY_ID": "SNOMED",
          "CONCEPT_NAME": "Gender identity disorder",
          "DOMAIN_ID": "Condition",
          "STANDARD_CONCEPT_CAPTION": "Standard",
          "CONCEPT_CLASS_ID": "Clinical Finding",
          "INVALID_REASON": "V"
        },
        "includeMapped": false,
        "includeDescendants": false
      },
      {
        "isExcluded": false,
        "concept": {
          "INVALID_REASON_CAPTION": "Valid",
          "CONCEPT_ID": 4338035,
          "STANDARD_CONCEPT": "S",
          "CONCEPT_CODE": "231519007",
          "VOCABULARY_ID": "SNOMED",
          "CONCEPT_NAME": "Depersonalization-derealization syndrome",
          "DOMAIN_ID": "Condition",
          "STANDARD_CONCEPT_CAPTION": "Standard",
          "CONCEPT_CLASS_ID": "Clinical Finding",
          "INVALID_REASON": "V"
        },
        "includeMapped": false,
        "includeDescendants": false
      },
      {
        "isExcluded": false,
        "concept": {
          "INVALID_REASON_CAPTION": "Valid",
          "CONCEPT_ID": 4338031,
          "STANDARD_CONCEPT": "S",
          "CONCEPT_CODE": "231504006",
          "VOCABULARY_ID": "SNOMED",
          "CONCEPT_NAME": "Mixed anxiety and depressive disorder",
          "DOMAIN_ID": "Condition",
          "STANDARD_CONCEPT_CAPTION": "Standard",
          "CONCEPT_CLASS_ID": "Clinical Finding",
          "INVALID_REASON": "V"
        },
        "includeMapped": false,
        "includeDescendants": false
      },
      {
        "isExcluded": false,
        "concept": {
          "INVALID_REASON_CAPTION": "Valid",
          "CONCEPT_ID": 4338019,
          "STANDARD_CONCEPT": "S",
          "CONCEPT_CODE": "231446000",
          "VOCABULARY_ID": "SNOMED",
          "CONCEPT_NAME": "Organic emotionally labile disorder",
          "DOMAIN_ID": "Condition",
          "STANDARD_CONCEPT_CAPTION": "Standard",
          "CONCEPT_CLASS_ID": "Clinical Finding",
          "INVALID_REASON": "V"
        },
        "includeMapped": false,
        "includeDescendants": false
      },
      {
        "isExcluded": false,
        "concept": {
          "INVALID_REASON_CAPTION": "Valid",
          "CONCEPT_ID": 4338018,
          "STANDARD_CONCEPT": "S",
          "CONCEPT_CODE": "231445001",
          "VOCABULARY_ID": "SNOMED",
          "CONCEPT_NAME": "Organic dissociative disorder",
          "DOMAIN_ID": "Condition",
          "STANDARD_CONCEPT_CAPTION": "Standard",
          "CONCEPT_CLASS_ID": "Clinical Finding",
          "INVALID_REASON": "V"
        },
        "includeMapped": false,
        "includeDescendants": false
      },
      {
        "isExcluded": false,
        "concept": {
          "INVALID_REASON_CAPTION": "Valid",
          "CONCEPT_ID": 4335174,
          "STANDARD_CONCEPT": "S",
          "CONCEPT_CODE": "231532002",
          "VOCABULARY_ID": "SNOMED",
          "CONCEPT_NAME": "Sexual disorder",
          "DOMAIN_ID": "Condition",
          "STANDARD_CONCEPT_CAPTION": "Standard",
          "CONCEPT_CLASS_ID": "Clinical Finding",
          "INVALID_REASON": "V"
        },
        "includeMapped": false,
        "includeDescendants": false
      },
      {
        "isExcluded": false,
        "concept": {
          "INVALID_REASON_CAPTION": "Valid",
          "CONCEPT_ID": 4335169,
          "STANDARD_CONCEPT": "S",
          "CONCEPT_CODE": "231489001",
          "VOCABULARY_ID": "SNOMED",
          "CONCEPT_NAME": "Acute transient psychotic disorder",
          "DOMAIN_ID": "Condition",
          "STANDARD_CONCEPT_CAPTION": "Standard",
          "CONCEPT_CLASS_ID": "Clinical Finding",
          "INVALID_REASON": "V"
        },
        "includeMapped": false,
        "includeDescendants": false
      },
      {
        "isExcluded": false,
        "concept": {
          "INVALID_REASON_CAPTION": "Valid",
          "CONCEPT_ID": 4335168,
          "STANDARD_CONCEPT": "S",
          "CONCEPT_CODE": "231487004",
          "VOCABULARY_ID": "SNOMED",
          "CONCEPT_NAME": "Persistent delusional disorder",
          "DOMAIN_ID": "Condition",
          "STANDARD_CONCEPT_CAPTION": "Standard",
          "CONCEPT_CLASS_ID": "Clinical Finding",
          "INVALID_REASON": "V"
        },
        "includeMapped": false,
        "includeDescendants": false
      },
      {
        "isExcluded": false,
        "concept": {
          "INVALID_REASON_CAPTION": "Valid",
          "CONCEPT_ID": 4335159,
          "STANDARD_CONCEPT": "S",
          "CONCEPT_CODE": "231442003",
          "VOCABULARY_ID": "SNOMED",
          "CONCEPT_NAME": "Organic catatonic disorder",
          "DOMAIN_ID": "Condition",
          "STANDARD_CONCEPT_CAPTION": "Standard",
          "CONCEPT_CLASS_ID": "Clinical Finding",
          "INVALID_REASON": "V"
        },
        "includeMapped": false,
        "includeDescendants": false
      },
      {
        "isExcluded": false,
        "concept": {
          "INVALID_REASON_CAPTION": "Valid",
          "CONCEPT_ID": 4333684,
          "STANDARD_CONCEPT": "S",
          "CONCEPT_CODE": "231523004",
          "VOCABULARY_ID": "SNOMED",
          "CONCEPT_NAME": "Atypical bulimia nervosa",
          "DOMAIN_ID": "Condition",
          "STANDARD_CONCEPT_CAPTION": "Standard",
          "CONCEPT_CLASS_ID": "Clinical Finding",
          "INVALID_REASON": "V"
        },
        "includeMapped": false,
        "includeDescendants": false
      },
      {
        "isExcluded": false,
        "concept": {
          "INVALID_REASON_CAPTION": "Valid",
          "CONCEPT_ID": 4333683,
          "STANDARD_CONCEPT": "S",
          "CONCEPT_CODE": "231522009",
          "VOCABULARY_ID": "SNOMED",
          "CONCEPT_NAME": "Atypical anorexia nervosa",
          "DOMAIN_ID": "Condition",
          "STANDARD_CONCEPT_CAPTION": "Standard",
          "CONCEPT_CLASS_ID": "Clinical Finding",
          "INVALID_REASON": "V"
        },
        "includeMapped": false,
        "includeDescendants": false
      },
      {
        "isExcluded": false,
        "concept": {
          "INVALID_REASON_CAPTION": "Valid",
          "CONCEPT_ID": 4333680,
          "STANDARD_CONCEPT": "S",
          "CONCEPT_CODE": "231517009",
          "VOCABULARY_ID": "SNOMED",
          "CONCEPT_NAME": "Somatoform autonomic dysfunction",
          "DOMAIN_ID": "Condition",
          "STANDARD_CONCEPT_CAPTION": "Standard",
          "CONCEPT_CLASS_ID": "Clinical Finding",
          "INVALID_REASON": "V"
        },
        "includeMapped": false,
        "includeDescendants": false
      },
      {
        "isExcluded": false,
        "concept": {
          "INVALID_REASON_CAPTION": "Valid",
          "CONCEPT_ID": 4333000,
          "STANDARD_CONCEPT": "S",
          "CONCEPT_CODE": "231520001",
          "VOCABULARY_ID": "SNOMED",
          "CONCEPT_NAME": "Behavioral syndrome associated with physiological disturbance and physical factors",
          "DOMAIN_ID": "Condition",
          "STANDARD_CONCEPT_CAPTION": "Standard",
          "CONCEPT_CLASS_ID": "Clinical Finding",
          "INVALID_REASON": "V"
        },
        "includeMapped": false,
        "includeDescendants": false
      },
      {
        "isExcluded": false,
        "concept": {
          "INVALID_REASON_CAPTION": "Valid",
          "CONCEPT_ID": 4332994,
          "STANDARD_CONCEPT": "S",
          "CONCEPT_CODE": "231485007",
          "VOCABULARY_ID": "SNOMED",
          "CONCEPT_NAME": "Post-schizophrenic depression",
          "DOMAIN_ID": "Condition",
          "STANDARD_CONCEPT_CAPTION": "Standard",
          "CONCEPT_CLASS_ID": "Clinical Finding",
          "INVALID_REASON": "V"
        },
        "includeMapped": false,
        "includeDescendants": false
      },
      {
        "isExcluded": false,
        "concept": {
          "INVALID_REASON_CAPTION": "Valid",
          "CONCEPT_ID": 4321835,
          "STANDARD_CONCEPT": "S",
          "CONCEPT_CODE": "70691001",
          "VOCABULARY_ID": "SNOMED",
          "CONCEPT_NAME": "Agoraphobia",
          "DOMAIN_ID": "Condition",
          "STANDARD_CONCEPT_CAPTION": "Standard",
          "CONCEPT_CLASS_ID": "Clinical Finding",
          "INVALID_REASON": "V"
        },
        "includeMapped": false,
        "includeDescendants": false
      },
      {
        "isExcluded": false,
        "concept": {
          "INVALID_REASON_CAPTION": "Valid",
          "CONCEPT_ID": 4318861,
          "STANDARD_CONCEPT": "S",
          "CONCEPT_CODE": "95636001",
          "VOCABULARY_ID": "SNOMED",
          "CONCEPT_NAME": "Sadomasochism",
          "DOMAIN_ID": "Condition",
          "STANDARD_CONCEPT_CAPTION": "Standard",
          "CONCEPT_CLASS_ID": "Clinical Finding",
          "INVALID_REASON": "V"
        },
        "includeMapped": false,
        "includeDescendants": false
      },
      {
        "isExcluded": false,
        "concept": {
          "INVALID_REASON_CAPTION": "Valid",
          "CONCEPT_ID": 4314734,
          "STANDARD_CONCEPT": "S",
          "CONCEPT_CODE": "425390006",
          "VOCABULARY_ID": "SNOMED",
          "CONCEPT_NAME": "Dementia associated with Parkinson's Disease",
          "DOMAIN_ID": "Condition",
          "STANDARD_CONCEPT_CAPTION": "Standard",
          "CONCEPT_CLASS_ID": "Clinical Finding",
          "INVALID_REASON": "V"
        },
        "includeMapped": false,
        "includeDescendants": false
      },
      {
        "isExcluded": false,
        "concept": {
          "INVALID_REASON_CAPTION": "Valid",
          "CONCEPT_ID": 4313860,
          "STANDARD_CONCEPT": "S",
          "CONCEPT_CODE": "86571001",
          "VOCABULARY_ID": "SNOMED",
          "CONCEPT_NAME": "Finding related to maturity of sexuality",
          "DOMAIN_ID": "Condition",
          "STANDARD_CONCEPT_CAPTION": "Standard",
          "CONCEPT_CLASS_ID": "Clinical Finding",
          "INVALID_REASON": "V"
        },
        "includeMapped": false,
        "includeDescendants": false
      },
      {
        "isExcluded": false,
        "concept": {
          "INVALID_REASON_CAPTION": "Valid",
          "CONCEPT_ID": 4304010,
          "STANDARD_CONCEPT": "S",
          "CONCEPT_CODE": "386810004",
          "VOCABULARY_ID": "SNOMED",
          "CONCEPT_NAME": "Phobic disorder",
          "DOMAIN_ID": "Condition",
          "STANDARD_CONCEPT_CAPTION": "Standard",
          "CONCEPT_CLASS_ID": "Clinical Finding",
          "INVALID_REASON": "V"
        },
        "includeMapped": false,
        "includeDescendants": false
      },
      {
        "isExcluded": false,
        "concept": {
          "INVALID_REASON_CAPTION": "Valid",
          "CONCEPT_ID": 4297400,
          "STANDARD_CONCEPT": "S",
          "CONCEPT_CODE": "386805003",
          "VOCABULARY_ID": "SNOMED",
          "CONCEPT_NAME": "Mild cognitive disorder",
          "DOMAIN_ID": "Condition",
          "STANDARD_CONCEPT_CAPTION": "Standard",
          "CONCEPT_CLASS_ID": "Clinical Finding",
          "INVALID_REASON": "V"
        },
        "includeMapped": false,
        "includeDescendants": false
      },
      {
        "isExcluded": false,
        "concept": {
          "INVALID_REASON_CAPTION": "Valid",
          "CONCEPT_ID": 4286201,
          "STANDARD_CONCEPT": "S",
          "CONCEPT_CODE": "68890003",
          "VOCABULARY_ID": "SNOMED",
          "CONCEPT_NAME": "Schizoaffective disorder",
          "DOMAIN_ID": "Condition",
          "STANDARD_CONCEPT_CAPTION": "Standard",
          "CONCEPT_CLASS_ID": "Clinical Finding",
          "INVALID_REASON": "V"
        },
        "includeMapped": false,
        "includeDescendants": false
      },
      {
        "isExcluded": false,
        "concept": {
          "INVALID_REASON_CAPTION": "Valid",
          "CONCEPT_ID": 4232324,
          "STANDARD_CONCEPT": "S",
          "CONCEPT_CODE": "89675003",
          "VOCABULARY_ID": "SNOMED",
          "CONCEPT_NAME": "Sleep terror disorder",
          "DOMAIN_ID": "Condition",
          "STANDARD_CONCEPT_CAPTION": "Standard",
          "CONCEPT_CLASS_ID": "Clinical Finding",
          "INVALID_REASON": "V"
        },
        "includeMapped": false,
        "includeDescendants": false
      },
      {
        "isExcluded": false,
        "concept": {
          "INVALID_REASON_CAPTION": "Valid",
          "CONCEPT_ID": 4231241,
          "STANDARD_CONCEPT": "S",
          "CONCEPT_CODE": "407374003",
          "VOCABULARY_ID": "SNOMED",
          "CONCEPT_NAME": "Transsexual",
          "DOMAIN_ID": "Condition",
          "STANDARD_CONCEPT_CAPTION": "Standard",
          "CONCEPT_CLASS_ID": "Clinical Finding",
          "INVALID_REASON": "V"
        },
        "includeMapped": false,
        "includeDescendants": false
      },
      {
        "isExcluded": false,
        "concept": {
          "INVALID_REASON_CAPTION": "Valid",
          "CONCEPT_ID": 4229086,
          "STANDARD_CONCEPT": "S",
          "CONCEPT_CODE": "40673001",
          "VOCABULARY_ID": "SNOMED",
          "CONCEPT_NAME": "Post-encephalitic syndrome",
          "DOMAIN_ID": "Condition",
          "STANDARD_CONCEPT_CAPTION": "Standard",
          "CONCEPT_CLASS_ID": "Clinical Finding",
          "INVALID_REASON": "V"
        },
        "includeMapped": false,
        "includeDescendants": false
      },
      {
        "isExcluded": false,
        "concept": {
          "INVALID_REASON_CAPTION": "Valid",
          "CONCEPT_ID": 4224940,
          "STANDARD_CONCEPT": "S",
          "CONCEPT_CODE": "84760002",
          "VOCABULARY_ID": "SNOMED",
          "CONCEPT_NAME": "Schizoaffective disorder, depressive type",
          "DOMAIN_ID": "Condition",
          "STANDARD_CONCEPT_CAPTION": "Standard",
          "CONCEPT_CLASS_ID": "Clinical Finding",
          "INVALID_REASON": "V"
        },
        "includeMapped": false,
        "includeDescendants": false
      },
      {
        "isExcluded": false,
        "concept": {
          "INVALID_REASON_CAPTION": "Valid",
          "CONCEPT_ID": 4221288,
          "STANDARD_CONCEPT": "S",
          "CONCEPT_CODE": "82636008",
          "VOCABULARY_ID": "SNOMED",
          "CONCEPT_NAME": "Orgasm disorder",
          "DOMAIN_ID": "Condition",
          "STANDARD_CONCEPT_CAPTION": "Standard",
          "CONCEPT_CLASS_ID": "Clinical Finding",
          "INVALID_REASON": "V"
        },
        "includeMapped": false,
        "includeDescendants": false
      },
      {
        "isExcluded": false,
        "concept": {
          "INVALID_REASON_CAPTION": "Valid",
          "CONCEPT_ID": 4208120,
          "STANDARD_CONCEPT": "S",
          "CONCEPT_CODE": "55728007",
          "VOCABULARY_ID": "SNOMED",
          "CONCEPT_NAME": "Sexual aversion disorder",
          "DOMAIN_ID": "Condition",
          "STANDARD_CONCEPT_CAPTION": "Standard",
          "CONCEPT_CLASS_ID": "Clinical Finding",
          "INVALID_REASON": "V"
        },
        "includeMapped": false,
        "includeDescendants": false
      },
      {
        "isExcluded": false,
        "concept": {
          "INVALID_REASON_CAPTION": "Valid",
          "CONCEPT_ID": 4195865,
          "STANDARD_CONCEPT": "S",
          "CONCEPT_CODE": "67698009",
          "VOCABULARY_ID": "SNOMED",
          "CONCEPT_NAME": "Obsessional thoughts",
          "DOMAIN_ID": "Condition",
          "STANDARD_CONCEPT_CAPTION": "Standard",
          "CONCEPT_CLASS_ID": "Clinical Finding",
          "INVALID_REASON": "V"
        },
        "includeMapped": false,
        "includeDescendants": false
      },
      {
        "isExcluded": false,
        "concept": {
          "INVALID_REASON_CAPTION": "Valid",
          "CONCEPT_ID": 4182847,
          "STANDARD_CONCEPT": "S",
          "CONCEPT_CODE": "54587008",
          "VOCABULARY_ID": "SNOMED",
          "CONCEPT_NAME": "Simple phobia",
          "DOMAIN_ID": "Condition",
          "STANDARD_CONCEPT_CAPTION": "Standard",
          "CONCEPT_CLASS_ID": "Clinical Finding",
          "INVALID_REASON": "V"
        },
        "includeMapped": false,
        "includeDescendants": false
      },
      {
        "isExcluded": false,
        "concept": {
          "INVALID_REASON_CAPTION": "Valid",
          "CONCEPT_ID": 4182210,
          "STANDARD_CONCEPT": "S",
          "CONCEPT_CODE": "52448006",
          "VOCABULARY_ID": "SNOMED",
          "CONCEPT_NAME": "Dementia",
          "DOMAIN_ID": "Condition",
          "STANDARD_CONCEPT_CAPTION": "Standard",
          "CONCEPT_CLASS_ID": "Clinical Finding",
          "INVALID_REASON": "V"
        },
        "includeMapped": false,
        "includeDescendants": false
      },
      {
        "isExcluded": false,
        "concept": {
          "INVALID_REASON_CAPTION": "Valid",
          "CONCEPT_ID": 4180284,
          "STANDARD_CONCEPT": "S",
          "CONCEPT_CODE": "429458009",
          "VOCABULARY_ID": "SNOMED",
          "CONCEPT_NAME": "Dementia due to Creutzfeldt Jakob disease",
          "DOMAIN_ID": "Condition",
          "STANDARD_CONCEPT_CAPTION": "Standard",
          "CONCEPT_CLASS_ID": "Clinical Finding",
          "INVALID_REASON": "V"
        },
        "includeMapped": false,
        "includeDescendants": false
      },
      {
        "isExcluded": false,
        "concept": {
          "INVALID_REASON_CAPTION": "Valid",
          "CONCEPT_ID": 4173740,
          "STANDARD_CONCEPT": "S",
          "CONCEPT_CODE": "50299009",
          "VOCABULARY_ID": "SNOMED",
          "CONCEPT_NAME": "Paraphilia",
          "DOMAIN_ID": "Condition",
          "STANDARD_CONCEPT_CAPTION": "Standard",
          "CONCEPT_CLASS_ID": "Clinical Finding",
          "INVALID_REASON": "V"
        },
        "includeMapped": false,
        "includeDescendants": false
      },
      {
        "isExcluded": false,
        "concept": {
          "INVALID_REASON_CAPTION": "Valid",
          "CONCEPT_ID": 4170260,
          "STANDARD_CONCEPT": "S",
          "CONCEPT_CODE": "419145002",
          "VOCABULARY_ID": "SNOMED",
          "CONCEPT_NAME": "Nightmares",
          "DOMAIN_ID": "Condition",
          "STANDARD_CONCEPT_CAPTION": "Standard",
          "CONCEPT_CLASS_ID": "Clinical Finding",
          "INVALID_REASON": "V"
        },
        "includeMapped": false,
        "includeDescendants": false
      },
      {
        "isExcluded": false,
        "concept": {
          "INVALID_REASON_CAPTION": "Valid",
          "CONCEPT_ID": 4153292,
          "STANDARD_CONCEPT": "S",
          "CONCEPT_CODE": "271428004",
          "VOCABULARY_ID": "SNOMED",
          "CONCEPT_NAME": "Schizoaffective disorder, manic type",
          "DOMAIN_ID": "Condition",
          "STANDARD_CONCEPT_CAPTION": "Standard",
          "CONCEPT_CLASS_ID": "Clinical Finding",
          "INVALID_REASON": "V"
        },
        "includeMapped": false,
        "includeDescendants": false
      },
      {
        "isExcluded": false,
        "concept": {
          "INVALID_REASON_CAPTION": "Valid",
          "CONCEPT_ID": 4152972,
          "STANDARD_CONCEPT": "S",
          "CONCEPT_CODE": "270902002",
          "VOCABULARY_ID": "SNOMED",
          "CONCEPT_NAME": "Overeating associated with other psychological disturbances",
          "DOMAIN_ID": "Condition",
          "STANDARD_CONCEPT_CAPTION": "Standard",
          "CONCEPT_CLASS_ID": "Clinical Finding",
          "INVALID_REASON": "V"
        },
        "includeMapped": false,
        "includeDescendants": false
      },
      {
        "isExcluded": false,
        "concept": {
          "INVALID_REASON_CAPTION": "Valid",
          "CONCEPT_ID": 4152971,
          "STANDARD_CONCEPT": "S",
          "CONCEPT_CODE": "270901009",
          "VOCABULARY_ID": "SNOMED",
          "CONCEPT_NAME": "Schizoaffective disorder, mixed type",
          "DOMAIN_ID": "Condition",
          "STANDARD_CONCEPT_CAPTION": "Standard",
          "CONCEPT_CLASS_ID": "Clinical Finding",
          "INVALID_REASON": "V"
        },
        "includeMapped": false,
        "includeDescendants": false
      },
      {
        "isExcluded": false,
        "concept": {
          "INVALID_REASON_CAPTION": "Valid",
          "CONCEPT_ID": 4152371,
          "STANDARD_CONCEPT": "S",
          "CONCEPT_CODE": "271952001",
          "VOCABULARY_ID": "SNOMED",
          "CONCEPT_NAME": "Stress and adjustment reaction",
          "DOMAIN_ID": "Condition",
          "STANDARD_CONCEPT_CAPTION": "Standard",
          "CONCEPT_CLASS_ID": "Clinical Finding",
          "INVALID_REASON": "V"
        },
        "includeMapped": false,
        "includeDescendants": false
      },
      {
        "isExcluded": false,
        "concept": {
          "INVALID_REASON_CAPTION": "Valid",
          "CONCEPT_ID": 4152169,
          "STANDARD_CONCEPT": "S",
          "CONCEPT_CODE": "268723003",
          "VOCABULARY_ID": "SNOMED",
          "CONCEPT_NAME": "Failure of genital response",
          "DOMAIN_ID": "Condition",
          "STANDARD_CONCEPT_CAPTION": "Standard",
          "CONCEPT_CLASS_ID": "Clinical Finding",
          "INVALID_REASON": "V"
        },
        "includeMapped": false,
        "includeDescendants": false
      },
      {
        "isExcluded": false,
        "concept": {
          "INVALID_REASON_CAPTION": "Valid",
          "CONCEPT_ID": 4150800,
          "STANDARD_CONCEPT": "S",
          "CONCEPT_CODE": "268729004",
          "VOCABULARY_ID": "SNOMED",
          "CONCEPT_NAME": "Enduring personality change after catastrophic experience",
          "DOMAIN_ID": "Condition",
          "STANDARD_CONCEPT_CAPTION": "Standard",
          "CONCEPT_CLASS_ID": "Clinical Finding",
          "INVALID_REASON": "V"
        },
        "includeMapped": false,
        "includeDescendants": false
      },
      {
        "isExcluded": false,
        "concept": {
          "INVALID_REASON_CAPTION": "Valid",
          "CONCEPT_ID": 4150799,
          "STANDARD_CONCEPT": "S",
          "CONCEPT_CODE": "268715000",
          "VOCABULARY_ID": "SNOMED",
          "CONCEPT_NAME": "Dissociative motor disorder",
          "DOMAIN_ID": "Condition",
          "STANDARD_CONCEPT_CAPTION": "Standard",
          "CONCEPT_CLASS_ID": "Clinical Finding",
          "INVALID_REASON": "V"
        },
        "includeMapped": false,
        "includeDescendants": false
      },
      {
        "isExcluded": false,
        "concept": {
          "INVALID_REASON_CAPTION": "Valid",
          "CONCEPT_ID": 4148093,
          "STANDARD_CONCEPT": "S",
          "CONCEPT_CODE": "268727002",
          "VOCABULARY_ID": "SNOMED",
          "CONCEPT_NAME": "Abuse of non-dependence-producing substances",
          "DOMAIN_ID": "Condition",
          "STANDARD_CONCEPT_CAPTION": "Standard",
          "CONCEPT_CLASS_ID": "Clinical Finding",
          "INVALID_REASON": "V"
        },
        "includeMapped": false,
        "includeDescendants": false
      },
      {
        "isExcluded": false,
        "concept": {
          "INVALID_REASON_CAPTION": "Valid",
          "CONCEPT_ID": 4148093,
          "STANDARD_CONCEPT": "S",
          "CONCEPT_CODE": "268727002",
          "VOCABULARY_ID": "SNOMED",
          "CONCEPT_NAME": "Abuse of non-dependence-producing substances",
          "DOMAIN_ID": "Condition",
          "STANDARD_CONCEPT_CAPTION": "Standard",
          "CONCEPT_CLASS_ID": "Clinical Finding",
          "INVALID_REASON": "V"
        },
        "includeMapped": false,
        "includeDescendants": false
      },
      {
        "isExcluded": false,
        "concept": {
          "INVALID_REASON_CAPTION": "Valid",
          "CONCEPT_ID": 4148092,
          "STANDARD_CONCEPT": "S",
          "CONCEPT_CODE": "268724009",
          "VOCABULARY_ID": "SNOMED",
          "CONCEPT_NAME": "Excessive sexual drive",
          "DOMAIN_ID": "Condition",
          "STANDARD_CONCEPT_CAPTION": "Standard",
          "CONCEPT_CLASS_ID": "Clinical Finding",
          "INVALID_REASON": "V"
        },
        "includeMapped": false,
        "includeDescendants": false
      },
      {
        "isExcluded": false,
        "concept": {
          "INVALID_REASON_CAPTION": "Valid",
          "CONCEPT_ID": 4133495,
          "STANDARD_CONCEPT": "S",
          "CONCEPT_CODE": "278853003",
          "VOCABULARY_ID": "SNOMED",
          "CONCEPT_NAME": "Acute schizophrenia-like psychotic disorder",
          "DOMAIN_ID": "Condition",
          "STANDARD_CONCEPT_CAPTION": "Standard",
          "CONCEPT_CLASS_ID": "Clinical Finding",
          "INVALID_REASON": "V"
        },
        "includeMapped": false,
        "includeDescendants": false
      },
      {
        "isExcluded": false,
        "concept": {
          "INVALID_REASON_CAPTION": "Valid",
          "CONCEPT_ID": 4008566,
          "STANDARD_CONCEPT": "S",
          "CONCEPT_CODE": "111484002",
          "VOCABULARY_ID": "SNOMED",
          "CONCEPT_NAME": "Undifferentiated schizophrenia",
          "DOMAIN_ID": "Condition",
          "STANDARD_CONCEPT_CAPTION": "Standard",
          "CONCEPT_CLASS_ID": "Clinical Finding",
          "INVALID_REASON": "V"
        },
        "includeMapped": false,
        "includeDescendants": false
      },
      {
        "isExcluded": false,
        "concept": {
          "INVALID_REASON_CAPTION": "Valid",
          "CONCEPT_ID": 440083,
          "STANDARD_CONCEPT": "S",
          "CONCEPT_CODE": "67195008",
          "VOCABULARY_ID": "SNOMED",
          "CONCEPT_NAME": "Acute stress disorder",
          "DOMAIN_ID": "Condition",
          "STANDARD_CONCEPT_CAPTION": "Standard",
          "CONCEPT_CLASS_ID": "Clinical Finding",
          "INVALID_REASON": "V"
        },
        "includeMapped": false,
        "includeDescendants": false
      },
      {
        "isExcluded": false,
        "concept": {
          "INVALID_REASON_CAPTION": "Valid",
          "CONCEPT_ID": 434632,
          "STANDARD_CONCEPT": "S",
          "CONCEPT_CODE": "69361009",
          "VOCABULARY_ID": "SNOMED",
          "CONCEPT_NAME": "Kleptomania",
          "DOMAIN_ID": "Condition",
          "STANDARD_CONCEPT_CAPTION": "Standard",
          "CONCEPT_CLASS_ID": "Clinical Finding",
          "INVALID_REASON": "V"
        },
        "includeMapped": false,
        "includeDescendants": false
      },
      {
        "isExcluded": false,
        "concept": {
          "INVALID_REASON_CAPTION": "Valid",
          "CONCEPT_ID": 4130710,
          "STANDARD_CONCEPT": "S",
          "CONCEPT_CODE": "26453000",
          "VOCABULARY_ID": "SNOMED",
          "CONCEPT_NAME": "Mental disorder in adolescence",
          "DOMAIN_ID": "Condition",
          "STANDARD_CONCEPT_CAPTION": "Standard",
          "CONCEPT_CLASS_ID": "Clinical Finding",
          "INVALID_REASON": "V"
        },
        "includeMapped": false,
        "includeDescendants": false
      },
      {
        "isExcluded": false,
        "concept": {
          "INVALID_REASON_CAPTION": "Valid",
          "CONCEPT_ID": 4105190,
          "STANDARD_CONCEPT": "S",
          "CONCEPT_CODE": "192496000",
          "VOCABULARY_ID": "SNOMED",
          "CONCEPT_NAME": "Non-organic enduring personality change",
          "DOMAIN_ID": "Condition",
          "STANDARD_CONCEPT_CAPTION": "Standard",
          "CONCEPT_CLASS_ID": "Clinical Finding",
          "INVALID_REASON": "V"
        },
        "includeMapped": false,
        "includeDescendants": false
      },
      {
        "isExcluded": false,
        "concept": {
          "INVALID_REASON_CAPTION": "Valid",
          "CONCEPT_ID": 4103399,
          "STANDARD_CONCEPT": "S",
          "CONCEPT_CODE": "191765005",
          "VOCABULARY_ID": "SNOMED",
          "CONCEPT_NAME": "Emotionally unstable personality disorder",
          "DOMAIN_ID": "Condition",
          "STANDARD_CONCEPT_CAPTION": "Standard",
          "CONCEPT_CLASS_ID": "Clinical Finding",
          "INVALID_REASON": "V"
        },
        "includeMapped": false,
        "includeDescendants": false
      },
      {
        "isExcluded": false,
        "concept": {
          "INVALID_REASON_CAPTION": "Valid",
          "CONCEPT_ID": 4102985,
          "STANDARD_CONCEPT": "S",
          "CONCEPT_CODE": "192454004",
          "VOCABULARY_ID": "SNOMED",
          "CONCEPT_NAME": "Nonorganic insomnia",
          "DOMAIN_ID": "Condition",
          "STANDARD_CONCEPT_CAPTION": "Standard",
          "CONCEPT_CLASS_ID": "Clinical Finding",
          "INVALID_REASON": "V"
        },
        "includeMapped": false,
        "includeDescendants": false
      },
      {
        "isExcluded": false,
        "concept": {
          "INVALID_REASON_CAPTION": "Valid",
          "CONCEPT_ID": 4102984,
          "STANDARD_CONCEPT": "S",
          "CONCEPT_CODE": "192450008",
          "VOCABULARY_ID": "SNOMED",
          "CONCEPT_NAME": "Vomiting associated with other psychological disturbances",
          "DOMAIN_ID": "Condition",
          "STANDARD_CONCEPT_CAPTION": "Standard",
          "CONCEPT_CLASS_ID": "Clinical Finding",
          "INVALID_REASON": "V"
        },
        "includeMapped": false,
        "includeDescendants": false
      },
      {
        "isExcluded": false,
        "concept": {
          "INVALID_REASON_CAPTION": "Valid",
          "CONCEPT_ID": 4101149,
          "STANDARD_CONCEPT": "S",
          "CONCEPT_CODE": "191525009",
          "VOCABULARY_ID": "SNOMED",
          "CONCEPT_NAME": "Non-organic psychosis",
          "DOMAIN_ID": "Condition",
          "STANDARD_CONCEPT_CAPTION": "Standard",
          "CONCEPT_CLASS_ID": "Clinical Finding",
          "INVALID_REASON": "V"
        },
        "includeMapped": false,
        "includeDescendants": false
      },
      {
        "isExcluded": false,
        "concept": {
          "INVALID_REASON_CAPTION": "Valid",
          "CONCEPT_ID": 4100681,
          "STANDARD_CONCEPT": "S",
          "CONCEPT_CODE": "192527004",
          "VOCABULARY_ID": "SNOMED",
          "CONCEPT_NAME": "Elaboration of physical symptoms for psychological reasons",
          "DOMAIN_ID": "Condition",
          "STANDARD_CONCEPT_CAPTION": "Standard",
          "CONCEPT_CLASS_ID": "Clinical Finding",
          "INVALID_REASON": "V"
        },
        "includeMapped": false,
        "includeDescendants": false
      },
      {
        "isExcluded": false,
        "concept": {
          "INVALID_REASON_CAPTION": "Valid",
          "CONCEPT_ID": 444259,
          "STANDARD_CONCEPT": "S",
          "CONCEPT_CODE": "84209002",
          "VOCABULARY_ID": "SNOMED",
          "CONCEPT_NAME": "Psychogenic amnesia",
          "DOMAIN_ID": "Condition",
          "STANDARD_CONCEPT_CAPTION": "Standard",
          "CONCEPT_CLASS_ID": "Clinical Finding",
          "INVALID_REASON": "V"
        },
        "includeMapped": false,
        "includeDescendants": false
      },
      {
        "isExcluded": false,
        "concept": {
          "INVALID_REASON_CAPTION": "Valid",
          "CONCEPT_ID": 444243,
          "STANDARD_CONCEPT": "S",
          "CONCEPT_CODE": "111475002",
          "VOCABULARY_ID": "SNOMED",
          "CONCEPT_NAME": "Neurosis",
          "DOMAIN_ID": "Condition",
          "STANDARD_CONCEPT_CAPTION": "Standard",
          "CONCEPT_CLASS_ID": "Clinical Finding",
          "INVALID_REASON": "V"
        },
        "includeMapped": false,
        "includeDescendants": false
      },
      {
        "isExcluded": false,
        "concept": {
          "INVALID_REASON_CAPTION": "Valid",
          "CONCEPT_ID": 440068,
          "STANDARD_CONCEPT": "S",
          "CONCEPT_CODE": "268637002",
          "VOCABULARY_ID": "SNOMED",
          "CONCEPT_NAME": "Psychosexual dysfunction",
          "DOMAIN_ID": "Condition",
          "STANDARD_CONCEPT_CAPTION": "Standard",
          "CONCEPT_CLASS_ID": "Clinical Finding",
          "INVALID_REASON": "V"
        },
        "includeMapped": false,
        "includeDescendants": false
      },
      {
        "isExcluded": false,
        "concept": {
          "INVALID_REASON_CAPTION": "Valid",
          "CONCEPT_ID": 434629,
          "STANDARD_CONCEPT": "S",
          "CONCEPT_CODE": "600009",
          "VOCABULARY_ID": "SNOMED",
          "CONCEPT_NAME": "Pyromania",
          "DOMAIN_ID": "Condition",
          "STANDARD_CONCEPT_CAPTION": "Standard",
          "CONCEPT_CLASS_ID": "Clinical Finding",
          "INVALID_REASON": "V"
        },
        "includeMapped": false,
        "includeDescendants": false
      },
      {
        "isExcluded": false,
        "concept": {
          "INVALID_REASON_CAPTION": "Valid",
          "CONCEPT_ID": 4100247,
          "STANDARD_CONCEPT": "S",
          "CONCEPT_CODE": "191447007",
          "VOCABULARY_ID": "SNOMED",
          "CONCEPT_NAME": "Organic psychotic condition",
          "DOMAIN_ID": "Condition",
          "STANDARD_CONCEPT_CAPTION": "Standard",
          "CONCEPT_CLASS_ID": "Clinical Finding",
          "INVALID_REASON": "V"
        },
        "includeMapped": false,
        "includeDescendants": false
      },
      {
        "isExcluded": false,
        "concept": {
          "INVALID_REASON_CAPTION": "Valid",
          "CONCEPT_ID": 4100096,
          "STANDARD_CONCEPT": "S",
          "CONCEPT_CODE": "192498004",
          "VOCABULARY_ID": "SNOMED",
          "CONCEPT_NAME": "Enduring personality change after psychiatric illness",
          "DOMAIN_ID": "Condition",
          "STANDARD_CONCEPT_CAPTION": "Standard",
          "CONCEPT_CLASS_ID": "Clinical Finding",
          "INVALID_REASON": "V"
        },
        "includeMapped": false,
        "includeDescendants": false
      },
      {
        "isExcluded": false,
        "concept": {
          "INVALID_REASON_CAPTION": "Valid",
          "CONCEPT_ID": 4098316,
          "STANDARD_CONCEPT": "S",
          "CONCEPT_CODE": "191714002",
          "VOCABULARY_ID": "SNOMED",
          "CONCEPT_NAME": "Dissociative convulsions",
          "DOMAIN_ID": "Condition",
          "STANDARD_CONCEPT_CAPTION": "Standard",
          "CONCEPT_CLASS_ID": "Clinical Finding",
          "INVALID_REASON": "V"
        },
        "includeMapped": false,
        "includeDescendants": false
      },
      {
        "isExcluded": false,
        "concept": {
          "INVALID_REASON_CAPTION": "Valid",
          "CONCEPT_ID": 444079,
          "STANDARD_CONCEPT": "S",
          "CONCEPT_CODE": "3586005",
          "VOCABULARY_ID": "SNOMED",
          "CONCEPT_NAME": "Psychogenic fugue",
          "DOMAIN_ID": "Condition",
          "STANDARD_CONCEPT_CAPTION": "Standard",
          "CONCEPT_CLASS_ID": "Clinical Finding",
          "INVALID_REASON": "V"
        },
        "includeMapped": false,
        "includeDescendants": false
      },
      {
        "isExcluded": false,
        "concept": {
          "INVALID_REASON_CAPTION": "Valid",
          "CONCEPT_ID": 439004,
          "STANDARD_CONCEPT": "S",
          "CONCEPT_CODE": "26025008",
          "VOCABULARY_ID": "SNOMED",
          "CONCEPT_NAME": "Residual schizophrenia",
          "DOMAIN_ID": "Condition",
          "STANDARD_CONCEPT_CAPTION": "Standard",
          "CONCEPT_CLASS_ID": "Clinical Finding",
          "INVALID_REASON": "V"
        },
        "includeMapped": false,
        "includeDescendants": false
      },
      {
        "isExcluded": false,
        "concept": {
          "INVALID_REASON_CAPTION": "Valid",
          "CONCEPT_ID": 434625,
          "STANDARD_CONCEPT": "S",
          "CONCEPT_CODE": "18393005",
          "VOCABULARY_ID": "SNOMED",
          "CONCEPT_NAME": "Undifferentiated somatoform disorder",
          "DOMAIN_ID": "Condition",
          "STANDARD_CONCEPT_CAPTION": "Standard",
          "CONCEPT_CLASS_ID": "Clinical Finding",
          "INVALID_REASON": "V"
        },
        "includeMapped": false,
        "includeDescendants": false
      },
      {
        "isExcluded": false,
        "concept": {
          "INVALID_REASON_CAPTION": "Valid",
          "CONCEPT_ID": 439002,
          "STANDARD_CONCEPT": "S",
          "CONCEPT_CODE": "72366004",
          "VOCABULARY_ID": "SNOMED",
          "CONCEPT_NAME": "Eating disorder",
          "DOMAIN_ID": "Condition",
          "STANDARD_CONCEPT_CAPTION": "Standard",
          "CONCEPT_CLASS_ID": "Clinical Finding",
          "INVALID_REASON": "V"
        },
        "includeMapped": false,
        "includeDescendants": false
      },
      {
        "isExcluded": false,
        "concept": {
          "INVALID_REASON_CAPTION": "Valid",
          "CONCEPT_ID": 434624,
          "STANDARD_CONCEPT": "S",
          "CONCEPT_CODE": "63835008",
          "VOCABULARY_ID": "SNOMED",
          "CONCEPT_NAME": "Voyeurism",
          "DOMAIN_ID": "Condition",
          "STANDARD_CONCEPT_CAPTION": "Standard",
          "CONCEPT_CLASS_ID": "Clinical Finding",
          "INVALID_REASON": "V"
        },
        "includeMapped": false,
        "includeDescendants": false
      },
      {
        "isExcluded": false,
        "concept": {
          "INVALID_REASON_CAPTION": "Valid",
          "CONCEPT_ID": 443876,
          "STANDARD_CONCEPT": "S",
          "CONCEPT_CODE": "1376001",
          "VOCABULARY_ID": "SNOMED",
          "CONCEPT_NAME": "Obsessive compulsive personality disorder",
          "DOMAIN_ID": "Condition",
          "STANDARD_CONCEPT_CAPTION": "Standard",
          "CONCEPT_CLASS_ID": "Clinical Finding",
          "INVALID_REASON": "V"
        },
        "includeMapped": false,
        "includeDescendants": false
      },
      {
        "isExcluded": false,
        "concept": {
          "INVALID_REASON_CAPTION": "Valid",
          "CONCEPT_ID": 438407,
          "STANDARD_CONCEPT": "S",
          "CONCEPT_CODE": "78004001",
          "VOCABULARY_ID": "SNOMED",
          "CONCEPT_NAME": "Bulimia nervosa",
          "DOMAIN_ID": "Condition",
          "STANDARD_CONCEPT_CAPTION": "Standard",
          "CONCEPT_CLASS_ID": "Clinical Finding",
          "INVALID_REASON": "V"
        },
        "includeMapped": false,
        "includeDescendants": false
      },
      {
        "isExcluded": false,
        "concept": {
          "INVALID_REASON_CAPTION": "Valid",
          "CONCEPT_ID": 434613,
          "STANDARD_CONCEPT": "S",
          "CONCEPT_CODE": "21897009",
          "VOCABULARY_ID": "SNOMED",
          "CONCEPT_NAME": "Generalized anxiety disorder",
          "DOMAIN_ID": "Condition",
          "STANDARD_CONCEPT_CAPTION": "Standard",
          "CONCEPT_CLASS_ID": "Clinical Finding",
          "INVALID_REASON": "V"
        },
        "includeMapped": false,
        "includeDescendants": false
      },
      {
        "isExcluded": false,
        "concept": {
          "INVALID_REASON_CAPTION": "Valid",
          "CONCEPT_ID": 434319,
          "STANDARD_CONCEPT": "S",
          "CONCEPT_CODE": "44001008",
          "VOCABULARY_ID": "SNOMED",
          "CONCEPT_NAME": "Premature ejaculation",
          "DOMAIN_ID": "Condition",
          "STANDARD_CONCEPT_CAPTION": "Standard",
          "CONCEPT_CLASS_ID": "Clinical Finding",
          "INVALID_REASON": "V"
        },
        "includeMapped": false,
        "includeDescendants": false
      },
      {
        "isExcluded": false,
        "concept": {
          "INVALID_REASON_CAPTION": "Valid",
          "CONCEPT_ID": 437840,
          "STANDARD_CONCEPT": "S",
          "CONCEPT_CODE": "58349009",
          "VOCABULARY_ID": "SNOMED",
          "CONCEPT_NAME": "Exhibitionism",
          "DOMAIN_ID": "Condition",
          "STANDARD_CONCEPT_CAPTION": "Standard",
          "CONCEPT_CLASS_ID": "Clinical Finding",
          "INVALID_REASON": "V"
        },
        "includeMapped": false,
        "includeDescendants": false
      },
      {
        "isExcluded": false,
        "concept": {
          "INVALID_REASON_CAPTION": "Valid",
          "CONCEPT_ID": 4077976,
          "STANDARD_CONCEPT": "S",
          "CONCEPT_CODE": "276297003",
          "VOCABULARY_ID": "SNOMED",
          "CONCEPT_NAME": "Dissociative possession disorder",
          "DOMAIN_ID": "Condition",
          "STANDARD_CONCEPT_CAPTION": "Standard",
          "CONCEPT_CLASS_ID": "Clinical Finding",
          "INVALID_REASON": "V"
        },
        "includeMapped": false,
        "includeDescendants": false
      },
      {
        "isExcluded": false,
        "concept": {
          "INVALID_REASON_CAPTION": "Valid",
          "CONCEPT_ID": 443605,
          "STANDARD_CONCEPT": "S",
          "CONCEPT_CODE": "429998004",
          "VOCABULARY_ID": "SNOMED",
          "CONCEPT_NAME": "Vascular dementia",
          "DOMAIN_ID": "Condition",
          "STANDARD_CONCEPT_CAPTION": "Standard",
          "CONCEPT_CLASS_ID": "Clinical Finding",
          "INVALID_REASON": "V"
        },
        "includeMapped": false,
        "includeDescendants": false
      },
      {
        "isExcluded": false,
        "concept": {
          "INVALID_REASON_CAPTION": "Valid",
          "CONCEPT_ID": 437531,
          "STANDARD_CONCEPT": "S",
          "CONCEPT_CODE": "59174009",
          "VOCABULARY_ID": "SNOMED",
          "CONCEPT_NAME": "Fetishism",
          "DOMAIN_ID": "Condition",
          "STANDARD_CONCEPT_CAPTION": "Standard",
          "CONCEPT_CLASS_ID": "Clinical Finding",
          "INVALID_REASON": "V"
        },
        "includeMapped": false,
        "includeDescendants": false
      },
      {
        "isExcluded": false,
        "concept": {
          "INVALID_REASON_CAPTION": "Valid",
          "CONCEPT_ID": 434010,
          "STANDARD_CONCEPT": "S",
          "CONCEPT_CODE": "31027006",
          "VOCABULARY_ID": "SNOMED",
          "CONCEPT_NAME": "Schizotypal personality disorder",
          "DOMAIN_ID": "Condition",
          "STANDARD_CONCEPT_CAPTION": "Standard",
          "CONCEPT_CLASS_ID": "Clinical Finding",
          "INVALID_REASON": "V"
        },
        "includeMapped": false,
        "includeDescendants": false
      },
      {
        "isExcluded": false,
        "concept": {
          "INVALID_REASON_CAPTION": "Valid",
          "CONCEPT_ID": 443262,
          "STANDARD_CONCEPT": "S",
          "CONCEPT_CODE": "270903007",
          "VOCABULARY_ID": "SNOMED",
          "CONCEPT_NAME": "Lack or loss of sexual desire",
          "DOMAIN_ID": "Condition",
          "STANDARD_CONCEPT_CAPTION": "Standard",
          "CONCEPT_CLASS_ID": "Clinical Finding",
          "INVALID_REASON": "V"
        },
        "includeMapped": false,
        "includeDescendants": false
      },
      {
        "isExcluded": false,
        "concept": {
          "INVALID_REASON_CAPTION": "Valid",
          "CONCEPT_ID": 437524,
          "STANDARD_CONCEPT": "S",
          "CONCEPT_CODE": "37746008",
          "VOCABULARY_ID": "SNOMED",
          "CONCEPT_NAME": "Avoidant personality disorder",
          "DOMAIN_ID": "Condition",
          "STANDARD_CONCEPT_CAPTION": "Standard",
          "CONCEPT_CLASS_ID": "Clinical Finding",
          "INVALID_REASON": "V"
        },
        "includeMapped": false,
        "includeDescendants": false
      },
      {
        "isExcluded": false,
        "concept": {
          "INVALID_REASON_CAPTION": "Valid",
          "CONCEPT_ID": 433996,
          "STANDARD_CONCEPT": "S",
          "CONCEPT_CODE": "191542003",
          "VOCABULARY_ID": "SNOMED",
          "CONCEPT_NAME": "Catatonic schizophrenia",
          "DOMAIN_ID": "Condition",
          "STANDARD_CONCEPT_CAPTION": "Standard",
          "CONCEPT_CLASS_ID": "Clinical Finding",
          "INVALID_REASON": "V"
        },
        "includeMapped": false,
        "includeDescendants": false
      },
      {
        "isExcluded": false,
        "concept": {
          "INVALID_REASON_CAPTION": "Valid",
          "CONCEPT_ID": 4077963,
          "STANDARD_CONCEPT": "S",
          "CONCEPT_CODE": "276300008",
          "VOCABULARY_ID": "SNOMED",
          "CONCEPT_NAME": "Dissociative stupor",
          "DOMAIN_ID": "Condition",
          "STANDARD_CONCEPT_CAPTION": "Standard",
          "CONCEPT_CLASS_ID": "Clinical Finding",
          "INVALID_REASON": "V"
        },
        "includeMapped": false,
        "includeDescendants": false
      },
      {
        "isExcluded": false,
        "concept": {
          "INVALID_REASON_CAPTION": "Valid",
          "CONCEPT_ID": 442919,
          "STANDARD_CONCEPT": "S",
          "CONCEPT_CODE": "199260001",
          "VOCABULARY_ID": "SNOMED",
          "CONCEPT_NAME": "Mental disorder in the puerperium - baby delivered",
          "DOMAIN_ID": "Condition",
          "STANDARD_CONCEPT_CAPTION": "Standard",
          "CONCEPT_CLASS_ID": "Clinical Finding",
          "INVALID_REASON": "V"
        },
        "includeMapped": false,
        "includeDescendants": false
      },
      {
        "isExcluded": false,
        "concept": {
          "INVALID_REASON_CAPTION": "Valid",
          "CONCEPT_ID": 437523,
          "STANDARD_CONCEPT": "S",
          "CONCEPT_CODE": "84466009",
          "VOCABULARY_ID": "SNOMED",
          "CONCEPT_NAME": "Dependent personality disorder",
          "DOMAIN_ID": "Condition",
          "STANDARD_CONCEPT_CAPTION": "Standard",
          "CONCEPT_CLASS_ID": "Clinical Finding",
          "INVALID_REASON": "V"
        },
        "includeMapped": false,
        "includeDescendants": false
      },
      {
        "isExcluded": false,
        "concept": {
          "INVALID_REASON_CAPTION": "Valid",
          "CONCEPT_ID": 433752,
          "STANDARD_CONCEPT": "S",
          "CONCEPT_CODE": "66347000",
          "VOCABULARY_ID": "SNOMED",
          "CONCEPT_NAME": "Impulse control disorder",
          "DOMAIN_ID": "Condition",
          "STANDARD_CONCEPT_CAPTION": "Standard",
          "CONCEPT_CLASS_ID": "Clinical Finding",
          "INVALID_REASON": "V"
        },
        "includeMapped": false,
        "includeDescendants": false
      },
      {
        "isExcluded": false,
        "concept": {
          "INVALID_REASON_CAPTION": "Valid",
          "CONCEPT_ID": 442324,
          "STANDARD_CONCEPT": "S",
          "CONCEPT_CODE": "41021005",
          "VOCABULARY_ID": "SNOMED",
          "CONCEPT_NAME": "Psychologic dyspareunia",
          "DOMAIN_ID": "Condition",
          "STANDARD_CONCEPT_CAPTION": "Standard",
          "CONCEPT_CLASS_ID": "Clinical Finding",
          "INVALID_REASON": "V"
        },
        "includeMapped": false,
        "includeDescendants": false
      },
      {
        "isExcluded": false,
        "concept": {
          "INVALID_REASON_CAPTION": "Valid",
          "CONCEPT_ID": 436959,
          "STANDARD_CONCEPT": "S",
          "CONCEPT_CODE": "18085000",
          "VOCABULARY_ID": "SNOMED",
          "CONCEPT_NAME": "Compulsive gambling",
          "DOMAIN_ID": "Condition",
          "STANDARD_CONCEPT_CAPTION": "Standard",
          "CONCEPT_CLASS_ID": "Clinical Finding",
          "INVALID_REASON": "V"
        },
        "includeMapped": false,
        "includeDescendants": false
      },
      {
        "isExcluded": false,
        "concept": {
          "INVALID_REASON_CAPTION": "Valid",
          "CONCEPT_ID": 433450,
          "STANDARD_CONCEPT": "S",
          "CONCEPT_CODE": "64905009",
          "VOCABULARY_ID": "SNOMED",
          "CONCEPT_NAME": "Paranoid schizophrenia",
          "DOMAIN_ID": "Condition",
          "STANDARD_CONCEPT_CAPTION": "Standard",
          "CONCEPT_CLASS_ID": "Clinical Finding",
          "INVALID_REASON": "V"
        },
        "includeMapped": false,
        "includeDescendants": false
      },
      {
        "isExcluded": false,
        "concept": {
          "INVALID_REASON_CAPTION": "Valid",
          "CONCEPT_ID": 4077203,
          "STANDARD_CONCEPT": "S",
          "CONCEPT_CODE": "276299000",
          "VOCABULARY_ID": "SNOMED",
          "CONCEPT_NAME": "Dissociative anesthesia",
          "DOMAIN_ID": "Condition",
          "STANDARD_CONCEPT_CAPTION": "Standard",
          "CONCEPT_CLASS_ID": "Clinical Finding",
          "INVALID_REASON": "V"
        },
        "includeMapped": false,
        "includeDescendants": false
      },
      {
        "isExcluded": false,
        "concept": {
          "INVALID_REASON_CAPTION": "Valid",
          "CONCEPT_ID": 442077,
          "STANDARD_CONCEPT": "S",
          "CONCEPT_CODE": "197480006",
          "VOCABULARY_ID": "SNOMED",
          "CONCEPT_NAME": "Anxiety disorder",
          "DOMAIN_ID": "Condition",
          "STANDARD_CONCEPT_CAPTION": "Standard",
          "CONCEPT_CLASS_ID": "Clinical Finding",
          "INVALID_REASON": "V"
        },
        "includeMapped": false,
        "includeDescendants": false
      },
      {
        "isExcluded": false,
        "concept": {
          "INVALID_REASON_CAPTION": "Valid",
          "CONCEPT_ID": 436952,
          "STANDARD_CONCEPT": "S",
          "CONCEPT_CODE": "61831009",
          "VOCABULARY_ID": "SNOMED",
          "CONCEPT_NAME": "Induced psychotic disorder",
          "DOMAIN_ID": "Condition",
          "STANDARD_CONCEPT_CAPTION": "Standard",
          "CONCEPT_CLASS_ID": "Clinical Finding",
          "INVALID_REASON": "V"
        },
        "includeMapped": false,
        "includeDescendants": false
      },
      {
        "isExcluded": false,
        "concept": {
          "INVALID_REASON_CAPTION": "Valid",
          "CONCEPT_ID": 432590,
          "STANDARD_CONCEPT": "S",
          "CONCEPT_CODE": "48500005",
          "VOCABULARY_ID": "SNOMED",
          "CONCEPT_NAME": "Delusional disorder",
          "DOMAIN_ID": "Condition",
          "STANDARD_CONCEPT_CAPTION": "Standard",
          "CONCEPT_CLASS_ID": "Clinical Finding",
          "INVALID_REASON": "V"
        },
        "includeMapped": false,
        "includeDescendants": false
      },
      {
        "isExcluded": false,
        "concept": {
          "INVALID_REASON_CAPTION": "Valid",
          "CONCEPT_ID": 4062972,
          "STANDARD_CONCEPT": "S",
          "CONCEPT_CODE": "17155009",
          "VOCABULARY_ID": "SNOMED",
          "CONCEPT_NAME": "Trichotillomania",
          "DOMAIN_ID": "Condition",
          "STANDARD_CONCEPT_CAPTION": "Standard",
          "CONCEPT_CLASS_ID": "Clinical Finding",
          "INVALID_REASON": "V"
        },
        "includeMapped": false,
        "includeDescendants": false
      },
      {
        "isExcluded": false,
        "concept": {
          "INVALID_REASON_CAPTION": "Valid",
          "CONCEPT_ID": 4060424,
          "STANDARD_CONCEPT": "S",
          "CONCEPT_CODE": "199257008",
          "VOCABULARY_ID": "SNOMED",
          "CONCEPT_NAME": "Mental disorders during pregnancy, childbirth and the puerperium",
          "DOMAIN_ID": "Condition",
          "STANDARD_CONCEPT_CAPTION": "Standard",
          "CONCEPT_CLASS_ID": "Clinical Finding",
          "INVALID_REASON": "V"
        },
        "includeMapped": false,
        "includeDescendants": false
      },
      {
        "isExcluded": false,
        "concept": {
          "INVALID_REASON_CAPTION": "Valid",
          "CONCEPT_ID": 4047912,
          "STANDARD_CONCEPT": "S",
          "CONCEPT_CODE": "230488004",
          "VOCABULARY_ID": "SNOMED",
          "CONCEPT_NAME": "Hypersomnia of non-organic origin",
          "DOMAIN_ID": "Condition",
          "STANDARD_CONCEPT_CAPTION": "Standard",
          "CONCEPT_CLASS_ID": "Clinical Finding",
          "INVALID_REASON": "V"
        },
        "includeMapped": false,
        "includeDescendants": false
      },
      {
        "isExcluded": false,
        "concept": {
          "INVALID_REASON_CAPTION": "Valid",
          "CONCEPT_ID": 4047747,
          "STANDARD_CONCEPT": "S",
          "CONCEPT_CODE": "230286002",
          "VOCABULARY_ID": "SNOMED",
          "CONCEPT_NAME": "Subcortical vascular dementia",
          "DOMAIN_ID": "Condition",
          "STANDARD_CONCEPT_CAPTION": "Standard",
          "CONCEPT_CLASS_ID": "Clinical Finding",
          "INVALID_REASON": "V"
        },
        "includeMapped": false,
        "includeDescendants": false
      },
      {
        "isExcluded": false,
        "concept": {
          "INVALID_REASON_CAPTION": "Valid",
          "CONCEPT_ID": 4046090,
          "STANDARD_CONCEPT": "S",
          "CONCEPT_CODE": "230287006",
          "VOCABULARY_ID": "SNOMED",
          "CONCEPT_NAME": "Mixed cortical and subcortical vascular dementia",
          "DOMAIN_ID": "Condition",
          "STANDARD_CONCEPT_CAPTION": "Standard",
          "CONCEPT_CLASS_ID": "Clinical Finding",
          "INVALID_REASON": "V"
        },
        "includeMapped": false,
        "includeDescendants": false
      },
      {
        "isExcluded": false,
        "concept": {
          "INVALID_REASON_CAPTION": "Valid",
          "CONCEPT_ID": 4046089,
          "STANDARD_CONCEPT": "S",
          "CONCEPT_CODE": "230285003",
          "VOCABULARY_ID": "SNOMED",
          "CONCEPT_NAME": "Vascular dementia of acute onset",
          "DOMAIN_ID": "Condition",
          "STANDARD_CONCEPT_CAPTION": "Standard",
          "CONCEPT_CLASS_ID": "Clinical Finding",
          "INVALID_REASON": "V"
        },
        "includeMapped": false,
        "includeDescendants": false
      },
      {
        "isExcluded": false,
        "concept": {
          "INVALID_REASON_CAPTION": "Valid",
          "CONCEPT_ID": 441838,
          "STANDARD_CONCEPT": "S",
          "CONCEPT_CODE": "33449004",
          "VOCABULARY_ID": "SNOMED",
          "CONCEPT_NAME": "Personality disorder",
          "DOMAIN_ID": "Condition",
          "STANDARD_CONCEPT_CAPTION": "Standard",
          "CONCEPT_CLASS_ID": "Clinical Finding",
          "INVALID_REASON": "V"
        },
        "includeMapped": false,
        "includeDescendants": false
      },
      {
        "isExcluded": false,
        "concept": {
          "INVALID_REASON_CAPTION": "Valid",
          "CONCEPT_ID": 436677,
          "STANDARD_CONCEPT": "S",
          "CONCEPT_CODE": "17226007",
          "VOCABULARY_ID": "SNOMED",
          "CONCEPT_NAME": "Adjustment disorder",
          "DOMAIN_ID": "Condition",
          "STANDARD_CONCEPT_CAPTION": "Standard",
          "CONCEPT_CLASS_ID": "Clinical Finding",
          "INVALID_REASON": "V"
        },
        "includeMapped": false,
        "includeDescendants": false
      },
      {
        "isExcluded": false,
        "concept": {
          "INVALID_REASON_CAPTION": "Valid",
          "CONCEPT_ID": 381537,
          "STANDARD_CONCEPT": "S",
          "CONCEPT_CODE": "17496003",
          "VOCABULARY_ID": "SNOMED",
          "CONCEPT_NAME": "Organic anxiety disorder",
          "DOMAIN_ID": "Condition",
          "STANDARD_CONCEPT_CAPTION": "Standard",
          "CONCEPT_CLASS_ID": "Clinical Finding",
          "INVALID_REASON": "V"
        },
        "includeMapped": false,
        "includeDescendants": false
      },
      {
        "isExcluded": false,
        "concept": {
          "INVALID_REASON_CAPTION": "Valid",
          "CONCEPT_ID": 441828,
          "STANDARD_CONCEPT": "S",
          "CONCEPT_CODE": "35252006",
          "VOCABULARY_ID": "SNOMED",
          "CONCEPT_NAME": "Disorganized schizophrenia",
          "DOMAIN_ID": "Condition",
          "STANDARD_CONCEPT_CAPTION": "Standard",
          "CONCEPT_CLASS_ID": "Clinical Finding",
          "INVALID_REASON": "V"
        },
        "includeMapped": false,
        "includeDescendants": false
      },
      {
        "isExcluded": false,
        "concept": {
          "INVALID_REASON_CAPTION": "Valid",
          "CONCEPT_ID": 436676,
          "STANDARD_CONCEPT": "S",
          "CONCEPT_CODE": "47505003",
          "VOCABULARY_ID": "SNOMED",
          "CONCEPT_NAME": "Posttraumatic stress disorder",
          "DOMAIN_ID": "Condition",
          "STANDARD_CONCEPT_CAPTION": "Standard",
          "CONCEPT_CLASS_ID": "Clinical Finding",
          "INVALID_REASON": "V"
        },
        "includeMapped": false,
        "includeDescendants": false
      },
      {
        "isExcluded": false,
        "concept": {
          "INVALID_REASON_CAPTION": "Valid",
          "CONCEPT_ID": 380375,
          "STANDARD_CONCEPT": "S",
          "CONCEPT_CODE": "36217008",
          "VOCABULARY_ID": "SNOMED",
          "CONCEPT_NAME": "Organic personality disorder",
          "DOMAIN_ID": "Condition",
          "STANDARD_CONCEPT_CAPTION": "Standard",
          "CONCEPT_CLASS_ID": "Clinical Finding",
          "INVALID_REASON": "V"
        },
        "includeMapped": false,
        "includeDescendants": false
      },
      {
        "isExcluded": false,
        "concept": {
          "INVALID_REASON_CAPTION": "Valid",
          "CONCEPT_ID": 441550,
          "STANDARD_CONCEPT": "S",
          "CONCEPT_CODE": "84002002",
          "VOCABULARY_ID": "SNOMED",
          "CONCEPT_NAME": "Pedophilia",
          "DOMAIN_ID": "Condition",
          "STANDARD_CONCEPT_CAPTION": "Standard",
          "CONCEPT_CLASS_ID": "Clinical Finding",
          "INVALID_REASON": "V"
        },
        "includeMapped": false,
        "includeDescendants": false
      },
      {
        "isExcluded": false,
        "concept": {
          "INVALID_REASON_CAPTION": "Valid",
          "CONCEPT_ID": 441545,
          "STANDARD_CONCEPT": "S",
          "CONCEPT_CODE": "397923000",
          "VOCABULARY_ID": "SNOMED",
          "CONCEPT_NAME": "Somatization disorder",
          "DOMAIN_ID": "Condition",
          "STANDARD_CONCEPT_CAPTION": "Standard",
          "CONCEPT_CLASS_ID": "Clinical Finding",
          "INVALID_REASON": "V"
        },
        "includeMapped": false,
        "includeDescendants": false
      },
      {
        "isExcluded": false,
        "concept": {
          "INVALID_REASON_CAPTION": "Valid",
          "CONCEPT_ID": 436675,
          "STANDARD_CONCEPT": "S",
          "CONCEPT_CODE": "56882008",
          "VOCABULARY_ID": "SNOMED",
          "CONCEPT_NAME": "Anorexia nervosa",
          "DOMAIN_ID": "Condition",
          "STANDARD_CONCEPT_CAPTION": "Standard",
          "CONCEPT_CLASS_ID": "Clinical Finding",
          "INVALID_REASON": "V"
        },
        "includeMapped": false,
        "includeDescendants": false
      },
      {
        "isExcluded": false,
        "concept": {
          "INVALID_REASON_CAPTION": "Valid",
          "CONCEPT_ID": 379778,
          "STANDARD_CONCEPT": "S",
          "CONCEPT_CODE": "56267009",
          "VOCABULARY_ID": "SNOMED",
          "CONCEPT_NAME": "Multi-infarct dementia",
          "DOMAIN_ID": "Condition",
          "STANDARD_CONCEPT_CAPTION": "Standard",
          "CONCEPT_CLASS_ID": "Clinical Finding",
          "INVALID_REASON": "V"
        },
        "includeMapped": false,
        "includeDescendants": false
      },
      {
        "isExcluded": false,
        "concept": {
          "INVALID_REASON_CAPTION": "Valid",
          "CONCEPT_ID": 440988,
          "STANDARD_CONCEPT": "S",
          "CONCEPT_CODE": "26665006",
          "VOCABULARY_ID": "SNOMED",
          "CONCEPT_NAME": "Antisocial personality disorder",
          "DOMAIN_ID": "Condition",
          "STANDARD_CONCEPT_CAPTION": "Standard",
          "CONCEPT_CLASS_ID": "Clinical Finding",
          "INVALID_REASON": "V"
        },
        "includeMapped": false,
        "includeDescendants": false
      },
      {
        "isExcluded": false,
        "concept": {
          "INVALID_REASON_CAPTION": "Valid",
          "CONCEPT_ID": 436381,
          "STANDARD_CONCEPT": "S",
          "CONCEPT_CODE": "5095008",
          "VOCABULARY_ID": "SNOMED",
          "CONCEPT_NAME": "Gender identity disorder of childhood",
          "DOMAIN_ID": "Condition",
          "STANDARD_CONCEPT_CAPTION": "Standard",
          "CONCEPT_CLASS_ID": "Clinical Finding",
          "INVALID_REASON": "V"
        },
        "includeMapped": false,
        "includeDescendants": false
      },
      {
        "isExcluded": false,
        "concept": {
          "INVALID_REASON_CAPTION": "Valid",
          "CONCEPT_ID": 377535,
          "STANDARD_CONCEPT": "S",
          "CONCEPT_CODE": "80495009",
          "VOCABULARY_ID": "SNOMED",
          "CONCEPT_NAME": "Sleep walking disorder",
          "DOMAIN_ID": "Condition",
          "STANDARD_CONCEPT_CAPTION": "Standard",
          "CONCEPT_CLASS_ID": "Clinical Finding",
          "INVALID_REASON": "V"
        },
        "includeMapped": false,
        "includeDescendants": false
      },
      {
        "isExcluded": false,
        "concept": {
          "INVALID_REASON_CAPTION": "Valid",
          "CONCEPT_ID": 377266,
          "STANDARD_CONCEPT": "S",
          "CONCEPT_CODE": "268722008",
          "VOCABULARY_ID": "SNOMED",
          "CONCEPT_NAME": "Non-organic disorder of the sleep-wake schedule",
          "DOMAIN_ID": "Condition",
          "STANDARD_CONCEPT_CAPTION": "Standard",
          "CONCEPT_CLASS_ID": "Clinical Finding",
          "INVALID_REASON": "V"
        },
        "includeMapped": false,
        "includeDescendants": false
      },
      {
        "isExcluded": false,
        "concept": {
          "INVALID_REASON_CAPTION": "Valid",
          "CONCEPT_ID": 374905,
          "STANDARD_CONCEPT": "S",
          "CONCEPT_CODE": "270487001",
          "VOCABULARY_ID": "SNOMED",
          "CONCEPT_NAME": "Non-organic sleep disorder",
          "DOMAIN_ID": "Condition",
          "STANDARD_CONCEPT_CAPTION": "Standard",
          "CONCEPT_CLASS_ID": "Clinical Finding",
          "INVALID_REASON": "V"
        },
        "includeMapped": false,
        "includeDescendants": false
      },
      {
        "isExcluded": false,
        "concept": {
          "INVALID_REASON_CAPTION": "Valid",
          "CONCEPT_ID": 436074,
          "STANDARD_CONCEPT": "S",
          "CONCEPT_CODE": "371631005",
          "VOCABULARY_ID": "SNOMED",
          "CONCEPT_NAME": "Panic disorder",
          "DOMAIN_ID": "Condition",
          "STANDARD_CONCEPT_CAPTION": "Standard",
          "CONCEPT_CLASS_ID": "Clinical Finding",
          "INVALID_REASON": "V"
        },
        "includeMapped": false,
        "includeDescendants": false
      },
      {
        "isExcluded": false,
        "concept": {
          "INVALID_REASON_CAPTION": "Valid",
          "CONCEPT_ID": 436067,
          "STANDARD_CONCEPT": "S",
          "CONCEPT_CODE": "191527001",
          "VOCABULARY_ID": "SNOMED",
          "CONCEPT_NAME": "Simple schizophrenia",
          "DOMAIN_ID": "Condition",
          "STANDARD_CONCEPT_CAPTION": "Standard",
          "CONCEPT_CLASS_ID": "Clinical Finding",
          "INVALID_REASON": "V"
        },
        "includeMapped": false,
        "includeDescendants": false
      },
      {
        "isExcluded": false,
        "concept": {
          "INVALID_REASON_CAPTION": "Valid",
          "CONCEPT_ID": 440984,
          "STANDARD_CONCEPT": "S",
          "CONCEPT_CODE": "50705009",
          "VOCABULARY_ID": "SNOMED",
          "CONCEPT_NAME": "Factitious disorder",
          "DOMAIN_ID": "Condition",
          "STANDARD_CONCEPT_CAPTION": "Standard",
          "CONCEPT_CLASS_ID": "Clinical Finding",
          "INVALID_REASON": "V"
        },
        "includeMapped": false,
        "includeDescendants": false
      }
    ]},
    "name": "YSJH_L1_3all",
    "id": 0
  }],
  "cdmVersionRange": ">=5.0.0",
  "CensoringCriteria": [],
  "QualifiedLimit": {"Type": "First"},
  "InclusionRules": [],
  "PrimaryCriteria": {
    "CriteriaList": [{"ConditionOccurrence": {
      "OccurrenceEndDate": null,
      "CorrelatedCriteria": null,
      "ConditionTypeExclude": false,
      "CodesetId": 0,
      "ProviderSpecialty": null,
      "Gender": null,
      "VisitType": null,
      "First": null,
      "OccurrenceStartDate": null,
      "ConditionType": null,
      "ConditionSourceConcept": null,
      "ConditionStatus": null,
      "StopReason": null,
      "Age": null
    }}],
    "PrimaryCriteriaLimit": {"Type": "All"},
    "ObservationWindow": {
      "PostDays": 0,
      "PriorDays": 0
    }
  }
}