{
  "ExpressionLimit": {"Type": "All"},
  "CollapseSettings": {
    "CollapseType": "ERA",
    "EraPad": 0
  },
  "CensorWindow": {
    "StartDate": null,
    "EndDate": null
  },
  "ConceptSets": [
    {
      "expression": {"items": [{
        "isExcluded": false,
        "concept": {
          "INVALID_REASON_CAPTION": "Valid",
          "CONCEPT_ID": 704996,
          "STANDARD_CONCEPT": "S",
          "CONCEPT_CODE": "OMOP4912978",
          "VOCABULARY_ID": "OMOP Extension",
          "CONCEPT_NAME": "Patient meets COVID-19 laboratory diagnostic criteria",
          "DOMAIN_ID": "Observation",
          "STANDARD_CONCEPT_CAPTION": "Standard",
          "CONCEPT_CLASS_ID": "Clinical Finding",
          "INVALID_REASON": "V"
        },
        "includeMapped": true,
        "includeDescendants": true
      }]},
      "name": "[sample]",
      "id": 0
    },
    {
      "expression": {"items": [{
        "isExcluded": false,
        "concept": {
          "INVALID_REASON_CAPTION": "Valid",
          "CONCEPT_ID": 37311061,
          "STANDARD_CONCEPT": "S",
          "CONCEPT_CODE": "840539006",
          "VOCABULARY_ID": "SNOMED",
          "CONCEPT_NAME": "COVID-19",
          "DOMAIN_ID": "Condition",
          "STANDARD_CONCEPT_CAPTION": "Standard",
          "CONCEPT_CLASS_ID": "Clinical Finding",
          "INVALID_REASON": "V"
        },
        "includeMapped": false,
        "includeDescendants": false
      }]},
      "name": "[YSJH] SNUH COVID concept",
      "id": 1
    },
    {
      "expression": {"items": [{
        "isExcluded": false,
        "concept": {
          "INVALID_REASON_CAPTION": "Valid",
          "CONCEPT_ID": 704996,
          "STANDARD_CONCEPT": "S",
          "CONCEPT_CODE": "OMOP4912978",
          "VOCABULARY_ID": "OMOP Extension",
          "CONCEPT_NAME": "Patient meets COVID-19 laboratory diagnostic criteria",
          "DOMAIN_ID": "Observation",
          "STANDARD_CONCEPT_CAPTION": "Standard",
          "CONCEPT_CLASS_ID": "Clinical Finding",
          "INVALID_REASON": "V"
        },
        "includeMapped": true,
        "includeDescendants": false
      }]},
      "name": "[YSJH] COVID observation",
      "id": 2
    },
    {
      "expression": {"items": [{
        "isExcluded": true,
        "concept": {
          "INVALID_REASON_CAPTION": "Valid",
          "CONCEPT_ID": 37311061,
          "STANDARD_CONCEPT": "S",
          "CONCEPT_CODE": "840539006",
          "VOCABULARY_ID": "SNOMED",
          "CONCEPT_NAME": "COVID-19",
          "DOMAIN_ID": "Condition",
          "STANDARD_CONCEPT_CAPTION": "Standard",
          "CONCEPT_CLASS_ID": "Clinical Finding",
          "INVALID_REASON": "V"
        },
        "includeMapped": false,
        "includeDescendants": false
      }]},
      "name": "[YSJH] SNUH nonCOVID concept",
      "id": 3
    },
    {
      "expression": {"items": [{
        "isExcluded": true,
        "concept": {
          "INVALID_REASON_CAPTION": "Valid",
          "CONCEPT_ID": 704996,
          "STANDARD_CONCEPT": "S",
          "CONCEPT_CODE": "OMOP4912978",
          "VOCABULARY_ID": "OMOP Extension",
          "CONCEPT_NAME": "Patient meets COVID-19 laboratory diagnostic criteria",
          "DOMAIN_ID": "Observation",
          "STANDARD_CONCEPT_CAPTION": "Standard",
          "CONCEPT_CLASS_ID": "Clinical Finding",
          "INVALID_REASON": "V"
        },
        "includeMapped": false,
        "includeDescendants": false
      }]},
      "name": "[YSJH] nonCOVID observation",
      "id": 4
    },
    {
      "expression": {"items": [{
        "isExcluded": true,
        "concept": {
          "INVALID_REASON_CAPTION": "Valid",
          "CONCEPT_ID": 37311061,
          "STANDARD_CONCEPT": "S",
          "CONCEPT_CODE": "840539006",
          "VOCABULARY_ID": "SNOMED",
          "CONCEPT_NAME": "COVID-19",
          "DOMAIN_ID": "Condition",
          "STANDARD_CONCEPT_CAPTION": "Standard",
          "CONCEPT_CLASS_ID": "Clinical Finding",
          "INVALID_REASON": "V"
        },
        "includeMapped": false,
        "includeDescendants": false
      }]},
      "name": "YSJH _SNUH nonCOVID concept",
      "id": 5
    },
    {
      "expression": {"items": [{
        "isExcluded": true,
        "concept": {
          "INVALID_REASON_CAPTION": "Valid",
          "CONCEPT_ID": 704996,
          "STANDARD_CONCEPT": "S",
          "CONCEPT_CODE": "OMOP4912978",
          "VOCABULARY_ID": "OMOP Extension",
          "CONCEPT_NAME": "Patient meets COVID-19 laboratory diagnostic criteria",
          "DOMAIN_ID": "Observation",
          "STANDARD_CONCEPT_CAPTION": "Standard",
          "CONCEPT_CLASS_ID": "Clinical Finding",
          "INVALID_REASON": "V"
        },
        "includeMapped": false,
        "includeDescendants": false
      }]},
      "name": "YSJH_nonCOVID observation",
      "id": 6
    },
    {
      "expression": {"items": [{
        "isExcluded": false,
        "concept": {
          "INVALID_REASON_CAPTION": "Valid",
          "CONCEPT_ID": 37311061,
          "STANDARD_CONCEPT": "S",
          "CONCEPT_CODE": "840539006",
          "VOCABULARY_ID": "SNOMED",
          "CONCEPT_NAME": "COVID-19",
          "DOMAIN_ID": "Condition",
          "STANDARD_CONCEPT_CAPTION": "Standard",
          "CONCEPT_CLASS_ID": "Clinical Finding",
          "INVALID_REASON": "V"
        },
        "includeMapped": false,
        "includeDescendants": false
      }]},
      "name": "YSJH_SNUH COVID concept",
      "id": 7
    },
    {
      "expression": {"items": [{
        "isExcluded": false,
        "concept": {
          "INVALID_REASON_CAPTION": "Valid",
          "CONCEPT_ID": 704996,
          "STANDARD_CONCEPT": "S",
          "CONCEPT_CODE": "OMOP4912978",
          "VOCABULARY_ID": "OMOP Extension",
          "CONCEPT_NAME": "Patient meets COVID-19 laboratory diagnostic criteria",
          "DOMAIN_ID": "Observation",
          "STANDARD_CONCEPT_CAPTION": "Standard",
          "CONCEPT_CLASS_ID": "Clinical Finding",
          "INVALID_REASON": "V"
        },
        "includeMapped": false,
        "includeDescendants": false
      }]},
      "name": "YSJH_COVID observation",
      "id": 8
    }
  ],
  "EndStrategy": {"DateOffset": {
    "DateField": "StartDate",
    "Offset": 1
  }},
  "cdmVersionRange": ">=5.0.0",
  "CensoringCriteria": [],
  "QualifiedLimit": {"Type": "First"},
  "InclusionRules": [{
    "expression": {
      "CriteriaList": [
        {
          "RestrictVisit": false,
          "StartWindow": {
            "UseEventEnd": false,
            "Start": {
              "Days": 1095,
              "Coeff": -1
            },
            "End": {
              "Days": 1095,
              "Coeff": 1
            },
            "UseIndexEnd": false
          },
          "IgnoreObservationPeriod": false,
          "EndWindow": null,
          "Criteria": {"ConditionOccurrence": {
            "OccurrenceEndDate": null,
            "CorrelatedCriteria": null,
            "ConditionTypeExclude": false,
            "CodesetId": 7,
            "ProviderSpecialty": null,
            "Gender": null,
            "VisitType": null,
            "First": null,
            "OccurrenceStartDate": null,
            "ConditionType": null,
            "ConditionSourceConcept": null,
            "ConditionStatus": null,
            "StopReason": null,
            "Age": null
          }},
          "Occurrence": {
            "Type": 0,
            "CountColumn": null,
            "IsDistinct": false,
            "Count": 0
          }
        },
        {
          "RestrictVisit": false,
          "StartWindow": {
            "UseEventEnd": false,
            "Start": {
              "Days": 1095,
              "Coeff": -1
            },
            "End": {
              "Days": 1095,
              "Coeff": 1
            },
            "UseIndexEnd": false
          },
          "IgnoreObservationPeriod": false,
          "EndWindow": null,
          "Criteria": {"Observation": {
            "ValueAsConcept": null,
            "ObservationType": null,
            "CorrelatedCriteria": null,
            "ObservationTypeExclude": false,
            "ValueAsString": null,
            "CodesetId": 8,
            "ProviderSpecialty": null,
            "Gender": null,
            "Unit": null,
            "ObservationSourceConcept": null,
            "VisitType": null,
            "ValueAsNumber": null,
            "Qualifier": null,
            "First": null,
            "OccurrenceStartDate": null,
            "Age": null
          }},
          "Occurrence": {
            "Type": 0,
            "CountColumn": null,
            "IsDistinct": false,
            "Count": 0
          }
        }
      ],
      "Type": "ALL",
      "DemographicCriteriaList": [],
      "Groups": [],
      "Count": null
    },
    "name": "nonCOVID",
    "description": "exclude patients with any COVID condition and observation"
  }],
  "PrimaryCriteria": {
    "CriteriaList": [{"VisitOccurrence": {
      "OccurrenceEndDate": {
        "Op": "lte",
        "Extent": null,
        "Value": "2022-04-30"
      },
      "VisitLength": null,
      "CorrelatedCriteria": null,
      "VisitSourceConcept": null,
      "CodesetId": null,
      "VisitTypeExclude": false,
      "ProviderSpecialty": null,
      "Gender": null,
      "PlaceOfServiceLocation": null,
      "PlaceOfService": null,
      "VisitType": null,
      "First": true,
      "OccurrenceStartDate": {
        "Op": "gte",
        "Extent": null,
        "Value": "2021-02-26"
      },
      "Age": {
        "Op": "gte",
        "Extent": null,
        "Value": 19
      }
    }}],
    "PrimaryCriteriaLimit": {"Type": "First"},
    "ObservationWindow": {
      "PostDays": 0,
      "PriorDays": 365
    }
  }
}