{
  "ExpressionLimit": {"Type": "First"},
  "CollapseSettings": {
    "CollapseType": "ERA",
    "EraPad": 0
  },
  "CensorWindow": {
    "StartDate": null,
    "EndDate": null
  },
  "ConceptSets": [
    {
      "expression": {"items": [
        {
          "isExcluded": false,
          "concept": {
            "INVALID_REASON_CAPTION": "Valid",
            "CONCEPT_ID": 22281,
            "STANDARD_CONCEPT": "S",
            "CONCEPT_CODE": "127040003",
            "VOCABULARY_ID": "SNOMED",
            "CONCEPT_NAME": "Sickle cell-hemoglobin SS disease",
            "DOMAIN_ID": "Condition",
            "STANDARD_CONCEPT_CAPTION": "Standard",
            "CONCEPT_CLASS_ID": "Clinical Finding",
            "INVALID_REASON": "V"
          },
          "includeMapped": false,
          "includeDescendants": false
        },
        {
          "isExcluded": false,
          "concept": {
            "INVALID_REASON_CAPTION": "Valid",
            "CONCEPT_ID": 23988,
            "STANDARD_CONCEPT": "S",
            "CONCEPT_CODE": "191170009",
            "VOCABULARY_ID": "SNOMED",
            "CONCEPT_NAME": "Hemolytic anemia due to glutathione metabolism disorder",
            "DOMAIN_ID": "Condition",
            "STANDARD_CONCEPT_CAPTION": "Standard",
            "CONCEPT_CLASS_ID": "Clinical Finding",
            "INVALID_REASON": "V"
          },
          "includeMapped": false,
          "includeDescendants": false
        },
        {
          "isExcluded": false,
          "concept": {
            "INVALID_REASON_CAPTION": "Valid",
            "CONCEPT_ID": 24006,
            "STANDARD_CONCEPT": "S",
            "CONCEPT_CODE": "35434009",
            "VOCABULARY_ID": "SNOMED",
            "CONCEPT_NAME": "Sickle cell-hemoglobin C disease",
            "DOMAIN_ID": "Condition",
            "STANDARD_CONCEPT_CAPTION": "Standard",
            "CONCEPT_CLASS_ID": "Clinical Finding",
            "INVALID_REASON": "V"
          },
          "includeMapped": false,
          "includeDescendants": false
        },
        {
          "isExcluded": false,
          "concept": {
            "INVALID_REASON_CAPTION": "Valid",
            "CONCEPT_ID": 25518,
            "STANDARD_CONCEPT": "S",
            "CONCEPT_CODE": "16402000",
            "VOCABULARY_ID": "SNOMED",
            "CONCEPT_NAME": "Sickle cell trait",
            "DOMAIN_ID": "Condition",
            "STANDARD_CONCEPT_CAPTION": "Standard",
            "CONCEPT_CLASS_ID": "Clinical Finding",
            "INVALID_REASON": "V"
          },
          "includeMapped": false,
          "includeDescendants": false
        },
        {
          "isExcluded": false,
          "concept": {
            "INVALID_REASON_CAPTION": "Valid",
            "CONCEPT_ID": 26942,
            "STANDARD_CONCEPT": "S",
            "CONCEPT_CODE": "417425009",
            "VOCABULARY_ID": "SNOMED",
            "CONCEPT_NAME": "Hemoglobin SS disease with crisis",
            "DOMAIN_ID": "Condition",
            "STANDARD_CONCEPT_CAPTION": "Standard",
            "CONCEPT_CLASS_ID": "Clinical Finding",
            "INVALID_REASON": "V"
          },
          "includeMapped": false,
          "includeDescendants": false
        }
      ]},
      "name": "[YSJH] Outcome1_KCD3",
      "id": 0
    },
    {
      "expression": {"items": [
        {
          "isExcluded": false,
          "concept": {
            "INVALID_REASON_CAPTION": "Valid",
            "CONCEPT_ID": 22281,
            "STANDARD_CONCEPT": "S",
            "CONCEPT_CODE": "127040003",
            "VOCABULARY_ID": "SNOMED",
            "CONCEPT_NAME": "Sickle cell-hemoglobin SS disease",
            "DOMAIN_ID": "Condition",
            "STANDARD_CONCEPT_CAPTION": "Standard",
            "CONCEPT_CLASS_ID": "Clinical Finding",
            "INVALID_REASON": "V"
          },
          "includeMapped": false,
          "includeDescendants": false
        },
        {
          "isExcluded": false,
          "concept": {
            "INVALID_REASON_CAPTION": "Valid",
            "CONCEPT_ID": 23988,
            "STANDARD_CONCEPT": "S",
            "CONCEPT_CODE": "191170009",
            "VOCABULARY_ID": "SNOMED",
            "CONCEPT_NAME": "Hemolytic anemia due to glutathione metabolism disorder",
            "DOMAIN_ID": "Condition",
            "STANDARD_CONCEPT_CAPTION": "Standard",
            "CONCEPT_CLASS_ID": "Clinical Finding",
            "INVALID_REASON": "V"
          },
          "includeMapped": false,
          "includeDescendants": false
        },
        {
          "isExcluded": false,
          "concept": {
            "INVALID_REASON_CAPTION": "Valid",
            "CONCEPT_ID": 24006,
            "STANDARD_CONCEPT": "S",
            "CONCEPT_CODE": "35434009",
            "VOCABULARY_ID": "SNOMED",
            "CONCEPT_NAME": "Sickle cell-hemoglobin C disease",
            "DOMAIN_ID": "Condition",
            "STANDARD_CONCEPT_CAPTION": "Standard",
            "CONCEPT_CLASS_ID": "Clinical Finding",
            "INVALID_REASON": "V"
          },
          "includeMapped": false,
          "includeDescendants": false
        },
        {
          "isExcluded": false,
          "concept": {
            "INVALID_REASON_CAPTION": "Valid",
            "CONCEPT_ID": 25518,
            "STANDARD_CONCEPT": "S",
            "CONCEPT_CODE": "16402000",
            "VOCABULARY_ID": "SNOMED",
            "CONCEPT_NAME": "Sickle cell trait",
            "DOMAIN_ID": "Condition",
            "STANDARD_CONCEPT_CAPTION": "Standard",
            "CONCEPT_CLASS_ID": "Clinical Finding",
            "INVALID_REASON": "V"
          },
          "includeMapped": false,
          "includeDescendants": false
        },
        {
          "isExcluded": false,
          "concept": {
            "INVALID_REASON_CAPTION": "Valid",
            "CONCEPT_ID": 26942,
            "STANDARD_CONCEPT": "S",
            "CONCEPT_CODE": "417425009",
            "VOCABULARY_ID": "SNOMED",
            "CONCEPT_NAME": "Hemoglobin SS disease with crisis",
            "DOMAIN_ID": "Condition",
            "STANDARD_CONCEPT_CAPTION": "Standard",
            "CONCEPT_CLASS_ID": "Clinical Finding",
            "INVALID_REASON": "V"
          },
          "includeMapped": false,
          "includeDescendants": false
        }
      ]},
      "name": "YSJH_Outcome1_KCD3",
      "id": 1
    },
    {
      "expression": {"items": [
        {
          "isExcluded": false,
          "concept": {
            "INVALID_REASON_CAPTION": "Valid",
            "CONCEPT_ID": 198131,
            "STANDARD_CONCEPT": "S",
            "CONCEPT_CODE": "71787009",
            "VOCABULARY_ID": "SNOMED",
            "CONCEPT_NAME": "Psychologic vaginismus",
            "DOMAIN_ID": "Condition",
            "STANDARD_CONCEPT_CAPTION": "Standard",
            "CONCEPT_CLASS_ID": "Clinical Finding",
            "INVALID_REASON": "V"
          },
          "includeMapped": false,
          "includeDescendants": false
        },
        {
          "isExcluded": false,
          "concept": {
            "INVALID_REASON_CAPTION": "Valid",
            "CONCEPT_ID": 372610,
            "STANDARD_CONCEPT": "S",
            "CONCEPT_CODE": "40425004",
            "VOCABULARY_ID": "SNOMED",
            "CONCEPT_NAME": "Postconcussion syndrome",
            "DOMAIN_ID": "Condition",
            "STANDARD_CONCEPT_CAPTION": "Standard",
            "CONCEPT_CLASS_ID": "Clinical Finding",
            "INVALID_REASON": "V"
          },
          "includeMapped": false,
          "includeDescendants": false
        },
        {
          "isExcluded": false,
          "concept": {
            "INVALID_REASON_CAPTION": "Valid",
            "CONCEPT_ID": 373175,
            "STANDARD_CONCEPT": "S",
            "CONCEPT_CODE": "45912004",
            "VOCABULARY_ID": "SNOMED",
            "CONCEPT_NAME": "Organic hallucinosis",
            "DOMAIN_ID": "Condition",
            "STANDARD_CONCEPT_CAPTION": "Standard",
            "CONCEPT_CLASS_ID": "Clinical Finding",
            "INVALID_REASON": "V"
          },
          "includeMapped": false,
          "includeDescendants": false
        },
        {
          "isExcluded": false,
          "concept": {
            "INVALID_REASON_CAPTION": "Valid",
            "CONCEPT_ID": 373176,
            "STANDARD_CONCEPT": "S",
            "CONCEPT_CODE": "23645006",
            "VOCABULARY_ID": "SNOMED",
            "CONCEPT_NAME": "Organic mood disorder",
            "DOMAIN_ID": "Condition",
            "STANDARD_CONCEPT_CAPTION": "Standard",
            "CONCEPT_CLASS_ID": "Clinical Finding",
            "INVALID_REASON": "V"
          },
          "includeMapped": false,
          "includeDescendants": false
        },
        {
          "isExcluded": false,
          "concept": {
            "INVALID_REASON_CAPTION": "Valid",
            "CONCEPT_ID": 373995,
            "STANDARD_CONCEPT": "S",
            "CONCEPT_CODE": "2776000",
            "VOCABULARY_ID": "SNOMED",
            "CONCEPT_NAME": "Delirium",
            "DOMAIN_ID": "Condition",
            "STANDARD_CONCEPT_CAPTION": "Standard",
            "CONCEPT_CLASS_ID": "Clinical Finding",
            "INVALID_REASON": "V"
          },
          "includeMapped": false,
          "includeDescendants": false
        }
      ]},
      "name": "YSJH_Outcome1_KCD5",
      "id": 2
    },
    {
      "expression": {"items": [
        {
          "isExcluded": false,
          "concept": {
            "INVALID_REASON_CAPTION": "Valid",
            "CONCEPT_ID": 72618,
            "STANDARD_CONCEPT": "S",
            "CONCEPT_CODE": "75047002",
            "VOCABULARY_ID": "SNOMED",
            "CONCEPT_NAME": "Disorder of skeletal muscle",
            "DOMAIN_ID": "Condition",
            "STANDARD_CONCEPT_CAPTION": "Standard",
            "CONCEPT_CLASS_ID": "Clinical Finding",
            "INVALID_REASON": "V"
          },
          "includeMapped": false,
          "includeDescendants": false
        },
        {
          "isExcluded": false,
          "concept": {
            "INVALID_REASON_CAPTION": "Valid",
            "CONCEPT_ID": 73183,
            "STANDARD_CONCEPT": "S",
            "CONCEPT_CODE": "193237003",
            "VOCABULARY_ID": "SNOMED",
            "CONCEPT_NAME": "Myotonic disorder",
            "DOMAIN_ID": "Condition",
            "STANDARD_CONCEPT_CAPTION": "Standard",
            "CONCEPT_CLASS_ID": "Clinical Finding",
            "INVALID_REASON": "V"
          },
          "includeMapped": false,
          "includeDescendants": false
        },
        {
          "isExcluded": false,
          "concept": {
            "INVALID_REASON_CAPTION": "Valid",
            "CONCEPT_ID": 76396,
            "STANDARD_CONCEPT": "S",
            "CONCEPT_CODE": "17940001",
            "VOCABULARY_ID": "SNOMED",
            "CONCEPT_NAME": "Toxic neuromuscular junction disorder",
            "DOMAIN_ID": "Condition",
            "STANDARD_CONCEPT_CAPTION": "Standard",
            "CONCEPT_CLASS_ID": "Clinical Finding",
            "INVALID_REASON": "V"
          },
          "includeMapped": false,
          "includeDescendants": false
        },
        {
          "isExcluded": false,
          "concept": {
            "INVALID_REASON_CAPTION": "Valid",
            "CONCEPT_ID": 76685,
            "STANDARD_CONCEPT": "S",
            "CONCEPT_CODE": "91637004",
            "VOCABULARY_ID": "SNOMED",
            "CONCEPT_NAME": "Myasthenia gravis",
            "DOMAIN_ID": "Condition",
            "STANDARD_CONCEPT_CAPTION": "Standard",
            "CONCEPT_CLASS_ID": "Clinical Finding",
            "INVALID_REASON": "V"
          },
          "includeMapped": false,
          "includeDescendants": false
        },
        {
          "isExcluded": false,
          "concept": {
            "INVALID_REASON_CAPTION": "Valid",
            "CONCEPT_ID": 81286,
            "STANDARD_CONCEPT": "S",
            "CONCEPT_CODE": "66952001",
            "VOCABULARY_ID": "SNOMED",
            "CONCEPT_NAME": "Toxic myopathy",
            "DOMAIN_ID": "Condition",
            "STANDARD_CONCEPT_CAPTION": "Standard",
            "CONCEPT_CLASS_ID": "Clinical Finding",
            "INVALID_REASON": "V"
          },
          "includeMapped": false,
          "includeDescendants": false
        }
      ]},
      "name": "YSJH_Outcome1_KCD6",
      "id": 3
    },
    {
      "expression": {"items": [
        {
          "isExcluded": false,
          "concept": {
            "INVALID_REASON_CAPTION": "Valid",
            "CONCEPT_ID": 22340,
            "STANDARD_CONCEPT": "S",
            "CONCEPT_CODE": "14223005",
            "VOCABULARY_ID": "SNOMED",
            "CONCEPT_NAME": "Esophageal varices without bleeding",
            "DOMAIN_ID": "Condition",
            "STANDARD_CONCEPT_CAPTION": "Standard",
            "CONCEPT_CLASS_ID": "Clinical Finding",
            "INVALID_REASON": "V"
          },
          "includeMapped": false,
          "includeDescendants": false
        },
        {
          "isExcluded": false,
          "concept": {
            "INVALID_REASON_CAPTION": "Valid",
            "CONCEPT_ID": 24966,
            "STANDARD_CONCEPT": "S",
            "CONCEPT_CODE": "28670008",
            "VOCABULARY_ID": "SNOMED",
            "CONCEPT_NAME": "Esophageal varices",
            "DOMAIN_ID": "Condition",
            "STANDARD_CONCEPT_CAPTION": "Standard",
            "CONCEPT_CLASS_ID": "Clinical Finding",
            "INVALID_REASON": "V"
          },
          "includeMapped": false,
          "includeDescendants": false
        },
        {
          "isExcluded": false,
          "concept": {
            "INVALID_REASON_CAPTION": "Valid",
            "CONCEPT_ID": 28779,
            "STANDARD_CONCEPT": "S",
            "CONCEPT_CODE": "17709002",
            "VOCABULARY_ID": "SNOMED",
            "CONCEPT_NAME": "Bleeding esophageal varices",
            "DOMAIN_ID": "Condition",
            "STANDARD_CONCEPT_CAPTION": "Standard",
            "CONCEPT_CLASS_ID": "Clinical Finding",
            "INVALID_REASON": "V"
          },
          "includeMapped": false,
          "includeDescendants": false
        },
        {
          "isExcluded": false,
          "concept": {
            "INVALID_REASON_CAPTION": "Valid",
            "CONCEPT_ID": 77310,
            "STANDARD_CONCEPT": "S",
            "CONCEPT_CODE": "266267005",
            "VOCABULARY_ID": "SNOMED",
            "CONCEPT_NAME": "Deep vein phlebitis and thrombophlebitis of the leg",
            "DOMAIN_ID": "Condition",
            "STANDARD_CONCEPT_CAPTION": "Standard",
            "CONCEPT_CLASS_ID": "Clinical Finding",
            "INVALID_REASON": "V"
          },
          "includeMapped": false,
          "includeDescendants": false
        },
        {
          "isExcluded": false,
          "concept": {
            "INVALID_REASON_CAPTION": "Valid",
            "CONCEPT_ID": 134057,
            "STANDARD_CONCEPT": "S",
            "CONCEPT_CODE": "49601007",
            "VOCABULARY_ID": "SNOMED",
            "CONCEPT_NAME": "Disorder of cardiovascular system",
            "DOMAIN_ID": "Condition",
            "STANDARD_CONCEPT_CAPTION": "Standard",
            "CONCEPT_CLASS_ID": "Clinical Finding",
            "INVALID_REASON": "V"
          },
          "includeMapped": false,
          "includeDescendants": false
        }
      ]},
      "name": "YSJH_Outcome1_KCD9",
      "id": 4
    }
  ],
  "cdmVersionRange": ">=5.0.0",
  "CensoringCriteria": [],
  "QualifiedLimit": {"Type": "First"},
  "InclusionRules": [],
  "PrimaryCriteria": {
    "CriteriaList": [{"ConditionOccurrence": {
      "OccurrenceEndDate": null,
      "CorrelatedCriteria": null,
      "ConditionTypeExclude": false,
      "CodesetId": 4,
      "ProviderSpecialty": null,
      "Gender": null,
      "VisitType": null,
      "First": true,
      "OccurrenceStartDate": null,
      "ConditionType": null,
      "ConditionSourceConcept": null,
      "ConditionStatus": null,
      "StopReason": null,
      "Age": null
    }}],
    "PrimaryCriteriaLimit": {"Type": "First"},
    "ObservationWindow": {
      "PostDays": 0,
      "PriorDays": 0
    }
  }
}