{
  "ExpressionLimit": {"Type": "First"},
  "CollapseSettings": {
    "CollapseType": "ERA",
    "EraPad": 0
  },
  "CensorWindow": {
    "StartDate": null,
    "EndDate": null
  },
  "ConceptSets": [
    {
      "expression": {"items": [
        {
          "isExcluded": false,
          "concept": {
            "INVALID_REASON_CAPTION": "Valid",
            "CONCEPT_ID": 22281,
            "STANDARD_CONCEPT": "S",
            "CONCEPT_CODE": "127040003",
            "VOCABULARY_ID": "SNOMED",
            "CONCEPT_NAME": "Sickle cell-hemoglobin SS disease",
            "DOMAIN_ID": "Condition",
            "STANDARD_CONCEPT_CAPTION": "Standard",
            "CONCEPT_CLASS_ID": "Clinical Finding",
            "INVALID_REASON": "V"
          },
          "includeMapped": false,
          "includeDescendants": false
        },
        {
          "isExcluded": false,
          "concept": {
            "INVALID_REASON_CAPTION": "Valid",
            "CONCEPT_ID": 23988,
            "STANDARD_CONCEPT": "S",
            "CONCEPT_CODE": "191170009",
            "VOCABULARY_ID": "SNOMED",
            "CONCEPT_NAME": "Hemolytic anemia due to glutathione metabolism disorder",
            "DOMAIN_ID": "Condition",
            "STANDARD_CONCEPT_CAPTION": "Standard",
            "CONCEPT_CLASS_ID": "Clinical Finding",
            "INVALID_REASON": "V"
          },
          "includeMapped": false,
          "includeDescendants": false
        },
        {
          "isExcluded": false,
          "concept": {
            "INVALID_REASON_CAPTION": "Valid",
            "CONCEPT_ID": 24006,
            "STANDARD_CONCEPT": "S",
            "CONCEPT_CODE": "35434009",
            "VOCABULARY_ID": "SNOMED",
            "CONCEPT_NAME": "Sickle cell-hemoglobin C disease",
            "DOMAIN_ID": "Condition",
            "STANDARD_CONCEPT_CAPTION": "Standard",
            "CONCEPT_CLASS_ID": "Clinical Finding",
            "INVALID_REASON": "V"
          },
          "includeMapped": false,
          "includeDescendants": false
        },
        {
          "isExcluded": false,
          "concept": {
            "INVALID_REASON_CAPTION": "Valid",
            "CONCEPT_ID": 25518,
            "STANDARD_CONCEPT": "S",
            "CONCEPT_CODE": "16402000",
            "VOCABULARY_ID": "SNOMED",
            "CONCEPT_NAME": "Sickle cell trait",
            "DOMAIN_ID": "Condition",
            "STANDARD_CONCEPT_CAPTION": "Standard",
            "CONCEPT_CLASS_ID": "Clinical Finding",
            "INVALID_REASON": "V"
          },
          "includeMapped": false,
          "includeDescendants": false
        },
        {
          "isExcluded": false,
          "concept": {
            "INVALID_REASON_CAPTION": "Valid",
            "CONCEPT_ID": 26942,
            "STANDARD_CONCEPT": "S",
            "CONCEPT_CODE": "417425009",
            "VOCABULARY_ID": "SNOMED",
            "CONCEPT_NAME": "Hemoglobin SS disease with crisis",
            "DOMAIN_ID": "Condition",
            "STANDARD_CONCEPT_CAPTION": "Standard",
            "CONCEPT_CLASS_ID": "Clinical Finding",
            "INVALID_REASON": "V"
          },
          "includeMapped": false,
          "includeDescendants": false
        }
      ]},
      "name": "[YSJH] Outcome1_KCD3",
      "id": 0
    },
    {
      "expression": {"items": [
        {
          "isExcluded": false,
          "concept": {
            "INVALID_REASON_CAPTION": "Valid",
            "CONCEPT_ID": 22281,
            "STANDARD_CONCEPT": "S",
            "CONCEPT_CODE": "127040003",
            "VOCABULARY_ID": "SNOMED",
            "CONCEPT_NAME": "Sickle cell-hemoglobin SS disease",
            "DOMAIN_ID": "Condition",
            "STANDARD_CONCEPT_CAPTION": "Standard",
            "CONCEPT_CLASS_ID": "Clinical Finding",
            "INVALID_REASON": "V"
          },
          "includeMapped": false,
          "includeDescendants": false
        },
        {
          "isExcluded": false,
          "concept": {
            "INVALID_REASON_CAPTION": "Valid",
            "CONCEPT_ID": 23988,
            "STANDARD_CONCEPT": "S",
            "CONCEPT_CODE": "191170009",
            "VOCABULARY_ID": "SNOMED",
            "CONCEPT_NAME": "Hemolytic anemia due to glutathione metabolism disorder",
            "DOMAIN_ID": "Condition",
            "STANDARD_CONCEPT_CAPTION": "Standard",
            "CONCEPT_CLASS_ID": "Clinical Finding",
            "INVALID_REASON": "V"
          },
          "includeMapped": false,
          "includeDescendants": false
        },
        {
          "isExcluded": false,
          "concept": {
            "INVALID_REASON_CAPTION": "Valid",
            "CONCEPT_ID": 24006,
            "STANDARD_CONCEPT": "S",
            "CONCEPT_CODE": "35434009",
            "VOCABULARY_ID": "SNOMED",
            "CONCEPT_NAME": "Sickle cell-hemoglobin C disease",
            "DOMAIN_ID": "Condition",
            "STANDARD_CONCEPT_CAPTION": "Standard",
            "CONCEPT_CLASS_ID": "Clinical Finding",
            "INVALID_REASON": "V"
          },
          "includeMapped": false,
          "includeDescendants": false
        },
        {
          "isExcluded": false,
          "concept": {
            "INVALID_REASON_CAPTION": "Valid",
            "CONCEPT_ID": 25518,
            "STANDARD_CONCEPT": "S",
            "CONCEPT_CODE": "16402000",
            "VOCABULARY_ID": "SNOMED",
            "CONCEPT_NAME": "Sickle cell trait",
            "DOMAIN_ID": "Condition",
            "STANDARD_CONCEPT_CAPTION": "Standard",
            "CONCEPT_CLASS_ID": "Clinical Finding",
            "INVALID_REASON": "V"
          },
          "includeMapped": false,
          "includeDescendants": false
        },
        {
          "isExcluded": false,
          "concept": {
            "INVALID_REASON_CAPTION": "Valid",
            "CONCEPT_ID": 26942,
            "STANDARD_CONCEPT": "S",
            "CONCEPT_CODE": "417425009",
            "VOCABULARY_ID": "SNOMED",
            "CONCEPT_NAME": "Hemoglobin SS disease with crisis",
            "DOMAIN_ID": "Condition",
            "STANDARD_CONCEPT_CAPTION": "Standard",
            "CONCEPT_CLASS_ID": "Clinical Finding",
            "INVALID_REASON": "V"
          },
          "includeMapped": false,
          "includeDescendants": false
        }
      ]},
      "name": "YSJH_Outcome1_KCD3",
      "id": 1
    }
  ],
  "cdmVersionRange": ">=5.0.0",
  "CensoringCriteria": [],
  "QualifiedLimit": {"Type": "First"},
  "InclusionRules": [],
  "PrimaryCriteria": {
    "CriteriaList": [{"ConditionOccurrence": {
      "OccurrenceEndDate": null,
      "CorrelatedCriteria": null,
      "ConditionTypeExclude": false,
      "CodesetId": 1,
      "ProviderSpecialty": null,
      "Gender": null,
      "VisitType": null,
      "First": true,
      "OccurrenceStartDate": null,
      "ConditionType": null,
      "ConditionSourceConcept": null,
      "ConditionStatus": null,
      "StopReason": null,
      "Age": null
    }}],
    "PrimaryCriteriaLimit": {"Type": "First"},
    "ObservationWindow": {
      "PostDays": 0,
      "PriorDays": 0
    }
  }
}