{
  "ExpressionLimit": {"Type": "First"},
  "CollapseSettings": {
    "CollapseType": "ERA",
    "EraPad": 0
  },
  "CensorWindow": {
    "StartDate": null,
    "EndDate": null
  },
  "ConceptSets": [
    {
      "expression": {"items": [
        {
          "isExcluded": false,
          "concept": {
            "INVALID_REASON_CAPTION": "Valid",
            "CONCEPT_ID": 22281,
            "STANDARD_CONCEPT": "S",
            "CONCEPT_CODE": "127040003",
            "VOCABULARY_ID": "SNOMED",
            "CONCEPT_NAME": "Sickle cell-hemoglobin SS disease",
            "DOMAIN_ID": "Condition",
            "STANDARD_CONCEPT_CAPTION": "Standard",
            "CONCEPT_CLASS_ID": "Clinical Finding",
            "INVALID_REASON": "V"
          },
          "includeMapped": false,
          "includeDescendants": false
        },
        {
          "isExcluded": false,
          "concept": {
            "INVALID_REASON_CAPTION": "Valid",
            "CONCEPT_ID": 23988,
            "STANDARD_CONCEPT": "S",
            "CONCEPT_CODE": "191170009",
            "VOCABULARY_ID": "SNOMED",
            "CONCEPT_NAME": "Hemolytic anemia due to glutathione metabolism disorder",
            "DOMAIN_ID": "Condition",
            "STANDARD_CONCEPT_CAPTION": "Standard",
            "CONCEPT_CLASS_ID": "Clinical Finding",
            "INVALID_REASON": "V"
          },
          "includeMapped": false,
          "includeDescendants": false
        },
        {
          "isExcluded": false,
          "concept": {
            "INVALID_REASON_CAPTION": "Valid",
            "CONCEPT_ID": 24006,
            "STANDARD_CONCEPT": "S",
            "CONCEPT_CODE": "35434009",
            "VOCABULARY_ID": "SNOMED",
            "CONCEPT_NAME": "Sickle cell-hemoglobin C disease",
            "DOMAIN_ID": "Condition",
            "STANDARD_CONCEPT_CAPTION": "Standard",
            "CONCEPT_CLASS_ID": "Clinical Finding",
            "INVALID_REASON": "V"
          },
          "includeMapped": false,
          "includeDescendants": false
        },
        {
          "isExcluded": false,
          "concept": {
            "INVALID_REASON_CAPTION": "Valid",
            "CONCEPT_ID": 25518,
            "STANDARD_CONCEPT": "S",
            "CONCEPT_CODE": "16402000",
            "VOCABULARY_ID": "SNOMED",
            "CONCEPT_NAME": "Sickle cell trait",
            "DOMAIN_ID": "Condition",
            "STANDARD_CONCEPT_CAPTION": "Standard",
            "CONCEPT_CLASS_ID": "Clinical Finding",
            "INVALID_REASON": "V"
          },
          "includeMapped": false,
          "includeDescendants": false
        },
        {
          "isExcluded": false,
          "concept": {
            "INVALID_REASON_CAPTION": "Valid",
            "CONCEPT_ID": 26942,
            "STANDARD_CONCEPT": "S",
            "CONCEPT_CODE": "417425009",
            "VOCABULARY_ID": "SNOMED",
            "CONCEPT_NAME": "Hemoglobin SS disease with crisis",
            "DOMAIN_ID": "Condition",
            "STANDARD_CONCEPT_CAPTION": "Standard",
            "CONCEPT_CLASS_ID": "Clinical Finding",
            "INVALID_REASON": "V"
          },
          "includeMapped": false,
          "includeDescendants": false
        }
      ]},
      "name": "[YSJH] Outcome1_KCD3",
      "id": 0
    },
    {
      "expression": {"items": [
        {
          "isExcluded": false,
          "concept": {
            "INVALID_REASON_CAPTION": "Valid",
            "CONCEPT_ID": 22281,
            "STANDARD_CONCEPT": "S",
            "CONCEPT_CODE": "127040003",
            "VOCABULARY_ID": "SNOMED",
            "CONCEPT_NAME": "Sickle cell-hemoglobin SS disease",
            "DOMAIN_ID": "Condition",
            "STANDARD_CONCEPT_CAPTION": "Standard",
            "CONCEPT_CLASS_ID": "Clinical Finding",
            "INVALID_REASON": "V"
          },
          "includeMapped": false,
          "includeDescendants": false
        },
        {
          "isExcluded": false,
          "concept": {
            "INVALID_REASON_CAPTION": "Valid",
            "CONCEPT_ID": 23988,
            "STANDARD_CONCEPT": "S",
            "CONCEPT_CODE": "191170009",
            "VOCABULARY_ID": "SNOMED",
            "CONCEPT_NAME": "Hemolytic anemia due to glutathione metabolism disorder",
            "DOMAIN_ID": "Condition",
            "STANDARD_CONCEPT_CAPTION": "Standard",
            "CONCEPT_CLASS_ID": "Clinical Finding",
            "INVALID_REASON": "V"
          },
          "includeMapped": false,
          "includeDescendants": false
        },
        {
          "isExcluded": false,
          "concept": {
            "INVALID_REASON_CAPTION": "Valid",
            "CONCEPT_ID": 24006,
            "STANDARD_CONCEPT": "S",
            "CONCEPT_CODE": "35434009",
            "VOCABULARY_ID": "SNOMED",
            "CONCEPT_NAME": "Sickle cell-hemoglobin C disease",
            "DOMAIN_ID": "Condition",
            "STANDARD_CONCEPT_CAPTION": "Standard",
            "CONCEPT_CLASS_ID": "Clinical Finding",
            "INVALID_REASON": "V"
          },
          "includeMapped": false,
          "includeDescendants": false
        },
        {
          "isExcluded": false,
          "concept": {
            "INVALID_REASON_CAPTION": "Valid",
            "CONCEPT_ID": 25518,
            "STANDARD_CONCEPT": "S",
            "CONCEPT_CODE": "16402000",
            "VOCABULARY_ID": "SNOMED",
            "CONCEPT_NAME": "Sickle cell trait",
            "DOMAIN_ID": "Condition",
            "STANDARD_CONCEPT_CAPTION": "Standard",
            "CONCEPT_CLASS_ID": "Clinical Finding",
            "INVALID_REASON": "V"
          },
          "includeMapped": false,
          "includeDescendants": false
        },
        {
          "isExcluded": false,
          "concept": {
            "INVALID_REASON_CAPTION": "Valid",
            "CONCEPT_ID": 26942,
            "STANDARD_CONCEPT": "S",
            "CONCEPT_CODE": "417425009",
            "VOCABULARY_ID": "SNOMED",
            "CONCEPT_NAME": "Hemoglobin SS disease with crisis",
            "DOMAIN_ID": "Condition",
            "STANDARD_CONCEPT_CAPTION": "Standard",
            "CONCEPT_CLASS_ID": "Clinical Finding",
            "INVALID_REASON": "V"
          },
          "includeMapped": false,
          "includeDescendants": false
        }
      ]},
      "name": "YSJH_Outcome1_KCD3",
      "id": 1
    },
    {
      "expression": {"items": [
        {
          "isExcluded": false,
          "concept": {
            "INVALID_REASON_CAPTION": "Valid",
            "CONCEPT_ID": 198131,
            "STANDARD_CONCEPT": "S",
            "CONCEPT_CODE": "71787009",
            "VOCABULARY_ID": "SNOMED",
            "CONCEPT_NAME": "Psychologic vaginismus",
            "DOMAIN_ID": "Condition",
            "STANDARD_CONCEPT_CAPTION": "Standard",
            "CONCEPT_CLASS_ID": "Clinical Finding",
            "INVALID_REASON": "V"
          },
          "includeMapped": false,
          "includeDescendants": false
        },
        {
          "isExcluded": false,
          "concept": {
            "INVALID_REASON_CAPTION": "Valid",
            "CONCEPT_ID": 372610,
            "STANDARD_CONCEPT": "S",
            "CONCEPT_CODE": "40425004",
            "VOCABULARY_ID": "SNOMED",
            "CONCEPT_NAME": "Postconcussion syndrome",
            "DOMAIN_ID": "Condition",
            "STANDARD_CONCEPT_CAPTION": "Standard",
            "CONCEPT_CLASS_ID": "Clinical Finding",
            "INVALID_REASON": "V"
          },
          "includeMapped": false,
          "includeDescendants": false
        },
        {
          "isExcluded": false,
          "concept": {
            "INVALID_REASON_CAPTION": "Valid",
            "CONCEPT_ID": 373175,
            "STANDARD_CONCEPT": "S",
            "CONCEPT_CODE": "45912004",
            "VOCABULARY_ID": "SNOMED",
            "CONCEPT_NAME": "Organic hallucinosis",
            "DOMAIN_ID": "Condition",
            "STANDARD_CONCEPT_CAPTION": "Standard",
            "CONCEPT_CLASS_ID": "Clinical Finding",
            "INVALID_REASON": "V"
          },
          "includeMapped": false,
          "includeDescendants": false
        },
        {
          "isExcluded": false,
          "concept": {
            "INVALID_REASON_CAPTION": "Valid",
            "CONCEPT_ID": 373176,
            "STANDARD_CONCEPT": "S",
            "CONCEPT_CODE": "23645006",
            "VOCABULARY_ID": "SNOMED",
            "CONCEPT_NAME": "Organic mood disorder",
            "DOMAIN_ID": "Condition",
            "STANDARD_CONCEPT_CAPTION": "Standard",
            "CONCEPT_CLASS_ID": "Clinical Finding",
            "INVALID_REASON": "V"
          },
          "includeMapped": false,
          "includeDescendants": false
        },
        {
          "isExcluded": false,
          "concept": {
            "INVALID_REASON_CAPTION": "Valid",
            "CONCEPT_ID": 373995,
            "STANDARD_CONCEPT": "S",
            "CONCEPT_CODE": "2776000",
            "VOCABULARY_ID": "SNOMED",
            "CONCEPT_NAME": "Delirium",
            "DOMAIN_ID": "Condition",
            "STANDARD_CONCEPT_CAPTION": "Standard",
            "CONCEPT_CLASS_ID": "Clinical Finding",
            "INVALID_REASON": "V"
          },
          "includeMapped": false,
          "includeDescendants": false
        }
      ]},
      "name": "YSJH_Outcome1_KCD5",
      "id": 2
    },
    {
      "expression": {"items": [
        {
          "isExcluded": false,
          "concept": {
            "INVALID_REASON_CAPTION": "Valid",
            "CONCEPT_ID": 72618,
            "STANDARD_CONCEPT": "S",
            "CONCEPT_CODE": "75047002",
            "VOCABULARY_ID": "SNOMED",
            "CONCEPT_NAME": "Disorder of skeletal muscle",
            "DOMAIN_ID": "Condition",
            "STANDARD_CONCEPT_CAPTION": "Standard",
            "CONCEPT_CLASS_ID": "Clinical Finding",
            "INVALID_REASON": "V"
          },
          "includeMapped": false,
          "includeDescendants": false
        },
        {
          "isExcluded": false,
          "concept": {
            "INVALID_REASON_CAPTION": "Valid",
            "CONCEPT_ID": 73183,
            "STANDARD_CONCEPT": "S",
            "CONCEPT_CODE": "193237003",
            "VOCABULARY_ID": "SNOMED",
            "CONCEPT_NAME": "Myotonic disorder",
            "DOMAIN_ID": "Condition",
            "STANDARD_CONCEPT_CAPTION": "Standard",
            "CONCEPT_CLASS_ID": "Clinical Finding",
            "INVALID_REASON": "V"
          },
          "includeMapped": false,
          "includeDescendants": false
        },
        {
          "isExcluded": false,
          "concept": {
            "INVALID_REASON_CAPTION": "Valid",
            "CONCEPT_ID": 76396,
            "STANDARD_CONCEPT": "S",
            "CONCEPT_CODE": "17940001",
            "VOCABULARY_ID": "SNOMED",
            "CONCEPT_NAME": "Toxic neuromuscular junction disorder",
            "DOMAIN_ID": "Condition",
            "STANDARD_CONCEPT_CAPTION": "Standard",
            "CONCEPT_CLASS_ID": "Clinical Finding",
            "INVALID_REASON": "V"
          },
          "includeMapped": false,
          "includeDescendants": false
        },
        {
          "isExcluded": false,
          "concept": {
            "INVALID_REASON_CAPTION": "Valid",
            "CONCEPT_ID": 76685,
            "STANDARD_CONCEPT": "S",
            "CONCEPT_CODE": "91637004",
            "VOCABULARY_ID": "SNOMED",
            "CONCEPT_NAME": "Myasthenia gravis",
            "DOMAIN_ID": "Condition",
            "STANDARD_CONCEPT_CAPTION": "Standard",
            "CONCEPT_CLASS_ID": "Clinical Finding",
            "INVALID_REASON": "V"
          },
          "includeMapped": false,
          "includeDescendants": false
        },
        {
          "isExcluded": false,
          "concept": {
            "INVALID_REASON_CAPTION": "Valid",
            "CONCEPT_ID": 81286,
            "STANDARD_CONCEPT": "S",
            "CONCEPT_CODE": "66952001",
            "VOCABULARY_ID": "SNOMED",
            "CONCEPT_NAME": "Toxic myopathy",
            "DOMAIN_ID": "Condition",
            "STANDARD_CONCEPT_CAPTION": "Standard",
            "CONCEPT_CLASS_ID": "Clinical Finding",
            "INVALID_REASON": "V"
          },
          "includeMapped": false,
          "includeDescendants": false
        }
      ]},
      "name": "YSJH_Outcome1_KCD6",
      "id": 3
    },
    {
      "expression": {"items": [
        {
          "isExcluded": false,
          "concept": {
            "INVALID_REASON_CAPTION": "Valid",
            "CONCEPT_ID": 22340,
            "STANDARD_CONCEPT": "S",
            "CONCEPT_CODE": "14223005",
            "VOCABULARY_ID": "SNOMED",
            "CONCEPT_NAME": "Esophageal varices without bleeding",
            "DOMAIN_ID": "Condition",
            "STANDARD_CONCEPT_CAPTION": "Standard",
            "CONCEPT_CLASS_ID": "Clinical Finding",
            "INVALID_REASON": "V"
          },
          "includeMapped": false,
          "includeDescendants": false
        },
        {
          "isExcluded": false,
          "concept": {
            "INVALID_REASON_CAPTION": "Valid",
            "CONCEPT_ID": 24966,
            "STANDARD_CONCEPT": "S",
            "CONCEPT_CODE": "28670008",
            "VOCABULARY_ID": "SNOMED",
            "CONCEPT_NAME": "Esophageal varices",
            "DOMAIN_ID": "Condition",
            "STANDARD_CONCEPT_CAPTION": "Standard",
            "CONCEPT_CLASS_ID": "Clinical Finding",
            "INVALID_REASON": "V"
          },
          "includeMapped": false,
          "includeDescendants": false
        },
        {
          "isExcluded": false,
          "concept": {
            "INVALID_REASON_CAPTION": "Valid",
            "CONCEPT_ID": 28779,
            "STANDARD_CONCEPT": "S",
            "CONCEPT_CODE": "17709002",
            "VOCABULARY_ID": "SNOMED",
            "CONCEPT_NAME": "Bleeding esophageal varices",
            "DOMAIN_ID": "Condition",
            "STANDARD_CONCEPT_CAPTION": "Standard",
            "CONCEPT_CLASS_ID": "Clinical Finding",
            "INVALID_REASON": "V"
          },
          "includeMapped": false,
          "includeDescendants": false
        },
        {
          "isExcluded": false,
          "concept": {
            "INVALID_REASON_CAPTION": "Valid",
            "CONCEPT_ID": 77310,
            "STANDARD_CONCEPT": "S",
            "CONCEPT_CODE": "266267005",
            "VOCABULARY_ID": "SNOMED",
            "CONCEPT_NAME": "Deep vein phlebitis and thrombophlebitis of the leg",
            "DOMAIN_ID": "Condition",
            "STANDARD_CONCEPT_CAPTION": "Standard",
            "CONCEPT_CLASS_ID": "Clinical Finding",
            "INVALID_REASON": "V"
          },
          "includeMapped": false,
          "includeDescendants": false
        },
        {
          "isExcluded": false,
          "concept": {
            "INVALID_REASON_CAPTION": "Valid",
            "CONCEPT_ID": 134057,
            "STANDARD_CONCEPT": "S",
            "CONCEPT_CODE": "49601007",
            "VOCABULARY_ID": "SNOMED",
            "CONCEPT_NAME": "Disorder of cardiovascular system",
            "DOMAIN_ID": "Condition",
            "STANDARD_CONCEPT_CAPTION": "Standard",
            "CONCEPT_CLASS_ID": "Clinical Finding",
            "INVALID_REASON": "V"
          },
          "includeMapped": false,
          "includeDescendants": false
        }
      ]},
      "name": "YSJH_Outcome1_KCD9",
      "id": 4
    },
    {
      "expression": {"items": [
        {
          "isExcluded": false,
          "concept": {
            "INVALID_REASON_CAPTION": "Valid",
            "CONCEPT_ID": 22350,
            "STANDARD_CONCEPT": "S",
            "CONCEPT_CODE": "51599000",
            "VOCABULARY_ID": "SNOMED",
            "CONCEPT_NAME": "Edema of larynx",
            "DOMAIN_ID": "Condition",
            "STANDARD_CONCEPT_CAPTION": "Standard",
            "CONCEPT_CLASS_ID": "Clinical Finding",
            "INVALID_REASON": "V"
          },
          "includeMapped": false,
          "includeDescendants": false
        },
        {
          "isExcluded": false,
          "concept": {
            "INVALID_REASON_CAPTION": "Valid",
            "CONCEPT_ID": 23220,
            "STANDARD_CONCEPT": "S",
            "CONCEPT_CODE": "90979004",
            "VOCABULARY_ID": "SNOMED",
            "CONCEPT_NAME": "Chronic tonsillitis",
            "DOMAIN_ID": "Condition",
            "STANDARD_CONCEPT_CAPTION": "Standard",
            "CONCEPT_CLASS_ID": "Clinical Finding",
            "INVALID_REASON": "V"
          },
          "includeMapped": false,
          "includeDescendants": false
        },
        {
          "isExcluded": false,
          "concept": {
            "INVALID_REASON_CAPTION": "Valid",
            "CONCEPT_ID": 23798,
            "STANDARD_CONCEPT": "S",
            "CONCEPT_CODE": "55355000",
            "VOCABULARY_ID": "SNOMED",
            "CONCEPT_NAME": "Acute laryngopharyngitis",
            "DOMAIN_ID": "Condition",
            "STANDARD_CONCEPT_CAPTION": "Standard",
            "CONCEPT_CLASS_ID": "Clinical Finding",
            "INVALID_REASON": "V"
          },
          "includeMapped": false,
          "includeDescendants": false
        },
        {
          "isExcluded": false,
          "concept": {
            "INVALID_REASON_CAPTION": "Valid",
            "CONCEPT_ID": 24660,
            "STANDARD_CONCEPT": "S",
            "CONCEPT_CODE": "17741008",
            "VOCABULARY_ID": "SNOMED",
            "CONCEPT_NAME": "Acute tonsillitis",
            "DOMAIN_ID": "Condition",
            "STANDARD_CONCEPT_CAPTION": "Standard",
            "CONCEPT_CLASS_ID": "Clinical Finding",
            "INVALID_REASON": "V"
          },
          "includeMapped": false,
          "includeDescendants": false
        },
        {
          "isExcluded": false,
          "concept": {
            "INVALID_REASON_CAPTION": "Valid",
            "CONCEPT_ID": 24970,
            "STANDARD_CONCEPT": "S",
            "CONCEPT_CODE": "29951006",
            "VOCABULARY_ID": "SNOMED",
            "CONCEPT_NAME": "Chronic laryngitis",
            "DOMAIN_ID": "Condition",
            "STANDARD_CONCEPT_CAPTION": "Standard",
            "CONCEPT_CLASS_ID": "Clinical Finding",
            "INVALID_REASON": "V"
          },
          "includeMapped": false,
          "includeDescendants": false
        }
      ]},
      "name": "YSJH_Outcome1_KCD10",
      "id": 5
    },
    {
      "expression": {"items": [
        {
          "isExcluded": false,
          "concept": {
            "INVALID_REASON_CAPTION": "Valid",
            "CONCEPT_ID": 22666,
            "STANDARD_CONCEPT": "S",
            "CONCEPT_CODE": "197130009",
            "VOCABULARY_ID": "SNOMED",
            "CONCEPT_NAME": "Vomiting after gastrointestinal tract surgery",
            "DOMAIN_ID": "Condition",
            "STANDARD_CONCEPT_CAPTION": "Standard",
            "CONCEPT_CLASS_ID": "Clinical Finding",
            "INVALID_REASON": "V"
          },
          "includeMapped": false,
          "includeDescendants": false
        },
        {
          "isExcluded": false,
          "concept": {
            "INVALID_REASON_CAPTION": "Valid",
            "CONCEPT_ID": 22820,
            "STANDARD_CONCEPT": "S",
            "CONCEPT_CODE": "15284007",
            "VOCABULARY_ID": "SNOMED",
            "CONCEPT_NAME": "Tuberculosis of esophagus",
            "DOMAIN_ID": "Condition",
            "STANDARD_CONCEPT_CAPTION": "Standard",
            "CONCEPT_CLASS_ID": "Clinical Finding",
            "INVALID_REASON": "V"
          },
          "includeMapped": false,
          "includeDescendants": false
        },
        {
          "isExcluded": false,
          "concept": {
            "INVALID_REASON_CAPTION": "Valid",
            "CONCEPT_ID": 22955,
            "STANDARD_CONCEPT": "S",
            "CONCEPT_CODE": "23387001",
            "VOCABULARY_ID": "SNOMED",
            "CONCEPT_NAME": "Perforation of esophagus",
            "DOMAIN_ID": "Condition",
            "STANDARD_CONCEPT_CAPTION": "Standard",
            "CONCEPT_CLASS_ID": "Clinical Finding",
            "INVALID_REASON": "V"
          },
          "includeMapped": false,
          "includeDescendants": false
        },
        {
          "isExcluded": false,
          "concept": {
            "INVALID_REASON_CAPTION": "Valid",
            "CONCEPT_ID": 25844,
            "STANDARD_CONCEPT": "S",
            "CONCEPT_CODE": "30811009",
            "VOCABULARY_ID": "SNOMED",
            "CONCEPT_NAME": "Ulcer of esophagus",
            "DOMAIN_ID": "Condition",
            "STANDARD_CONCEPT_CAPTION": "Standard",
            "CONCEPT_CLASS_ID": "Clinical Finding",
            "INVALID_REASON": "V"
          },
          "includeMapped": false,
          "includeDescendants": false
        },
        {
          "isExcluded": false,
          "concept": {
            "INVALID_REASON_CAPTION": "Valid",
            "CONCEPT_ID": 26441,
            "STANDARD_CONCEPT": "S",
            "CONCEPT_CODE": "57748001",
            "VOCABULARY_ID": "SNOMED",
            "CONCEPT_NAME": "Bleeding ulcer of esophagus",
            "DOMAIN_ID": "Condition",
            "STANDARD_CONCEPT_CAPTION": "Standard",
            "CONCEPT_CLASS_ID": "Clinical Finding",
            "INVALID_REASON": "V"
          },
          "includeMapped": false,
          "includeDescendants": false
        }
      ]},
      "name": "YSJH_Outcome1_KCD11",
      "id": 6
    },
    {
      "expression": {"items": [
        {
          "isExcluded": false,
          "concept": {
            "INVALID_REASON_CAPTION": "Valid",
            "CONCEPT_ID": 73819,
            "STANDARD_CONCEPT": "S",
            "CONCEPT_CODE": "53430007",
            "VOCABULARY_ID": "SNOMED",
            "CONCEPT_NAME": "Pain of breast",
            "DOMAIN_ID": "Condition",
            "STANDARD_CONCEPT_CAPTION": "Standard",
            "CONCEPT_CLASS_ID": "Clinical Finding",
            "INVALID_REASON": "V"
          },
          "includeMapped": false,
          "includeDescendants": false
        },
        {
          "isExcluded": false,
          "concept": {
            "INVALID_REASON_CAPTION": "Valid",
            "CONCEPT_ID": 74080,
            "STANDARD_CONCEPT": "S",
            "CONCEPT_CODE": "32482005",
            "VOCABULARY_ID": "SNOMED",
            "CONCEPT_NAME": "Orthostatic proteinuria",
            "DOMAIN_ID": "Condition",
            "STANDARD_CONCEPT_CAPTION": "Standard",
            "CONCEPT_CLASS_ID": "Clinical Finding",
            "INVALID_REASON": "V"
          },
          "includeMapped": false,
          "includeDescendants": false
        },
        {
          "isExcluded": false,
          "concept": {
            "INVALID_REASON_CAPTION": "Valid",
            "CONCEPT_ID": 74998,
            "STANDARD_CONCEPT": "S",
            "CONCEPT_CODE": "11666007",
            "VOCABULARY_ID": "SNOMED",
            "CONCEPT_NAME": "Infected hydrocele",
            "DOMAIN_ID": "Condition",
            "STANDARD_CONCEPT_CAPTION": "Standard",
            "CONCEPT_CLASS_ID": "Clinical Finding",
            "INVALID_REASON": "V"
          },
          "includeMapped": false,
          "includeDescendants": false
        },
        {
          "isExcluded": false,
          "concept": {
            "INVALID_REASON_CAPTION": "Valid",
            "CONCEPT_ID": 75010,
            "STANDARD_CONCEPT": "S",
            "CONCEPT_CODE": "23260002",
            "VOCABULARY_ID": "SNOMED",
            "CONCEPT_NAME": "Fibroadenosis of breast",
            "DOMAIN_ID": "Condition",
            "STANDARD_CONCEPT_CAPTION": "Standard",
            "CONCEPT_CLASS_ID": "Clinical Finding",
            "INVALID_REASON": "V"
          },
          "includeMapped": false,
          "includeDescendants": false
        },
        {
          "isExcluded": false,
          "concept": {
            "INVALID_REASON_CAPTION": "Valid",
            "CONCEPT_ID": 75311,
            "STANDARD_CONCEPT": "S",
            "CONCEPT_CODE": "29070004",
            "VOCABULARY_ID": "SNOMED",
            "CONCEPT_NAME": "Fibrosclerosis of breast",
            "DOMAIN_ID": "Condition",
            "STANDARD_CONCEPT_CAPTION": "Standard",
            "CONCEPT_CLASS_ID": "Clinical Finding",
            "INVALID_REASON": "V"
          },
          "includeMapped": false,
          "includeDescendants": false
        }
      ]},
      "name": "YSJH_Outcome1_KCD14",
      "id": 7
    },
    {
      "expression": {"items": [
        {
          "isExcluded": false,
          "concept": {
            "INVALID_REASON_CAPTION": "Valid",
            "CONCEPT_ID": 314754,
            "STANDARD_CONCEPT": "S",
            "CONCEPT_CODE": "56018004",
            "VOCABULARY_ID": "SNOMED",
            "CONCEPT_NAME": "Wheezing",
            "DOMAIN_ID": "Condition",
            "STANDARD_CONCEPT_CAPTION": "Standard",
            "CONCEPT_CLASS_ID": "Clinical Finding",
            "INVALID_REASON": "V"
          },
          "includeMapped": false,
          "includeDescendants": false
        },
        {
          "isExcluded": false,
          "concept": {
            "INVALID_REASON_CAPTION": "Valid",
            "CONCEPT_ID": 261687,
            "STANDARD_CONCEPT": "S",
            "CONCEPT_CODE": "66857006",
            "VOCABULARY_ID": "SNOMED",
            "CONCEPT_NAME": "Hemoptysis",
            "DOMAIN_ID": "Condition",
            "STANDARD_CONCEPT_CAPTION": "Standard",
            "CONCEPT_CLASS_ID": "Clinical Finding",
            "INVALID_REASON": "V"
          },
          "includeMapped": false,
          "includeDescendants": false
        },
        {
          "isExcluded": false,
          "concept": {
            "INVALID_REASON_CAPTION": "Valid",
            "CONCEPT_ID": 194475,
            "STANDARD_CONCEPT": "S",
            "CONCEPT_CODE": "65958008",
            "VOCABULARY_ID": "SNOMED",
            "CONCEPT_NAME": "Hiccoughs",
            "DOMAIN_ID": "Condition",
            "STANDARD_CONCEPT_CAPTION": "Standard",
            "CONCEPT_CLASS_ID": "Clinical Finding",
            "INVALID_REASON": "V"
          },
          "includeMapped": false,
          "includeDescendants": false
        },
        {
          "isExcluded": false,
          "concept": {
            "INVALID_REASON_CAPTION": "Valid",
            "CONCEPT_ID": 4169095,
            "STANDARD_CONCEPT": "S",
            "CONCEPT_CODE": "48867003",
            "VOCABULARY_ID": "SNOMED",
            "CONCEPT_NAME": "Bradycardia",
            "DOMAIN_ID": "Condition",
            "STANDARD_CONCEPT_CAPTION": "Standard",
            "CONCEPT_CLASS_ID": "Clinical Finding",
            "INVALID_REASON": "V"
          },
          "includeMapped": false,
          "includeDescendants": false
        },
        {
          "isExcluded": false,
          "concept": {
            "INVALID_REASON_CAPTION": "Valid",
            "CONCEPT_ID": 439928,
            "STANDARD_CONCEPT": "S",
            "CONCEPT_CODE": "372070002",
            "VOCABULARY_ID": "SNOMED",
            "CONCEPT_NAME": "Gangrenous disorder",
            "DOMAIN_ID": "Condition",
            "STANDARD_CONCEPT_CAPTION": "Standard",
            "CONCEPT_CLASS_ID": "Clinical Finding",
            "INVALID_REASON": "V"
          },
          "includeMapped": false,
          "includeDescendants": false
        }
      ]},
      "name": "YSJH_Outcome1_KCD18",
      "id": 8
    }
  ],
  "cdmVersionRange": ">=5.0.0",
  "CensoringCriteria": [],
  "QualifiedLimit": {"Type": "First"},
  "InclusionRules": [],
  "PrimaryCriteria": {
    "CriteriaList": [{"ConditionOccurrence": {
      "OccurrenceEndDate": null,
      "CorrelatedCriteria": null,
      "ConditionTypeExclude": false,
      "CodesetId": 8,
      "ProviderSpecialty": null,
      "Gender": null,
      "VisitType": null,
      "First": true,
      "OccurrenceStartDate": null,
      "ConditionType": null,
      "ConditionSourceConcept": null,
      "ConditionStatus": null,
      "StopReason": null,
      "Age": null
    }}],
    "PrimaryCriteriaLimit": {"Type": "First"},
    "ObservationWindow": {
      "PostDays": 0,
      "PriorDays": 0
    }
  }
}