{
  "ExpressionLimit": {"Type": "First"},
  "CollapseSettings": {
    "CollapseType": "ERA",
    "EraPad": 0
  },
  "CensorWindow": {
    "StartDate": null,
    "EndDate": null
  },
  "ConceptSets": [
    {
      "expression": {"items": [
        {
          "isExcluded": false,
          "concept": {
            "INVALID_REASON_CAPTION": "Valid",
            "CONCEPT_ID": 22281,
            "STANDARD_CONCEPT": "S",
            "CONCEPT_CODE": "127040003",
            "VOCABULARY_ID": "SNOMED",
            "CONCEPT_NAME": "Sickle cell-hemoglobin SS disease",
            "DOMAIN_ID": "Condition",
            "STANDARD_CONCEPT_CAPTION": "Standard",
            "CONCEPT_CLASS_ID": "Clinical Finding",
            "INVALID_REASON": "V"
          },
          "includeMapped": false,
          "includeDescendants": false
        },
        {
          "isExcluded": false,
          "concept": {
            "INVALID_REASON_CAPTION": "Valid",
            "CONCEPT_ID": 23988,
            "STANDARD_CONCEPT": "S",
            "CONCEPT_CODE": "191170009",
            "VOCABULARY_ID": "SNOMED",
            "CONCEPT_NAME": "Hemolytic anemia due to glutathione metabolism disorder",
            "DOMAIN_ID": "Condition",
            "STANDARD_CONCEPT_CAPTION": "Standard",
            "CONCEPT_CLASS_ID": "Clinical Finding",
            "INVALID_REASON": "V"
          },
          "includeMapped": false,
          "includeDescendants": false
        },
        {
          "isExcluded": false,
          "concept": {
            "INVALID_REASON_CAPTION": "Valid",
            "CONCEPT_ID": 24006,
            "STANDARD_CONCEPT": "S",
            "CONCEPT_CODE": "35434009",
            "VOCABULARY_ID": "SNOMED",
            "CONCEPT_NAME": "Sickle cell-hemoglobin C disease",
            "DOMAIN_ID": "Condition",
            "STANDARD_CONCEPT_CAPTION": "Standard",
            "CONCEPT_CLASS_ID": "Clinical Finding",
            "INVALID_REASON": "V"
          },
          "includeMapped": false,
          "includeDescendants": false
        },
        {
          "isExcluded": false,
          "concept": {
            "INVALID_REASON_CAPTION": "Valid",
            "CONCEPT_ID": 25518,
            "STANDARD_CONCEPT": "S",
            "CONCEPT_CODE": "16402000",
            "VOCABULARY_ID": "SNOMED",
            "CONCEPT_NAME": "Sickle cell trait",
            "DOMAIN_ID": "Condition",
            "STANDARD_CONCEPT_CAPTION": "Standard",
            "CONCEPT_CLASS_ID": "Clinical Finding",
            "INVALID_REASON": "V"
          },
          "includeMapped": false,
          "includeDescendants": false
        },
        {
          "isExcluded": false,
          "concept": {
            "INVALID_REASON_CAPTION": "Valid",
            "CONCEPT_ID": 26942,
            "STANDARD_CONCEPT": "S",
            "CONCEPT_CODE": "417425009",
            "VOCABULARY_ID": "SNOMED",
            "CONCEPT_NAME": "Hemoglobin SS disease with crisis",
            "DOMAIN_ID": "Condition",
            "STANDARD_CONCEPT_CAPTION": "Standard",
            "CONCEPT_CLASS_ID": "Clinical Finding",
            "INVALID_REASON": "V"
          },
          "includeMapped": false,
          "includeDescendants": false
        }
      ]},
      "name": "[YSJH] Outcome1_KCD3",
      "id": 0
    },
    {
      "expression": {"items": [
        {
          "isExcluded": false,
          "concept": {
            "INVALID_REASON_CAPTION": "Valid",
            "CONCEPT_ID": 22281,
            "STANDARD_CONCEPT": "S",
            "CONCEPT_CODE": "127040003",
            "VOCABULARY_ID": "SNOMED",
            "CONCEPT_NAME": "Sickle cell-hemoglobin SS disease",
            "DOMAIN_ID": "Condition",
            "STANDARD_CONCEPT_CAPTION": "Standard",
            "CONCEPT_CLASS_ID": "Clinical Finding",
            "INVALID_REASON": "V"
          },
          "includeMapped": false,
          "includeDescendants": false
        },
        {
          "isExcluded": false,
          "concept": {
            "INVALID_REASON_CAPTION": "Valid",
            "CONCEPT_ID": 23988,
            "STANDARD_CONCEPT": "S",
            "CONCEPT_CODE": "191170009",
            "VOCABULARY_ID": "SNOMED",
            "CONCEPT_NAME": "Hemolytic anemia due to glutathione metabolism disorder",
            "DOMAIN_ID": "Condition",
            "STANDARD_CONCEPT_CAPTION": "Standard",
            "CONCEPT_CLASS_ID": "Clinical Finding",
            "INVALID_REASON": "V"
          },
          "includeMapped": false,
          "includeDescendants": false
        },
        {
          "isExcluded": false,
          "concept": {
            "INVALID_REASON_CAPTION": "Valid",
            "CONCEPT_ID": 24006,
            "STANDARD_CONCEPT": "S",
            "CONCEPT_CODE": "35434009",
            "VOCABULARY_ID": "SNOMED",
            "CONCEPT_NAME": "Sickle cell-hemoglobin C disease",
            "DOMAIN_ID": "Condition",
            "STANDARD_CONCEPT_CAPTION": "Standard",
            "CONCEPT_CLASS_ID": "Clinical Finding",
            "INVALID_REASON": "V"
          },
          "includeMapped": false,
          "includeDescendants": false
        },
        {
          "isExcluded": false,
          "concept": {
            "INVALID_REASON_CAPTION": "Valid",
            "CONCEPT_ID": 25518,
            "STANDARD_CONCEPT": "S",
            "CONCEPT_CODE": "16402000",
            "VOCABULARY_ID": "SNOMED",
            "CONCEPT_NAME": "Sickle cell trait",
            "DOMAIN_ID": "Condition",
            "STANDARD_CONCEPT_CAPTION": "Standard",
            "CONCEPT_CLASS_ID": "Clinical Finding",
            "INVALID_REASON": "V"
          },
          "includeMapped": false,
          "includeDescendants": false
        },
        {
          "isExcluded": false,
          "concept": {
            "INVALID_REASON_CAPTION": "Valid",
            "CONCEPT_ID": 26942,
            "STANDARD_CONCEPT": "S",
            "CONCEPT_CODE": "417425009",
            "VOCABULARY_ID": "SNOMED",
            "CONCEPT_NAME": "Hemoglobin SS disease with crisis",
            "DOMAIN_ID": "Condition",
            "STANDARD_CONCEPT_CAPTION": "Standard",
            "CONCEPT_CLASS_ID": "Clinical Finding",
            "INVALID_REASON": "V"
          },
          "includeMapped": false,
          "includeDescendants": false
        }
      ]},
      "name": "YSJH_Outcome1_KCD3",
      "id": 1
    },
    {
      "expression": {"items": [
        {
          "isExcluded": false,
          "concept": {
            "INVALID_REASON_CAPTION": "Valid",
            "CONCEPT_ID": 198131,
            "STANDARD_CONCEPT": "S",
            "CONCEPT_CODE": "71787009",
            "VOCABULARY_ID": "SNOMED",
            "CONCEPT_NAME": "Psychologic vaginismus",
            "DOMAIN_ID": "Condition",
            "STANDARD_CONCEPT_CAPTION": "Standard",
            "CONCEPT_CLASS_ID": "Clinical Finding",
            "INVALID_REASON": "V"
          },
          "includeMapped": false,
          "includeDescendants": false
        },
        {
          "isExcluded": false,
          "concept": {
            "INVALID_REASON_CAPTION": "Valid",
            "CONCEPT_ID": 372610,
            "STANDARD_CONCEPT": "S",
            "CONCEPT_CODE": "40425004",
            "VOCABULARY_ID": "SNOMED",
            "CONCEPT_NAME": "Postconcussion syndrome",
            "DOMAIN_ID": "Condition",
            "STANDARD_CONCEPT_CAPTION": "Standard",
            "CONCEPT_CLASS_ID": "Clinical Finding",
            "INVALID_REASON": "V"
          },
          "includeMapped": false,
          "includeDescendants": false
        },
        {
          "isExcluded": false,
          "concept": {
            "INVALID_REASON_CAPTION": "Valid",
            "CONCEPT_ID": 373175,
            "STANDARD_CONCEPT": "S",
            "CONCEPT_CODE": "45912004",
            "VOCABULARY_ID": "SNOMED",
            "CONCEPT_NAME": "Organic hallucinosis",
            "DOMAIN_ID": "Condition",
            "STANDARD_CONCEPT_CAPTION": "Standard",
            "CONCEPT_CLASS_ID": "Clinical Finding",
            "INVALID_REASON": "V"
          },
          "includeMapped": false,
          "includeDescendants": false
        },
        {
          "isExcluded": false,
          "concept": {
            "INVALID_REASON_CAPTION": "Valid",
            "CONCEPT_ID": 373176,
            "STANDARD_CONCEPT": "S",
            "CONCEPT_CODE": "23645006",
            "VOCABULARY_ID": "SNOMED",
            "CONCEPT_NAME": "Organic mood disorder",
            "DOMAIN_ID": "Condition",
            "STANDARD_CONCEPT_CAPTION": "Standard",
            "CONCEPT_CLASS_ID": "Clinical Finding",
            "INVALID_REASON": "V"
          },
          "includeMapped": false,
          "includeDescendants": false
        },
        {
          "isExcluded": false,
          "concept": {
            "INVALID_REASON_CAPTION": "Valid",
            "CONCEPT_ID": 373995,
            "STANDARD_CONCEPT": "S",
            "CONCEPT_CODE": "2776000",
            "VOCABULARY_ID": "SNOMED",
            "CONCEPT_NAME": "Delirium",
            "DOMAIN_ID": "Condition",
            "STANDARD_CONCEPT_CAPTION": "Standard",
            "CONCEPT_CLASS_ID": "Clinical Finding",
            "INVALID_REASON": "V"
          },
          "includeMapped": false,
          "includeDescendants": false
        }
      ]},
      "name": "YSJH_Outcome1_KCD5",
      "id": 2
    },
    {
      "expression": {"items": [
        {
          "isExcluded": false,
          "concept": {
            "INVALID_REASON_CAPTION": "Valid",
            "CONCEPT_ID": 72618,
            "STANDARD_CONCEPT": "S",
            "CONCEPT_CODE": "75047002",
            "VOCABULARY_ID": "SNOMED",
            "CONCEPT_NAME": "Disorder of skeletal muscle",
            "DOMAIN_ID": "Condition",
            "STANDARD_CONCEPT_CAPTION": "Standard",
            "CONCEPT_CLASS_ID": "Clinical Finding",
            "INVALID_REASON": "V"
          },
          "includeMapped": false,
          "includeDescendants": false
        },
        {
          "isExcluded": false,
          "concept": {
            "INVALID_REASON_CAPTION": "Valid",
            "CONCEPT_ID": 73183,
            "STANDARD_CONCEPT": "S",
            "CONCEPT_CODE": "193237003",
            "VOCABULARY_ID": "SNOMED",
            "CONCEPT_NAME": "Myotonic disorder",
            "DOMAIN_ID": "Condition",
            "STANDARD_CONCEPT_CAPTION": "Standard",
            "CONCEPT_CLASS_ID": "Clinical Finding",
            "INVALID_REASON": "V"
          },
          "includeMapped": false,
          "includeDescendants": false
        },
        {
          "isExcluded": false,
          "concept": {
            "INVALID_REASON_CAPTION": "Valid",
            "CONCEPT_ID": 76396,
            "STANDARD_CONCEPT": "S",
            "CONCEPT_CODE": "17940001",
            "VOCABULARY_ID": "SNOMED",
            "CONCEPT_NAME": "Toxic neuromuscular junction disorder",
            "DOMAIN_ID": "Condition",
            "STANDARD_CONCEPT_CAPTION": "Standard",
            "CONCEPT_CLASS_ID": "Clinical Finding",
            "INVALID_REASON": "V"
          },
          "includeMapped": false,
          "includeDescendants": false
        },
        {
          "isExcluded": false,
          "concept": {
            "INVALID_REASON_CAPTION": "Valid",
            "CONCEPT_ID": 76685,
            "STANDARD_CONCEPT": "S",
            "CONCEPT_CODE": "91637004",
            "VOCABULARY_ID": "SNOMED",
            "CONCEPT_NAME": "Myasthenia gravis",
            "DOMAIN_ID": "Condition",
            "STANDARD_CONCEPT_CAPTION": "Standard",
            "CONCEPT_CLASS_ID": "Clinical Finding",
            "INVALID_REASON": "V"
          },
          "includeMapped": false,
          "includeDescendants": false
        },
        {
          "isExcluded": false,
          "concept": {
            "INVALID_REASON_CAPTION": "Valid",
            "CONCEPT_ID": 81286,
            "STANDARD_CONCEPT": "S",
            "CONCEPT_CODE": "66952001",
            "VOCABULARY_ID": "SNOMED",
            "CONCEPT_NAME": "Toxic myopathy",
            "DOMAIN_ID": "Condition",
            "STANDARD_CONCEPT_CAPTION": "Standard",
            "CONCEPT_CLASS_ID": "Clinical Finding",
            "INVALID_REASON": "V"
          },
          "includeMapped": false,
          "includeDescendants": false
        }
      ]},
      "name": "YSJH_Outcome1_KCD6",
      "id": 3
    },
    {
      "expression": {"items": [
        {
          "isExcluded": false,
          "concept": {
            "INVALID_REASON_CAPTION": "Valid",
            "CONCEPT_ID": 432296,
            "STANDARD_CONCEPT": "S",
            "CONCEPT_CODE": "86075001",
            "VOCABULARY_ID": "SNOMED",
            "CONCEPT_NAME": "Coagulation factor deficiency syndrome",
            "DOMAIN_ID": "Condition",
            "STANDARD_CONCEPT_CAPTION": "Standard",
            "CONCEPT_CLASS_ID": "Clinical Finding",
            "INVALID_REASON": "V"
          },
          "includeMapped": false,
          "includeDescendants": false
        },
        {
          "isExcluded": false,
          "concept": {
            "INVALID_REASON_CAPTION": "Valid",
            "CONCEPT_ID": 432585,
            "STANDARD_CONCEPT": "S",
            "CONCEPT_CODE": "64779008",
            "VOCABULARY_ID": "SNOMED",
            "CONCEPT_NAME": "Blood coagulation disorder",
            "DOMAIN_ID": "Condition",
            "STANDARD_CONCEPT_CAPTION": "Standard",
            "CONCEPT_CLASS_ID": "Clinical Finding",
            "INVALID_REASON": "V"
          },
          "includeMapped": false,
          "includeDescendants": false
        },
        {
          "isExcluded": false,
          "concept": {
            "INVALID_REASON_CAPTION": "Valid",
            "CONCEPT_ID": 432863,
            "STANDARD_CONCEPT": "S",
            "CONCEPT_CODE": "25904003",
            "VOCABULARY_ID": "SNOMED",
            "CONCEPT_NAME": "Acquired coagulation factor deficiency",
            "DOMAIN_ID": "Condition",
            "STANDARD_CONCEPT_CAPTION": "Standard",
            "CONCEPT_CLASS_ID": "Clinical Finding",
            "INVALID_REASON": "V"
          },
          "includeMapped": false,
          "includeDescendants": false
        },
        {
          "isExcluded": false,
          "concept": {
            "INVALID_REASON_CAPTION": "Valid",
            "CONCEPT_ID": 432869,
            "STANDARD_CONCEPT": "S",
            "CONCEPT_CODE": "191287000",
            "VOCABULARY_ID": "SNOMED",
            "CONCEPT_NAME": "Hemorrhagic disorder due to circulating anticoagulants",
            "DOMAIN_ID": "Condition",
            "STANDARD_CONCEPT_CAPTION": "Standard",
            "CONCEPT_CLASS_ID": "Clinical Finding",
            "INVALID_REASON": "V"
          },
          "includeMapped": false,
          "includeDescendants": false
        },
        {
          "isExcluded": false,
          "concept": {
            "INVALID_REASON_CAPTION": "Valid",
            "CONCEPT_ID": 432870,
            "STANDARD_CONCEPT": "S",
            "CONCEPT_CODE": "302215000",
            "VOCABULARY_ID": "SNOMED",
            "CONCEPT_NAME": "Thrombocytopenic disorder",
            "DOMAIN_ID": "Condition",
            "STANDARD_CONCEPT_CAPTION": "Standard",
            "CONCEPT_CLASS_ID": "Clinical Finding",
            "INVALID_REASON": "V"
          },
          "includeMapped": false,
          "includeDescendants": false
        }
      ]},
      "name": "YSJH_Outcome2_KCD3_4",
      "id": 4
    },
    {
      "expression": {"items": [
        {
          "isExcluded": false,
          "concept": {
            "INVALID_REASON_CAPTION": "Valid",
            "CONCEPT_ID": 192279,
            "STANDARD_CONCEPT": "S",
            "CONCEPT_CODE": "127013003",
            "VOCABULARY_ID": "SNOMED",
            "CONCEPT_NAME": "Disorder of kidney due to diabetes mellitus",
            "DOMAIN_ID": "Condition",
            "STANDARD_CONCEPT_CAPTION": "Standard",
            "CONCEPT_CLASS_ID": "Clinical Finding",
            "INVALID_REASON": "V"
          },
          "includeMapped": false,
          "includeDescendants": false
        },
        {
          "isExcluded": false,
          "concept": {
            "INVALID_REASON_CAPTION": "Valid",
            "CONCEPT_ID": 200687,
            "STANDARD_CONCEPT": "S",
            "CONCEPT_CODE": "421893009",
            "VOCABULARY_ID": "SNOMED",
            "CONCEPT_NAME": "Renal disorder due to type 1 diabetes mellitus",
            "DOMAIN_ID": "Condition",
            "STANDARD_CONCEPT_CAPTION": "Standard",
            "CONCEPT_CLASS_ID": "Clinical Finding",
            "INVALID_REASON": "V"
          },
          "includeMapped": false,
          "includeDescendants": false
        },
        {
          "isExcluded": false,
          "concept": {
            "INVALID_REASON_CAPTION": "Valid",
            "CONCEPT_ID": 201254,
            "STANDARD_CONCEPT": "S",
            "CONCEPT_CODE": "46635009",
            "VOCABULARY_ID": "SNOMED",
            "CONCEPT_NAME": "Type 1 diabetes mellitus",
            "DOMAIN_ID": "Condition",
            "STANDARD_CONCEPT_CAPTION": "Standard",
            "CONCEPT_CLASS_ID": "Clinical Finding",
            "INVALID_REASON": "V"
          },
          "includeMapped": false,
          "includeDescendants": false
        },
        {
          "isExcluded": false,
          "concept": {
            "INVALID_REASON_CAPTION": "Valid",
            "CONCEPT_ID": 201820,
            "STANDARD_CONCEPT": "S",
            "CONCEPT_CODE": "73211009",
            "VOCABULARY_ID": "SNOMED",
            "CONCEPT_NAME": "Diabetes mellitus",
            "DOMAIN_ID": "Condition",
            "STANDARD_CONCEPT_CAPTION": "Standard",
            "CONCEPT_CLASS_ID": "Clinical Finding",
            "INVALID_REASON": "V"
          },
          "includeMapped": false,
          "includeDescendants": false
        },
        {
          "isExcluded": false,
          "concept": {
            "INVALID_REASON_CAPTION": "Valid",
            "CONCEPT_ID": 201826,
            "STANDARD_CONCEPT": "S",
            "CONCEPT_CODE": "44054006",
            "VOCABULARY_ID": "SNOMED",
            "CONCEPT_NAME": "Type 2 diabetes mellitus",
            "DOMAIN_ID": "Condition",
            "STANDARD_CONCEPT_CAPTION": "Standard",
            "CONCEPT_CLASS_ID": "Clinical Finding",
            "INVALID_REASON": "V"
          },
          "includeMapped": false,
          "includeDescendants": false
        }
      ]},
      "name": "YSJH_Outcome2_KCD4_2",
      "id": 5
    },
    {
      "expression": {"items": [
        {
          "isExcluded": false,
          "concept": {
            "INVALID_REASON_CAPTION": "Valid",
            "CONCEPT_ID": 433440,
            "STANDARD_CONCEPT": "S",
            "CONCEPT_CODE": "78667006",
            "VOCABULARY_ID": "SNOMED",
            "CONCEPT_NAME": "Dysthymia",
            "DOMAIN_ID": "Condition",
            "STANDARD_CONCEPT_CAPTION": "Standard",
            "CONCEPT_CLASS_ID": "Clinical Finding",
            "INVALID_REASON": "V"
          },
          "includeMapped": false,
          "includeDescendants": false
        },
        {
          "isExcluded": false,
          "concept": {
            "INVALID_REASON_CAPTION": "Valid",
            "CONCEPT_ID": 433991,
            "STANDARD_CONCEPT": "S",
            "CONCEPT_CODE": "68019004",
            "VOCABULARY_ID": "SNOMED",
            "CONCEPT_NAME": "Recurrent major depression in remission",
            "DOMAIN_ID": "Condition",
            "STANDARD_CONCEPT_CAPTION": "Standard",
            "CONCEPT_CLASS_ID": "Clinical Finding",
            "INVALID_REASON": "V"
          },
          "includeMapped": false,
          "includeDescendants": false
        },
        {
          "isExcluded": false,
          "concept": {
            "INVALID_REASON_CAPTION": "Valid",
            "CONCEPT_ID": 434911,
            "STANDARD_CONCEPT": "S",
            "CONCEPT_CODE": "191613003",
            "VOCABULARY_ID": "SNOMED",
            "CONCEPT_NAME": "Recurrent major depressive episodes, severe, with psychosis",
            "DOMAIN_ID": "Condition",
            "STANDARD_CONCEPT_CAPTION": "Standard",
            "CONCEPT_CLASS_ID": "Clinical Finding",
            "INVALID_REASON": "V"
          },
          "includeMapped": false,
          "includeDescendants": false
        },
        {
          "isExcluded": false,
          "concept": {
            "INVALID_REASON_CAPTION": "Valid",
            "CONCEPT_ID": 435220,
            "STANDARD_CONCEPT": "S",
            "CONCEPT_CODE": "36474008",
            "VOCABULARY_ID": "SNOMED",
            "CONCEPT_NAME": "Severe recurrent major depression without psychotic features",
            "DOMAIN_ID": "Condition",
            "STANDARD_CONCEPT_CAPTION": "Standard",
            "CONCEPT_CLASS_ID": "Clinical Finding",
            "INVALID_REASON": "V"
          },
          "includeMapped": false,
          "includeDescendants": false
        },
        {
          "isExcluded": false,
          "concept": {
            "INVALID_REASON_CAPTION": "Valid",
            "CONCEPT_ID": 435226,
            "STANDARD_CONCEPT": "S",
            "CONCEPT_CODE": "192362008",
            "VOCABULARY_ID": "SNOMED",
            "CONCEPT_NAME": "Bipolar affective disorder, current episode mixed",
            "DOMAIN_ID": "Condition",
            "STANDARD_CONCEPT_CAPTION": "Standard",
            "CONCEPT_CLASS_ID": "Clinical Finding",
            "INVALID_REASON": "V"
          },
          "includeMapped": false,
          "includeDescendants": false
        }
      ]},
      "name": "YSJH_Outcome2_KCD5_4",
      "id": 6
    },
    {
      "expression": {"items": [
        {
          "isExcluded": false,
          "concept": {
            "INVALID_REASON_CAPTION": "Valid",
            "CONCEPT_ID": 312327,
            "STANDARD_CONCEPT": "S",
            "CONCEPT_CODE": "57054005",
            "VOCABULARY_ID": "SNOMED",
            "CONCEPT_NAME": "Acute myocardial infarction",
            "DOMAIN_ID": "Condition",
            "STANDARD_CONCEPT_CAPTION": "Standard",
            "CONCEPT_CLASS_ID": "Clinical Finding",
            "INVALID_REASON": "V"
          },
          "includeMapped": false,
          "includeDescendants": false
        },
        {
          "isExcluded": false,
          "concept": {
            "INVALID_REASON_CAPTION": "Valid",
            "CONCEPT_ID": 312927,
            "STANDARD_CONCEPT": "S",
            "CONCEPT_CODE": "49584005",
            "VOCABULARY_ID": "SNOMED",
            "CONCEPT_NAME": "Acute cor pulmonale",
            "DOMAIN_ID": "Condition",
            "STANDARD_CONCEPT_CAPTION": "Standard",
            "CONCEPT_CLASS_ID": "Clinical Finding",
            "INVALID_REASON": "V"
          },
          "includeMapped": false,
          "includeDescendants": false
        },
        {
          "isExcluded": false,
          "concept": {
            "INVALID_REASON_CAPTION": "Valid",
            "CONCEPT_ID": 314666,
            "STANDARD_CONCEPT": "S",
            "CONCEPT_CODE": "1755008",
            "VOCABULARY_ID": "SNOMED",
            "CONCEPT_NAME": "Old myocardial infarction",
            "DOMAIN_ID": "Condition",
            "STANDARD_CONCEPT_CAPTION": "Standard",
            "CONCEPT_CLASS_ID": "Clinical Finding",
            "INVALID_REASON": "V"
          },
          "includeMapped": false,
          "includeDescendants": false
        },
        {
          "isExcluded": false,
          "concept": {
            "INVALID_REASON_CAPTION": "Valid",
            "CONCEPT_ID": 315286,
            "STANDARD_CONCEPT": "S",
            "CONCEPT_CODE": "413838009",
            "VOCABULARY_ID": "SNOMED",
            "CONCEPT_NAME": "Chronic ischemic heart disease",
            "DOMAIN_ID": "Condition",
            "STANDARD_CONCEPT_CAPTION": "Standard",
            "CONCEPT_CLASS_ID": "Clinical Finding",
            "INVALID_REASON": "V"
          },
          "includeMapped": false,
          "includeDescendants": false
        },
        {
          "isExcluded": false,
          "concept": {
            "INVALID_REASON_CAPTION": "Valid",
            "CONCEPT_ID": 315296,
            "STANDARD_CONCEPT": "S",
            "CONCEPT_CODE": "4557003",
            "VOCABULARY_ID": "SNOMED",
            "CONCEPT_NAME": "Preinfarction syndrome",
            "DOMAIN_ID": "Condition",
            "STANDARD_CONCEPT_CAPTION": "Standard",
            "CONCEPT_CLASS_ID": "Clinical Finding",
            "INVALID_REASON": "V"
          },
          "includeMapped": false,
          "includeDescendants": false
        }
      ]},
      "name": "YSJH_Outcome2_KCD9_45",
      "id": 7
    },
    {
      "expression": {"items": [
        {
          "isExcluded": false,
          "concept": {
            "INVALID_REASON_CAPTION": "Valid",
            "CONCEPT_ID": 195556,
            "STANDARD_CONCEPT": "S",
            "CONCEPT_CODE": "86234004",
            "VOCABULARY_ID": "SNOMED",
            "CONCEPT_NAME": "Hypertensive heart AND renal disease",
            "DOMAIN_ID": "Condition",
            "STANDARD_CONCEPT_CAPTION": "Standard",
            "CONCEPT_CLASS_ID": "Clinical Finding",
            "INVALID_REASON": "V"
          },
          "includeMapped": false,
          "includeDescendants": false
        },
        {
          "isExcluded": false,
          "concept": {
            "INVALID_REASON_CAPTION": "Valid",
            "CONCEPT_ID": 201313,
            "STANDARD_CONCEPT": "S",
            "CONCEPT_CODE": "38481006",
            "VOCABULARY_ID": "SNOMED",
            "CONCEPT_NAME": "Hypertensive renal disease",
            "DOMAIN_ID": "Condition",
            "STANDARD_CONCEPT_CAPTION": "Standard",
            "CONCEPT_CLASS_ID": "Clinical Finding",
            "INVALID_REASON": "V"
          },
          "includeMapped": false,
          "includeDescendants": false
        },
        {
          "isExcluded": false,
          "concept": {
            "INVALID_REASON_CAPTION": "Valid",
            "CONCEPT_ID": 314378,
            "STANDARD_CONCEPT": "S",
            "CONCEPT_CODE": "5148006",
            "VOCABULARY_ID": "SNOMED",
            "CONCEPT_NAME": "Hypertensive heart disease with congestive heart failure",
            "DOMAIN_ID": "Condition",
            "STANDARD_CONCEPT_CAPTION": "Standard",
            "CONCEPT_CLASS_ID": "Clinical Finding",
            "INVALID_REASON": "V"
          },
          "includeMapped": false,
          "includeDescendants": false
        },
        {
          "isExcluded": false,
          "concept": {
            "INVALID_REASON_CAPTION": "Valid",
            "CONCEPT_ID": 317895,
            "STANDARD_CONCEPT": "S",
            "CONCEPT_CODE": "123799005",
            "VOCABULARY_ID": "SNOMED",
            "CONCEPT_NAME": "Renovascular hypertension",
            "DOMAIN_ID": "Condition",
            "STANDARD_CONCEPT_CAPTION": "Standard",
            "CONCEPT_CLASS_ID": "Clinical Finding",
            "INVALID_REASON": "V"
          },
          "includeMapped": false,
          "includeDescendants": false
        },
        {
          "isExcluded": false,
          "concept": {
            "INVALID_REASON_CAPTION": "Valid",
            "CONCEPT_ID": 319034,
            "STANDARD_CONCEPT": "S",
            "CONCEPT_CODE": "60899001",
            "VOCABULARY_ID": "SNOMED",
            "CONCEPT_NAME": "Hypertensive heart disease without congestive heart failure",
            "DOMAIN_ID": "Condition",
            "STANDARD_CONCEPT_CAPTION": "Standard",
            "CONCEPT_CLASS_ID": "Clinical Finding",
            "INVALID_REASON": "V"
          },
          "includeMapped": false,
          "includeDescendants": false
        }
      ]},
      "name": "YSJH_Outcome2_KCD9_3",
      "id": 8
    },
    {
      "expression": {"items": [
        {
          "isExcluded": false,
          "concept": {
            "INVALID_REASON_CAPTION": "Valid",
            "CONCEPT_ID": 312938,
            "STANDARD_CONCEPT": "S",
            "CONCEPT_CODE": "50490005",
            "VOCABULARY_ID": "SNOMED",
            "CONCEPT_NAME": "Hypertensive encephalopathy",
            "DOMAIN_ID": "Condition",
            "STANDARD_CONCEPT_CAPTION": "Standard",
            "CONCEPT_CLASS_ID": "Clinical Finding",
            "INVALID_REASON": "V"
          },
          "includeMapped": false,
          "includeDescendants": false
        },
        {
          "isExcluded": false,
          "concept": {
            "INVALID_REASON_CAPTION": "Valid",
            "CONCEPT_ID": 316437,
            "STANDARD_CONCEPT": "S",
            "CONCEPT_CODE": "55382008",
            "VOCABULARY_ID": "SNOMED",
            "CONCEPT_NAME": "Cerebral atherosclerosis",
            "DOMAIN_ID": "Condition",
            "STANDARD_CONCEPT_CAPTION": "Standard",
            "CONCEPT_CLASS_ID": "Clinical Finding",
            "INVALID_REASON": "V"
          },
          "includeMapped": false,
          "includeDescendants": false
        },
        {
          "isExcluded": false,
          "concept": {
            "INVALID_REASON_CAPTION": "Valid",
            "CONCEPT_ID": 376713,
            "STANDARD_CONCEPT": "S",
            "CONCEPT_CODE": "274100004",
            "VOCABULARY_ID": "SNOMED",
            "CONCEPT_NAME": "Cerebral hemorrhage",
            "DOMAIN_ID": "Condition",
            "STANDARD_CONCEPT_CAPTION": "Standard",
            "CONCEPT_CLASS_ID": "Clinical Finding",
            "INVALID_REASON": "V"
          },
          "includeMapped": false,
          "includeDescendants": false
        },
        {
          "isExcluded": false,
          "concept": {
            "INVALID_REASON_CAPTION": "Valid",
            "CONCEPT_ID": 378774,
            "STANDARD_CONCEPT": "S",
            "CONCEPT_CODE": "69116000",
            "VOCABULARY_ID": "SNOMED",
            "CONCEPT_NAME": "Moyamoya disease",
            "DOMAIN_ID": "Condition",
            "STANDARD_CONCEPT_CAPTION": "Standard",
            "CONCEPT_CLASS_ID": "Clinical Finding",
            "INVALID_REASON": "V"
          },
          "includeMapped": false,
          "includeDescendants": false
        },
        {
          "isExcluded": false,
          "concept": {
            "INVALID_REASON_CAPTION": "Valid",
            "CONCEPT_ID": 380747,
            "STANDARD_CONCEPT": "S",
            "CONCEPT_CODE": "28366008",
            "VOCABULARY_ID": "SNOMED",
            "CONCEPT_NAME": "Cerebral arteritis",
            "DOMAIN_ID": "Condition",
            "STANDARD_CONCEPT_CAPTION": "Standard",
            "CONCEPT_CLASS_ID": "Clinical Finding",
            "INVALID_REASON": "V"
          },
          "includeMapped": false,
          "includeDescendants": false
        }
      ]},
      "name": "YSJH_Outcome2_KCD9_7",
      "id": 9
    },
    {
      "expression": {"items": [
        {
          "isExcluded": false,
          "concept": {
            "INVALID_REASON_CAPTION": "Valid",
            "CONCEPT_ID": 255573,
            "STANDARD_CONCEPT": "S",
            "CONCEPT_CODE": "13645005",
            "VOCABULARY_ID": "SNOMED",
            "CONCEPT_NAME": "Chronic obstructive lung disease",
            "DOMAIN_ID": "Condition",
            "STANDARD_CONCEPT_CAPTION": "Standard",
            "CONCEPT_CLASS_ID": "Clinical Finding",
            "INVALID_REASON": "V"
          },
          "includeMapped": false,
          "includeDescendants": false
        },
        {
          "isExcluded": false,
          "concept": {
            "INVALID_REASON_CAPTION": "Valid",
            "CONCEPT_ID": 255841,
            "STANDARD_CONCEPT": "S",
            "CONCEPT_CODE": "63480004",
            "VOCABULARY_ID": "SNOMED",
            "CONCEPT_NAME": "Chronic bronchitis",
            "DOMAIN_ID": "Condition",
            "STANDARD_CONCEPT_CAPTION": "Standard",
            "CONCEPT_CLASS_ID": "Clinical Finding",
            "INVALID_REASON": "V"
          },
          "includeMapped": false,
          "includeDescendants": false
        },
        {
          "isExcluded": false,
          "concept": {
            "INVALID_REASON_CAPTION": "Valid",
            "CONCEPT_ID": 256449,
            "STANDARD_CONCEPT": "S",
            "CONCEPT_CODE": "12295008",
            "VOCABULARY_ID": "SNOMED",
            "CONCEPT_NAME": "Bronchiectasis",
            "DOMAIN_ID": "Condition",
            "STANDARD_CONCEPT_CAPTION": "Standard",
            "CONCEPT_CLASS_ID": "Clinical Finding",
            "INVALID_REASON": "V"
          },
          "includeMapped": false,
          "includeDescendants": false
        },
        {
          "isExcluded": false,
          "concept": {
            "INVALID_REASON_CAPTION": "Valid",
            "CONCEPT_ID": 256451,
            "STANDARD_CONCEPT": "S",
            "CONCEPT_CODE": "32398004",
            "VOCABULARY_ID": "SNOMED",
            "CONCEPT_NAME": "Bronchitis",
            "DOMAIN_ID": "Condition",
            "STANDARD_CONCEPT_CAPTION": "Standard",
            "CONCEPT_CLASS_ID": "Clinical Finding",
            "INVALID_REASON": "V"
          },
          "includeMapped": false,
          "includeDescendants": false
        },
        {
          "isExcluded": false,
          "concept": {
            "INVALID_REASON_CAPTION": "Valid",
            "CONCEPT_ID": 257004,
            "STANDARD_CONCEPT": "S",
            "CONCEPT_CODE": "195951007",
            "VOCABULARY_ID": "SNOMED",
            "CONCEPT_NAME": "Acute exacerbation of chronic obstructive airways disease",
            "DOMAIN_ID": "Condition",
            "STANDARD_CONCEPT_CAPTION": "Standard",
            "CONCEPT_CLASS_ID": "Clinical Finding",
            "INVALID_REASON": "V"
          },
          "includeMapped": false,
          "includeDescendants": false
        }
      ]},
      "name": "YSJH_Outcome2_KCD10_5",
      "id": 10
    },
    {
      "expression": {"items": [
        {
          "isExcluded": false,
          "concept": {
            "INVALID_REASON_CAPTION": "Valid",
            "CONCEPT_ID": 22820,
            "STANDARD_CONCEPT": "S",
            "CONCEPT_CODE": "15284007",
            "VOCABULARY_ID": "SNOMED",
            "CONCEPT_NAME": "Tuberculosis of esophagus",
            "DOMAIN_ID": "Condition",
            "STANDARD_CONCEPT_CAPTION": "Standard",
            "CONCEPT_CLASS_ID": "Clinical Finding",
            "INVALID_REASON": "V"
          },
          "includeMapped": false,
          "includeDescendants": false
        },
        {
          "isExcluded": false,
          "concept": {
            "INVALID_REASON_CAPTION": "Valid",
            "CONCEPT_ID": 22955,
            "STANDARD_CONCEPT": "S",
            "CONCEPT_CODE": "23387001",
            "VOCABULARY_ID": "SNOMED",
            "CONCEPT_NAME": "Perforation of esophagus",
            "DOMAIN_ID": "Condition",
            "STANDARD_CONCEPT_CAPTION": "Standard",
            "CONCEPT_CLASS_ID": "Clinical Finding",
            "INVALID_REASON": "V"
          },
          "includeMapped": false,
          "includeDescendants": false
        },
        {
          "isExcluded": false,
          "concept": {
            "INVALID_REASON_CAPTION": "Valid",
            "CONCEPT_ID": 25844,
            "STANDARD_CONCEPT": "S",
            "CONCEPT_CODE": "30811009",
            "VOCABULARY_ID": "SNOMED",
            "CONCEPT_NAME": "Ulcer of esophagus",
            "DOMAIN_ID": "Condition",
            "STANDARD_CONCEPT_CAPTION": "Standard",
            "CONCEPT_CLASS_ID": "Clinical Finding",
            "INVALID_REASON": "V"
          },
          "includeMapped": false,
          "includeDescendants": false
        },
        {
          "isExcluded": false,
          "concept": {
            "INVALID_REASON_CAPTION": "Valid",
            "CONCEPT_ID": 26441,
            "STANDARD_CONCEPT": "S",
            "CONCEPT_CODE": "57748001",
            "VOCABULARY_ID": "SNOMED",
            "CONCEPT_NAME": "Bleeding ulcer of esophagus",
            "DOMAIN_ID": "Condition",
            "STANDARD_CONCEPT_CAPTION": "Standard",
            "CONCEPT_CLASS_ID": "Clinical Finding",
            "INVALID_REASON": "V"
          },
          "includeMapped": false,
          "includeDescendants": false
        },
        {
          "isExcluded": false,
          "concept": {
            "INVALID_REASON_CAPTION": "Valid",
            "CONCEPT_ID": 30437,
            "STANDARD_CONCEPT": "S",
            "CONCEPT_CODE": "266433003",
            "VOCABULARY_ID": "SNOMED",
            "CONCEPT_NAME": "Gastro-esophageal reflux disease with esophagitis",
            "DOMAIN_ID": "Condition",
            "STANDARD_CONCEPT_CAPTION": "Standard",
            "CONCEPT_CLASS_ID": "Clinical Finding",
            "INVALID_REASON": "V"
          },
          "includeMapped": false,
          "includeDescendants": false
        }
      ]},
      "name": "YSJH_Outcome2_KCD11_2",
      "id": 11
    }
  ],
  "cdmVersionRange": ">=5.0.0",
  "CensoringCriteria": [],
  "QualifiedLimit": {"Type": "First"},
  "InclusionRules": [],
  "PrimaryCriteria": {
    "CriteriaList": [{"ConditionOccurrence": {
      "OccurrenceEndDate": null,
      "CorrelatedCriteria": null,
      "ConditionTypeExclude": false,
      "CodesetId": 11,
      "ProviderSpecialty": null,
      "Gender": null,
      "VisitType": null,
      "First": true,
      "OccurrenceStartDate": null,
      "ConditionType": null,
      "ConditionSourceConcept": null,
      "ConditionStatus": null,
      "StopReason": null,
      "Age": null
    }}],
    "PrimaryCriteriaLimit": {"Type": "First"},
    "ObservationWindow": {
      "PostDays": 0,
      "PriorDays": 0
    }
  }
}