atlasId,atlasName,cohortId,name
674,YSJH_test,674,YSJH_test
677,YSJH_comparator,677,YSJH_comparator
679,YSJH_Outcome1_KCD4,679,YSJH_Outcome1_KCD4
694,YSJH_Outcome2_KCD10_5,694,YSJH_Outcome2_KCD10_5
700,YSJH_Outcome2_KCD18_6,700,YSJH_Outcome2_KCD18_6
699,YSJH_Outcome2_KCD18_1,699,YSJH_Outcome2_KCD18_1
683,YSJH_Outcome1_KCD9,683,YSJH_Outcome1_KCD9
681,YSJH_Outcome1_KCD5,681,YSJH_Outcome1_KCD5
678,YSJH_Outcome1_KCD3,678,YSJH_Outcome1_KCD3
698,YSJH_Outcome2_KCD14_3,698,YSJH_Outcome2_KCD14_3
697,YSJH_Outcome2_KCD13_9,697,YSJH_Outcome2_KCD13_9
696,YSJH_Outcome2_KCD11_56,696,YSJH_Outcome2_KCD11_56
695,YSJH_Outcome2_KCD11_2,695,YSJH_Outcome2_KCD11_2
693,YSJH_Outcome2_KCD9_7,693,YSJH_Outcome2_KCD9_7
692,YSJH_Outcome2_KCD9_3,692,YSJH_Outcome2_KCD9_3
691,YSJH_Outcome2_KCD9_45,691,YSJH_Outcome2_KCD9_45
690,YSJH_Outcome2_KCD5_4,690,YSJH_Outcome2_KCD5_4
689,YSJH_Outcome2_KCD4_2,689,YSJH_Outcome2_KCD4_2
688,YSJH_Outcome2_KCD3_4,688,YSJH_Outcome2_KCD3_4
682,YSJH_Outcome1_KCD6,682,YSJH_Outcome1_KCD6
687,YSJH_Outcome1_KCD18,687,YSJH_Outcome1_KCD18
686,YSJH_Outcome1_KCD14,686,YSJH_Outcome1_KCD14
685,YSJH_Outcome1_KCD11,685,YSJH_Outcome1_KCD11
684,YSJH_Outcome1_KCD10,684,YSJH_Outcome1_KCD10
701,YSJH_test_sub1,701,YSJH_test_sub1
706,YSJH_comparator_sub1,706,YSJH_comparator_sub1
702,YSJH_test_sub2,702,YSJH_test_sub2
708,YSJH_comparator_sub2,708,YSJH_comparator_sub2
703,YSJH_test_sub3,703,YSJH_test_sub3
709,YSJH_comparator_sub3,709,YSJH_comparator_sub3
704,YSJH_test_sub4,704,YSJH_test_sub4
710,YSJH_comparator_sub4,710,YSJH_comparator_sub4
