{
  "ExpressionLimit": {"Type": "All"},
  "CollapseSettings": {
    "CollapseType": "ERA",
    "EraPad": 0
  },
  "CensorWindow": {
    "StartDate": null,
    "EndDate": null
  },
  "ConceptSets": [{
    "expression": {"items": [
      {
        "isExcluded": false,
        "concept": {
          "INVALID_REASON_CAPTION": "Valid",
          "CONCEPT_ID": 4195585,
          "STANDARD_CONCEPT": "S",
          "CONCEPT_CODE": "79351003",
          "VOCABULARY_ID": "SNOMED",
          "CONCEPT_NAME": "Hostile behavior",
          "DOMAIN_ID": "Condition",
          "STANDARD_CONCEPT_CAPTION": "Standard",
          "CONCEPT_CLASS_ID": "Clinical Finding",
          "INVALID_REASON": "V"
        },
        "includeMapped": false,
        "includeDescendants": false
      },
      {
        "isExcluded": false,
        "concept": {
          "INVALID_REASON_CAPTION": "Valid",
          "CONCEPT_ID": 4168683,
          "STANDARD_CONCEPT": "S",
          "CONCEPT_CODE": "274651006",
          "VOCABULARY_ID": "SNOMED",
          "CONCEPT_NAME": "Suspiciousness and marked evasiveness",
          "DOMAIN_ID": "Condition",
          "STANDARD_CONCEPT_CAPTION": "Standard",
          "CONCEPT_CLASS_ID": "Clinical Finding",
          "INVALID_REASON": "V"
        },
        "includeMapped": false,
        "includeDescendants": false
      },
      {
        "isExcluded": false,
        "concept": {
          "INVALID_REASON_CAPTION": "Valid",
          "CONCEPT_ID": 4229448,
          "STANDARD_CONCEPT": "S",
          "CONCEPT_CODE": "88822006",
          "VOCABULARY_ID": "SNOMED",
          "CONCEPT_NAME": "Anterograde amnesia",
          "DOMAIN_ID": "Condition",
          "STANDARD_CONCEPT_CAPTION": "Standard",
          "CONCEPT_CLASS_ID": "Clinical Finding",
          "INVALID_REASON": "V"
        },
        "includeMapped": false,
        "includeDescendants": false
      },
      {
        "isExcluded": false,
        "concept": {
          "INVALID_REASON_CAPTION": "Valid",
          "CONCEPT_ID": 436817,
          "STANDARD_CONCEPT": "S",
          "CONCEPT_CODE": "424196004",
          "VOCABULARY_ID": "SNOMED",
          "CONCEPT_NAME": "Feeling nervous",
          "DOMAIN_ID": "Condition",
          "STANDARD_CONCEPT_CAPTION": "Standard",
          "CONCEPT_CLASS_ID": "Clinical Finding",
          "INVALID_REASON": "V"
        },
        "includeMapped": false,
        "includeDescendants": false
      },
      {
        "isExcluded": false,
        "concept": {
          "INVALID_REASON_CAPTION": "Valid",
          "CONCEPT_ID": 433031,
          "STANDARD_CONCEPT": "S",
          "CONCEPT_CODE": "7011001",
          "VOCABULARY_ID": "SNOMED",
          "CONCEPT_NAME": "Hallucinations",
          "DOMAIN_ID": "Condition",
          "STANDARD_CONCEPT_CAPTION": "Standard",
          "CONCEPT_CLASS_ID": "Clinical Finding",
          "INVALID_REASON": "V"
        },
        "includeMapped": false,
        "includeDescendants": false
      },
      {
        "isExcluded": false,
        "concept": {
          "INVALID_REASON_CAPTION": "Valid",
          "CONCEPT_ID": 4085332,
          "STANDARD_CONCEPT": "S",
          "CONCEPT_CODE": "248004009",
          "VOCABULARY_ID": "SNOMED",
          "CONCEPT_NAME": "Physical aggression",
          "DOMAIN_ID": "Condition",
          "STANDARD_CONCEPT_CAPTION": "Standard",
          "CONCEPT_CLASS_ID": "Clinical Finding",
          "INVALID_REASON": "V"
        },
        "includeMapped": false,
        "includeDescendants": false
      },
      {
        "isExcluded": false,
        "concept": {
          "INVALID_REASON_CAPTION": "Valid",
          "CONCEPT_ID": 43530714,
          "STANDARD_CONCEPT": "S",
          "CONCEPT_CODE": "2611000119103",
          "VOCABULARY_ID": "SNOMED",
          "CONCEPT_NAME": "Sensory disorder of smell and/or taste",
          "DOMAIN_ID": "Condition",
          "STANDARD_CONCEPT_CAPTION": "Standard",
          "CONCEPT_CLASS_ID": "Clinical Finding",
          "INVALID_REASON": "V"
        },
        "includeMapped": false,
        "includeDescendants": false
      },
      {
        "isExcluded": false,
        "concept": {
          "INVALID_REASON_CAPTION": "Valid",
          "CONCEPT_ID": 380834,
          "STANDARD_CONCEPT": "S",
          "CONCEPT_CODE": "371632003",
          "VOCABULARY_ID": "SNOMED",
          "CONCEPT_NAME": "Coma",
          "DOMAIN_ID": "Condition",
          "STANDARD_CONCEPT_CAPTION": "Standard",
          "CONCEPT_CLASS_ID": "Clinical Finding",
          "INVALID_REASON": "V"
        },
        "includeMapped": false,
        "includeDescendants": false
      },
      {
        "isExcluded": false,
        "concept": {
          "INVALID_REASON_CAPTION": "Valid",
          "CONCEPT_ID": 4268911,
          "STANDARD_CONCEPT": "S",
          "CONCEPT_CODE": "62476001",
          "VOCABULARY_ID": "SNOMED",
          "CONCEPT_NAME": "Disorientated",
          "DOMAIN_ID": "Condition",
          "STANDARD_CONCEPT_CAPTION": "Standard",
          "CONCEPT_CLASS_ID": "Clinical Finding",
          "INVALID_REASON": "V"
        },
        "includeMapped": false,
        "includeDescendants": false
      },
      {
        "isExcluded": false,
        "concept": {
          "INVALID_REASON_CAPTION": "Valid",
          "CONCEPT_ID": 4185711,
          "STANDARD_CONCEPT": "S",
          "CONCEPT_CODE": "44169009",
          "VOCABULARY_ID": "SNOMED",
          "CONCEPT_NAME": "Loss of sense of smell",
          "DOMAIN_ID": "Condition",
          "STANDARD_CONCEPT_CAPTION": "Standard",
          "CONCEPT_CLASS_ID": "Clinical Finding",
          "INVALID_REASON": "V"
        },
        "includeMapped": false,
        "includeDescendants": false
      },
      {
        "isExcluded": false,
        "concept": {
          "INVALID_REASON_CAPTION": "Valid",
          "CONCEPT_ID": 4229897,
          "STANDARD_CONCEPT": "S",
          "CONCEPT_CODE": "89458003",
          "VOCABULARY_ID": "SNOMED",
          "CONCEPT_NAME": "Stupor",
          "DOMAIN_ID": "Condition",
          "STANDARD_CONCEPT_CAPTION": "Standard",
          "CONCEPT_CLASS_ID": "Clinical Finding",
          "INVALID_REASON": "V"
        },
        "includeMapped": false,
        "includeDescendants": false
      },
      {
        "isExcluded": false,
        "concept": {
          "INVALID_REASON_CAPTION": "Valid",
          "CONCEPT_ID": 4269314,
          "STANDARD_CONCEPT": "S",
          "CONCEPT_CODE": "36456004",
          "VOCABULARY_ID": "SNOMED",
          "CONCEPT_NAME": "Mental state finding",
          "DOMAIN_ID": "Condition",
          "STANDARD_CONCEPT_CAPTION": "Standard",
          "CONCEPT_CLASS_ID": "Clinical Finding",
          "INVALID_REASON": "V"
        },
        "includeMapped": false,
        "includeDescendants": false
      },
      {
        "isExcluded": false,
        "concept": {
          "INVALID_REASON_CAPTION": "Valid",
          "CONCEPT_ID": 4164151,
          "STANDARD_CONCEPT": "S",
          "CONCEPT_CODE": "45150006",
          "VOCABULARY_ID": "SNOMED",
          "CONCEPT_NAME": "Auditory hallucinations",
          "DOMAIN_ID": "Condition",
          "STANDARD_CONCEPT_CAPTION": "Standard",
          "CONCEPT_CLASS_ID": "Clinical Finding",
          "INVALID_REASON": "V"
        },
        "includeMapped": false,
        "includeDescendants": false
      },
      {
        "isExcluded": false,
        "concept": {
          "INVALID_REASON_CAPTION": "Valid",
          "CONCEPT_ID": 4025215,
          "STANDARD_CONCEPT": "S",
          "CONCEPT_CODE": "106126000",
          "VOCABULARY_ID": "SNOMED",
          "CONCEPT_NAME": "Emotional state finding",
          "DOMAIN_ID": "Condition",
          "STANDARD_CONCEPT_CAPTION": "Standard",
          "CONCEPT_CLASS_ID": "Clinical Finding",
          "INVALID_REASON": "V"
        },
        "includeMapped": false,
        "includeDescendants": false
      },
      {
        "isExcluded": false,
        "concept": {
          "INVALID_REASON_CAPTION": "Valid",
          "CONCEPT_ID": 4025215,
          "STANDARD_CONCEPT": "S",
          "CONCEPT_CODE": "106126000",
          "VOCABULARY_ID": "SNOMED",
          "CONCEPT_NAME": "Emotional state finding",
          "DOMAIN_ID": "Condition",
          "STANDARD_CONCEPT_CAPTION": "Standard",
          "CONCEPT_CLASS_ID": "Clinical Finding",
          "INVALID_REASON": "V"
        },
        "includeMapped": false,
        "includeDescendants": false
      },
      {
        "isExcluded": false,
        "concept": {
          "INVALID_REASON_CAPTION": "Valid",
          "CONCEPT_ID": 4251913,
          "STANDARD_CONCEPT": "S",
          "CONCEPT_CODE": "410428008",
          "VOCABULARY_ID": "SNOMED",
          "CONCEPT_NAME": "Very low level of personal hygiene",
          "DOMAIN_ID": "Observation",
          "STANDARD_CONCEPT_CAPTION": "Standard",
          "CONCEPT_CLASS_ID": "Clinical Finding",
          "INVALID_REASON": "V"
        },
        "includeMapped": false,
        "includeDescendants": false
      },
      {
        "isExcluded": false,
        "concept": {
          "INVALID_REASON_CAPTION": "Valid",
          "CONCEPT_ID": 4024707,
          "STANDARD_CONCEPT": "S",
          "CONCEPT_CODE": "106134006",
          "VOCABULARY_ID": "SNOMED",
          "CONCEPT_NAME": "Perception AND/OR perception disturbance",
          "DOMAIN_ID": "Condition",
          "STANDARD_CONCEPT_CAPTION": "Standard",
          "CONCEPT_CLASS_ID": "Clinical Finding",
          "INVALID_REASON": "V"
        },
        "includeMapped": false,
        "includeDescendants": false
      },
      {
        "isExcluded": false,
        "concept": {
          "INVALID_REASON_CAPTION": "Valid",
          "CONCEPT_ID": 4168212,
          "STANDARD_CONCEPT": "S",
          "CONCEPT_CODE": "274647009",
          "VOCABULARY_ID": "SNOMED",
          "CONCEPT_NAME": "Restlessness and agitation",
          "DOMAIN_ID": "Condition",
          "STANDARD_CONCEPT_CAPTION": "Standard",
          "CONCEPT_CLASS_ID": "Clinical Finding",
          "INVALID_REASON": "V"
        },
        "includeMapped": false,
        "includeDescendants": false
      },
      {
        "isExcluded": false,
        "concept": {
          "INVALID_REASON_CAPTION": "Valid",
          "CONCEPT_ID": 46270715,
          "STANDARD_CONCEPT": "S",
          "CONCEPT_CODE": "708673009",
          "VOCABULARY_ID": "SNOMED",
          "CONCEPT_NAME": "Parosmia",
          "DOMAIN_ID": "Condition",
          "STANDARD_CONCEPT_CAPTION": "Standard",
          "CONCEPT_CLASS_ID": "Clinical Finding",
          "INVALID_REASON": "V"
        },
        "includeMapped": false,
        "includeDescendants": false
      },
      {
        "isExcluded": false,
        "concept": {
          "INVALID_REASON_CAPTION": "Valid",
          "CONCEPT_ID": 4152296,
          "STANDARD_CONCEPT": "S",
          "CONCEPT_CODE": "28277004",
          "VOCABULARY_ID": "SNOMED",
          "CONCEPT_NAME": "Behavior showing increased motor activity",
          "DOMAIN_ID": "Condition",
          "STANDARD_CONCEPT_CAPTION": "Standard",
          "CONCEPT_CLASS_ID": "Clinical Finding",
          "INVALID_REASON": "V"
        },
        "includeMapped": false,
        "includeDescendants": false
      },
      {
        "isExcluded": false,
        "concept": {
          "INVALID_REASON_CAPTION": "Valid",
          "CONCEPT_ID": 376961,
          "STANDARD_CONCEPT": "S",
          "CONCEPT_CODE": "3006004",
          "VOCABULARY_ID": "SNOMED",
          "CONCEPT_NAME": "Disturbance of consciousness",
          "DOMAIN_ID": "Condition",
          "STANDARD_CONCEPT_CAPTION": "Standard",
          "CONCEPT_CLASS_ID": "Clinical Finding",
          "INVALID_REASON": "V"
        },
        "includeMapped": false,
        "includeDescendants": false
      },
      {
        "isExcluded": false,
        "concept": {
          "INVALID_REASON_CAPTION": "Valid",
          "CONCEPT_ID": 4168684,
          "STANDARD_CONCEPT": "S",
          "CONCEPT_CODE": "274652004",
          "VOCABULARY_ID": "SNOMED",
          "CONCEPT_NAME": "Symptoms and signs involving appearance and behavior",
          "DOMAIN_ID": "Condition",
          "STANDARD_CONCEPT_CAPTION": "Standard",
          "CONCEPT_CLASS_ID": "Clinical Finding",
          "INVALID_REASON": "V"
        },
        "includeMapped": false,
        "includeDescendants": false
      },
      {
        "isExcluded": false,
        "concept": {
          "INVALID_REASON_CAPTION": "Valid",
          "CONCEPT_ID": 439147,
          "STANDARD_CONCEPT": "S",
          "CONCEPT_CODE": "48167000",
          "VOCABULARY_ID": "SNOMED",
          "CONCEPT_NAME": "Amnesia",
          "DOMAIN_ID": "Condition",
          "STANDARD_CONCEPT_CAPTION": "Standard",
          "CONCEPT_CLASS_ID": "Clinical Finding",
          "INVALID_REASON": "V"
        },
        "includeMapped": false,
        "includeDescendants": false
      },
      {
        "isExcluded": false,
        "concept": {
          "INVALID_REASON_CAPTION": "Valid",
          "CONCEPT_ID": 4168682,
          "STANDARD_CONCEPT": "S",
          "CONCEPT_CODE": "274650007",
          "VOCABULARY_ID": "SNOMED",
          "CONCEPT_NAME": "Strange and inexplicable behavior",
          "DOMAIN_ID": "Condition",
          "STANDARD_CONCEPT_CAPTION": "Standard",
          "CONCEPT_CLASS_ID": "Clinical Finding",
          "INVALID_REASON": "V"
        },
        "includeMapped": false,
        "includeDescendants": false
      },
      {
        "isExcluded": false,
        "concept": {
          "INVALID_REASON_CAPTION": "Valid",
          "CONCEPT_ID": 4164648,
          "STANDARD_CONCEPT": "S",
          "CONCEPT_CODE": "274660003",
          "VOCABULARY_ID": "SNOMED",
          "CONCEPT_NAME": "Slowness and poor responsiveness",
          "DOMAIN_ID": "Condition",
          "STANDARD_CONCEPT_CAPTION": "Standard",
          "CONCEPT_CLASS_ID": "Clinical Finding",
          "INVALID_REASON": "V"
        },
        "includeMapped": false,
        "includeDescendants": false
      },
      {
        "isExcluded": false,
        "concept": {
          "INVALID_REASON_CAPTION": "Valid",
          "CONCEPT_ID": 4168681,
          "STANDARD_CONCEPT": "S",
          "CONCEPT_CODE": "274646000",
          "VOCABULARY_ID": "SNOMED",
          "CONCEPT_NAME": "Irritability and anger",
          "DOMAIN_ID": "Condition",
          "STANDARD_CONCEPT_CAPTION": "Standard",
          "CONCEPT_CLASS_ID": "Clinical Finding",
          "INVALID_REASON": "V"
        },
        "includeMapped": false,
        "includeDescendants": false
      },
      {
        "isExcluded": false,
        "concept": {
          "INVALID_REASON_CAPTION": "Valid",
          "CONCEPT_ID": 4152347,
          "STANDARD_CONCEPT": "S",
          "CONCEPT_CODE": "271782001",
          "VOCABULARY_ID": "SNOMED",
          "CONCEPT_NAME": "Drowsy",
          "DOMAIN_ID": "Condition",
          "STANDARD_CONCEPT_CAPTION": "Standard",
          "CONCEPT_CLASS_ID": "Clinical Finding",
          "INVALID_REASON": "V"
        },
        "includeMapped": false,
        "includeDescendants": false
      },
      {
        "isExcluded": false,
        "concept": {
          "INVALID_REASON_CAPTION": "Valid",
          "CONCEPT_ID": 4169106,
          "STANDARD_CONCEPT": "S",
          "CONCEPT_CODE": "420038007",
          "VOCABULARY_ID": "SNOMED",
          "CONCEPT_NAME": "Feeling unhappy",
          "DOMAIN_ID": "Condition",
          "STANDARD_CONCEPT_CAPTION": "Standard",
          "CONCEPT_CLASS_ID": "Clinical Finding",
          "INVALID_REASON": "V"
        },
        "includeMapped": false,
        "includeDescendants": false
      },
      {
        "isExcluded": false,
        "concept": {
          "INVALID_REASON_CAPTION": "Valid",
          "CONCEPT_ID": 4171906,
          "STANDARD_CONCEPT": "S",
          "CONCEPT_CODE": "274654003",
          "VOCABULARY_ID": "SNOMED",
          "CONCEPT_NAME": "Verbosity and circumstantial detail obscuring reason for contact (finding)",
          "DOMAIN_ID": "Condition",
          "STANDARD_CONCEPT_CAPTION": "Standard",
          "CONCEPT_CLASS_ID": "Clinical Finding",
          "INVALID_REASON": "V"
        },
        "includeMapped": false,
        "includeDescendants": false
      },
      {
        "isExcluded": false,
        "concept": {
          "INVALID_REASON_CAPTION": "Valid",
          "CONCEPT_ID": 433316,
          "STANDARD_CONCEPT": "S",
          "CONCEPT_CODE": "271789005",
          "VOCABULARY_ID": "SNOMED",
          "CONCEPT_NAME": "Dizziness and giddiness",
          "DOMAIN_ID": "Condition",
          "STANDARD_CONCEPT_CAPTION": "Standard",
          "CONCEPT_CLASS_ID": "Clinical Finding",
          "INVALID_REASON": "V"
        },
        "includeMapped": false,
        "includeDescendants": false
      },
      {
        "isExcluded": false,
        "concept": {
          "INVALID_REASON_CAPTION": "Valid",
          "CONCEPT_ID": 4293175,
          "STANDARD_CONCEPT": "S",
          "CONCEPT_CODE": "384821006",
          "VOCABULARY_ID": "SNOMED",
          "CONCEPT_NAME": "Mental state, behavior and/or psychosocial function finding",
          "DOMAIN_ID": "Condition",
          "STANDARD_CONCEPT_CAPTION": "Standard",
          "CONCEPT_CLASS_ID": "Clinical Finding",
          "INVALID_REASON": "V"
        },
        "includeMapped": false,
        "includeDescendants": false
      },
      {
        "isExcluded": false,
        "concept": {
          "INVALID_REASON_CAPTION": "Valid",
          "CONCEPT_ID": 4275889,
          "STANDARD_CONCEPT": "S",
          "CONCEPT_CODE": "64269007",
          "VOCABULARY_ID": "SNOMED",
          "CONCEPT_NAME": "Visual hallucinations",
          "DOMAIN_ID": "Condition",
          "STANDARD_CONCEPT_CAPTION": "Standard",
          "CONCEPT_CLASS_ID": "Clinical Finding",
          "INVALID_REASON": "V"
        },
        "includeMapped": false,
        "includeDescendants": false
      },
      {
        "isExcluded": false,
        "concept": {
          "INVALID_REASON_CAPTION": "Valid",
          "CONCEPT_ID": 436235,
          "STANDARD_CONCEPT": "S",
          "CONCEPT_CODE": "271801002",
          "VOCABULARY_ID": "SNOMED",
          "CONCEPT_NAME": "Taste sense altered",
          "DOMAIN_ID": "Condition",
          "STANDARD_CONCEPT_CAPTION": "Standard",
          "CONCEPT_CLASS_ID": "Clinical Finding",
          "INVALID_REASON": "V"
        },
        "includeMapped": false,
        "includeDescendants": false
      },
      {
        "isExcluded": false,
        "concept": {
          "INVALID_REASON_CAPTION": "Valid",
          "CONCEPT_ID": 4171905,
          "STANDARD_CONCEPT": "S",
          "CONCEPT_CODE": "274653009",
          "VOCABULARY_ID": "SNOMED",
          "CONCEPT_NAME": "Undue concern and preoccupation with stressful events",
          "DOMAIN_ID": "Condition",
          "STANDARD_CONCEPT_CAPTION": "Standard",
          "CONCEPT_CLASS_ID": "Clinical Finding",
          "INVALID_REASON": "V"
        },
        "includeMapped": false,
        "includeDescendants": false
      },
      {
        "isExcluded": false,
        "concept": {
          "INVALID_REASON_CAPTION": "Valid",
          "CONCEPT_ID": 4198081,
          "STANDARD_CONCEPT": "S",
          "CONCEPT_CODE": "51921000",
          "VOCABULARY_ID": "SNOMED",
          "CONCEPT_NAME": "Retrograde amnesia",
          "DOMAIN_ID": "Condition",
          "STANDARD_CONCEPT_CAPTION": "Standard",
          "CONCEPT_CLASS_ID": "Clinical Finding",
          "INVALID_REASON": "V"
        },
        "includeMapped": false,
        "includeDescendants": false
      }
    ]},
    "name": "YSJH_L2_13all",
    "id": 0
  }],
  "cdmVersionRange": ">=5.0.0",
  "CensoringCriteria": [],
  "QualifiedLimit": {"Type": "First"},
  "InclusionRules": [],
  "PrimaryCriteria": {
    "CriteriaList": [{"ConditionOccurrence": {
      "OccurrenceEndDate": null,
      "CorrelatedCriteria": null,
      "ConditionTypeExclude": false,
      "CodesetId": 0,
      "ProviderSpecialty": null,
      "Gender": null,
      "VisitType": null,
      "First": null,
      "OccurrenceStartDate": null,
      "ConditionType": null,
      "ConditionSourceConcept": null,
      "StopReason": null,
      "Age": null
    }}],
    "PrimaryCriteriaLimit": {"Type": "All"},
    "ObservationWindow": {
      "PostDays": 0,
      "PriorDays": 0
    }
  }
}