{
  "ExpressionLimit": {"Type": "All"},
  "CollapseSettings": {
    "CollapseType": "ERA",
    "EraPad": 0
  },
  "CensorWindow": {
    "StartDate": null,
    "EndDate": null
  },
  "ConceptSets": [{
    "expression": {"items": [
      {
        "isExcluded": false,
        "concept": {
          "INVALID_REASON_CAPTION": "Valid",
          "CONCEPT_ID": 312938,
          "STANDARD_CONCEPT": "S",
          "CONCEPT_CODE": "50490005",
          "VOCABULARY_ID": "SNOMED",
          "CONCEPT_NAME": "Hypertensive encephalopathy",
          "DOMAIN_ID": "Condition",
          "STANDARD_CONCEPT_CAPTION": "Standard",
          "CONCEPT_CLASS_ID": "Clinical Finding",
          "INVALID_REASON": "V"
        },
        "includeMapped": false,
        "includeDescendants": false
      },
      {
        "isExcluded": false,
        "concept": {
          "INVALID_REASON_CAPTION": "Valid",
          "CONCEPT_ID": 316437,
          "STANDARD_CONCEPT": "S",
          "CONCEPT_CODE": "55382008",
          "VOCABULARY_ID": "SNOMED",
          "CONCEPT_NAME": "Cerebral atherosclerosis",
          "DOMAIN_ID": "Condition",
          "STANDARD_CONCEPT_CAPTION": "Standard",
          "CONCEPT_CLASS_ID": "Clinical Finding",
          "INVALID_REASON": "V"
        },
        "includeMapped": false,
        "includeDescendants": false
      },
      {
        "isExcluded": false,
        "concept": {
          "INVALID_REASON_CAPTION": "Valid",
          "CONCEPT_ID": 376713,
          "STANDARD_CONCEPT": "S",
          "CONCEPT_CODE": "274100004",
          "VOCABULARY_ID": "SNOMED",
          "CONCEPT_NAME": "Cerebral hemorrhage",
          "DOMAIN_ID": "Condition",
          "STANDARD_CONCEPT_CAPTION": "Standard",
          "CONCEPT_CLASS_ID": "Clinical Finding",
          "INVALID_REASON": "V"
        },
        "includeMapped": false,
        "includeDescendants": false
      },
      {
        "isExcluded": false,
        "concept": {
          "INVALID_REASON_CAPTION": "Valid",
          "CONCEPT_ID": 378774,
          "STANDARD_CONCEPT": "S",
          "CONCEPT_CODE": "69116000",
          "VOCABULARY_ID": "SNOMED",
          "CONCEPT_NAME": "Moyamoya disease",
          "DOMAIN_ID": "Condition",
          "STANDARD_CONCEPT_CAPTION": "Standard",
          "CONCEPT_CLASS_ID": "Clinical Finding",
          "INVALID_REASON": "V"
        },
        "includeMapped": false,
        "includeDescendants": false
      },
      {
        "isExcluded": false,
        "concept": {
          "INVALID_REASON_CAPTION": "Valid",
          "CONCEPT_ID": 380747,
          "STANDARD_CONCEPT": "S",
          "CONCEPT_CODE": "28366008",
          "VOCABULARY_ID": "SNOMED",
          "CONCEPT_NAME": "Cerebral arteritis",
          "DOMAIN_ID": "Condition",
          "STANDARD_CONCEPT_CAPTION": "Standard",
          "CONCEPT_CLASS_ID": "Clinical Finding",
          "INVALID_REASON": "V"
        },
        "includeMapped": false,
        "includeDescendants": false
      },
      {
        "isExcluded": false,
        "concept": {
          "INVALID_REASON_CAPTION": "Valid",
          "CONCEPT_ID": 381316,
          "STANDARD_CONCEPT": "S",
          "CONCEPT_CODE": "230690007",
          "VOCABULARY_ID": "SNOMED",
          "CONCEPT_NAME": "Cerebrovascular accident",
          "DOMAIN_ID": "Condition",
          "STANDARD_CONCEPT_CAPTION": "Standard",
          "CONCEPT_CLASS_ID": "Clinical Finding",
          "INVALID_REASON": "V"
        },
        "includeMapped": false,
        "includeDescendants": false
      },
      {
        "isExcluded": false,
        "concept": {
          "INVALID_REASON_CAPTION": "Valid",
          "CONCEPT_ID": 432923,
          "STANDARD_CONCEPT": "S",
          "CONCEPT_CODE": "21454007",
          "VOCABULARY_ID": "SNOMED",
          "CONCEPT_NAME": "Subarachnoid hemorrhage",
          "DOMAIN_ID": "Condition",
          "STANDARD_CONCEPT_CAPTION": "Standard",
          "CONCEPT_CLASS_ID": "Clinical Finding",
          "INVALID_REASON": "V"
        },
        "includeMapped": false,
        "includeDescendants": false
      },
      {
        "isExcluded": false,
        "concept": {
          "INVALID_REASON_CAPTION": "Valid",
          "CONCEPT_ID": 434056,
          "STANDARD_CONCEPT": "S",
          "CONCEPT_CODE": "195239002",
          "VOCABULARY_ID": "SNOMED",
          "CONCEPT_NAME": "Late effects of cerebrovascular disease",
          "DOMAIN_ID": "Condition",
          "STANDARD_CONCEPT_CAPTION": "Standard",
          "CONCEPT_CLASS_ID": "Clinical Finding",
          "INVALID_REASON": "V"
        },
        "includeMapped": false,
        "includeDescendants": false
      },
      {
        "isExcluded": false,
        "concept": {
          "INVALID_REASON_CAPTION": "Valid",
          "CONCEPT_ID": 436430,
          "STANDARD_CONCEPT": "S",
          "CONCEPT_CODE": "397809001",
          "VOCABULARY_ID": "SNOMED",
          "CONCEPT_NAME": "Nontraumatic extradural hemorrhage",
          "DOMAIN_ID": "Condition",
          "STANDARD_CONCEPT_CAPTION": "Standard",
          "CONCEPT_CLASS_ID": "Clinical Finding",
          "INVALID_REASON": "V"
        },
        "includeMapped": false,
        "includeDescendants": false
      },
      {
        "isExcluded": false,
        "concept": {
          "INVALID_REASON_CAPTION": "Valid",
          "CONCEPT_ID": 443454,
          "STANDARD_CONCEPT": "S",
          "CONCEPT_CODE": "432504007",
          "VOCABULARY_ID": "SNOMED",
          "CONCEPT_NAME": "Cerebral infarction",
          "DOMAIN_ID": "Condition",
          "STANDARD_CONCEPT_CAPTION": "Standard",
          "CONCEPT_CLASS_ID": "Clinical Finding",
          "INVALID_REASON": "V"
        },
        "includeMapped": false,
        "includeDescendants": false
      },
      {
        "isExcluded": false,
        "concept": {
          "INVALID_REASON_CAPTION": "Valid",
          "CONCEPT_ID": 4027461,
          "STANDARD_CONCEPT": "S",
          "CONCEPT_CODE": "22811006",
          "VOCABULARY_ID": "SNOMED",
          "CONCEPT_NAME": "Leukoencephalopathy",
          "DOMAIN_ID": "Condition",
          "STANDARD_CONCEPT_CAPTION": "Standard",
          "CONCEPT_CLASS_ID": "Clinical Finding",
          "INVALID_REASON": "V"
        },
        "includeMapped": false,
        "includeDescendants": false
      },
      {
        "isExcluded": false,
        "concept": {
          "INVALID_REASON_CAPTION": "Valid",
          "CONCEPT_ID": 4043731,
          "STANDARD_CONCEPT": "S",
          "CONCEPT_CODE": "230692004",
          "VOCABULARY_ID": "SNOMED",
          "CONCEPT_NAME": "Infarction - precerebral",
          "DOMAIN_ID": "Condition",
          "STANDARD_CONCEPT_CAPTION": "Standard",
          "CONCEPT_CLASS_ID": "Clinical Finding",
          "INVALID_REASON": "V"
        },
        "includeMapped": false,
        "includeDescendants": false
      },
      {
        "isExcluded": false,
        "concept": {
          "INVALID_REASON_CAPTION": "Valid",
          "CONCEPT_ID": 4045749,
          "STANDARD_CONCEPT": "S",
          "CONCEPT_CODE": "230724001",
          "VOCABULARY_ID": "SNOMED",
          "CONCEPT_NAME": "Cerebral amyloid angiopathy",
          "DOMAIN_ID": "Condition",
          "STANDARD_CONCEPT_CAPTION": "Standard",
          "CONCEPT_CLASS_ID": "Clinical Finding",
          "INVALID_REASON": "V"
        },
        "includeMapped": false,
        "includeDescendants": false
      },
      {
        "isExcluded": false,
        "concept": {
          "INVALID_REASON_CAPTION": "Valid",
          "CONCEPT_ID": 4049659,
          "STANDARD_CONCEPT": "S",
          "CONCEPT_CODE": "20908003",
          "VOCABULARY_ID": "SNOMED",
          "CONCEPT_NAME": "Subcortical hemorrhage",
          "DOMAIN_ID": "Condition",
          "STANDARD_CONCEPT_CAPTION": "Standard",
          "CONCEPT_CLASS_ID": "Clinical Finding",
          "INVALID_REASON": "V"
        },
        "includeMapped": false,
        "includeDescendants": false
      },
      {
        "isExcluded": false,
        "concept": {
          "INVALID_REASON_CAPTION": "Valid",
          "CONCEPT_ID": 4108356,
          "STANDARD_CONCEPT": "S",
          "CONCEPT_CODE": "195190007",
          "VOCABULARY_ID": "SNOMED",
          "CONCEPT_NAME": "Cerebral infarction due to embolism of cerebral arteries",
          "DOMAIN_ID": "Condition",
          "STANDARD_CONCEPT_CAPTION": "Standard",
          "CONCEPT_CLASS_ID": "Clinical Finding",
          "INVALID_REASON": "V"
        },
        "includeMapped": false,
        "includeDescendants": false
      },
      {
        "isExcluded": false,
        "concept": {
          "INVALID_REASON_CAPTION": "Valid",
          "CONCEPT_ID": 4108952,
          "STANDARD_CONCEPT": "S",
          "CONCEPT_CODE": "195155004",
          "VOCABULARY_ID": "SNOMED",
          "CONCEPT_NAME": "Subarachnoid hemorrhage from carotid siphon and bifurcation",
          "DOMAIN_ID": "Condition",
          "STANDARD_CONCEPT_CAPTION": "Standard",
          "CONCEPT_CLASS_ID": "Clinical Finding",
          "INVALID_REASON": "V"
        },
        "includeMapped": false,
        "includeDescendants": false
      },
      {
        "isExcluded": false,
        "concept": {
          "INVALID_REASON_CAPTION": "Valid",
          "CONCEPT_ID": 4110185,
          "STANDARD_CONCEPT": "S",
          "CONCEPT_CODE": "195168007",
          "VOCABULARY_ID": "SNOMED",
          "CONCEPT_NAME": "Intracerebral hemorrhage, intraventricular",
          "DOMAIN_ID": "Condition",
          "STANDARD_CONCEPT_CAPTION": "Standard",
          "CONCEPT_CLASS_ID": "Clinical Finding",
          "INVALID_REASON": "V"
        },
        "includeMapped": false,
        "includeDescendants": false
      },
      {
        "isExcluded": false,
        "concept": {
          "INVALID_REASON_CAPTION": "Valid",
          "CONCEPT_ID": 4110186,
          "STANDARD_CONCEPT": "S",
          "CONCEPT_CODE": "195169004",
          "VOCABULARY_ID": "SNOMED",
          "CONCEPT_NAME": "Intracerebral hemorrhage, multiple localized",
          "DOMAIN_ID": "Condition",
          "STANDARD_CONCEPT_CAPTION": "Standard",
          "CONCEPT_CLASS_ID": "Clinical Finding",
          "INVALID_REASON": "V"
        },
        "includeMapped": false,
        "includeDescendants": false
      },
      {
        "isExcluded": false,
        "concept": {
          "INVALID_REASON_CAPTION": "Valid",
          "CONCEPT_ID": 4110189,
          "STANDARD_CONCEPT": "S",
          "CONCEPT_CODE": "195185009",
          "VOCABULARY_ID": "SNOMED",
          "CONCEPT_NAME": "Cerebral infarct due to thrombosis of precerebral arteries",
          "DOMAIN_ID": "Condition",
          "STANDARD_CONCEPT_CAPTION": "Standard",
          "CONCEPT_CLASS_ID": "Clinical Finding",
          "INVALID_REASON": "V"
        },
        "includeMapped": false,
        "includeDescendants": false
      },
      {
        "isExcluded": false,
        "concept": {
          "INVALID_REASON_CAPTION": "Valid",
          "CONCEPT_ID": 4110190,
          "STANDARD_CONCEPT": "S",
          "CONCEPT_CODE": "195186005",
          "VOCABULARY_ID": "SNOMED",
          "CONCEPT_NAME": "Cerebral infarction due to embolism of precerebral arteries",
          "DOMAIN_ID": "Condition",
          "STANDARD_CONCEPT_CAPTION": "Standard",
          "CONCEPT_CLASS_ID": "Clinical Finding",
          "INVALID_REASON": "V"
        },
        "includeMapped": false,
        "includeDescendants": false
      },
      {
        "isExcluded": false,
        "concept": {
          "INVALID_REASON_CAPTION": "Valid",
          "CONCEPT_ID": 4110192,
          "STANDARD_CONCEPT": "S",
          "CONCEPT_CODE": "195189003",
          "VOCABULARY_ID": "SNOMED",
          "CONCEPT_NAME": "Cerebral infarction due to thrombosis of cerebral arteries",
          "DOMAIN_ID": "Condition",
          "STANDARD_CONCEPT_CAPTION": "Standard",
          "CONCEPT_CLASS_ID": "Clinical Finding",
          "INVALID_REASON": "V"
        },
        "includeMapped": false,
        "includeDescendants": false
      },
      {
        "isExcluded": false,
        "concept": {
          "INVALID_REASON_CAPTION": "Valid",
          "CONCEPT_ID": 4110192,
          "STANDARD_CONCEPT": "S",
          "CONCEPT_CODE": "195189003",
          "VOCABULARY_ID": "SNOMED",
          "CONCEPT_NAME": "Cerebral infarction due to thrombosis of cerebral arteries",
          "DOMAIN_ID": "Condition",
          "STANDARD_CONCEPT_CAPTION": "Standard",
          "CONCEPT_CLASS_ID": "Clinical Finding",
          "INVALID_REASON": "V"
        },
        "includeMapped": false,
        "includeDescendants": false
      },
      {
        "isExcluded": false,
        "concept": {
          "INVALID_REASON_CAPTION": "Valid",
          "CONCEPT_ID": 4111708,
          "STANDARD_CONCEPT": "S",
          "CONCEPT_CODE": "195160000",
          "VOCABULARY_ID": "SNOMED",
          "CONCEPT_NAME": "Subarachnoid hemorrhage from vertebral artery",
          "DOMAIN_ID": "Condition",
          "STANDARD_CONCEPT_CAPTION": "Standard",
          "CONCEPT_CLASS_ID": "Clinical Finding",
          "INVALID_REASON": "V"
        },
        "includeMapped": false,
        "includeDescendants": false
      },
      {
        "isExcluded": false,
        "concept": {
          "INVALID_REASON_CAPTION": "Valid",
          "CONCEPT_ID": 4111714,
          "STANDARD_CONCEPT": "S",
          "CONCEPT_CODE": "195230003",
          "VOCABULARY_ID": "SNOMED",
          "CONCEPT_NAME": "Cerebral infarction due to cerebral venous thrombosis, non-pyogenic",
          "DOMAIN_ID": "Condition",
          "STANDARD_CONCEPT_CAPTION": "Standard",
          "CONCEPT_CLASS_ID": "Clinical Finding",
          "INVALID_REASON": "V"
        },
        "includeMapped": false,
        "includeDescendants": false
      },
      {
        "isExcluded": false,
        "concept": {
          "INVALID_REASON_CAPTION": "Invalid",
          "CONCEPT_ID": 4111715,
          "STANDARD_CONCEPT": "N",
          "CONCEPT_CODE": "195231004",
          "VOCABULARY_ID": "SNOMED",
          "CONCEPT_NAME": "Occlusion and stenosis of cerebral arteries, not resulting in cerebral infarction",
          "DOMAIN_ID": "Condition",
          "STANDARD_CONCEPT_CAPTION": "Non-Standard",
          "CONCEPT_CLASS_ID": "Clinical Finding",
          "INVALID_REASON": "U"
        },
        "includeMapped": false,
        "includeDescendants": false
      },
      {
        "isExcluded": false,
        "concept": {
          "INVALID_REASON_CAPTION": "Valid",
          "CONCEPT_ID": 4111720,
          "STANDARD_CONCEPT": "S",
          "CONCEPT_CODE": "195240000",
          "VOCABULARY_ID": "SNOMED",
          "CONCEPT_NAME": "Sequelae of subarachnoid hemorrhage",
          "DOMAIN_ID": "Condition",
          "STANDARD_CONCEPT_CAPTION": "Standard",
          "CONCEPT_CLASS_ID": "Clinical Finding",
          "INVALID_REASON": "V"
        },
        "includeMapped": false,
        "includeDescendants": false
      },
      {
        "isExcluded": false,
        "concept": {
          "INVALID_REASON_CAPTION": "Valid",
          "CONCEPT_ID": 4111721,
          "STANDARD_CONCEPT": "S",
          "CONCEPT_CODE": "195241001",
          "VOCABULARY_ID": "SNOMED",
          "CONCEPT_NAME": "Sequelae of intracerebral hemorrhage",
          "DOMAIN_ID": "Condition",
          "STANDARD_CONCEPT_CAPTION": "Standard",
          "CONCEPT_CLASS_ID": "Clinical Finding",
          "INVALID_REASON": "V"
        },
        "includeMapped": false,
        "includeDescendants": false
      },
      {
        "isExcluded": false,
        "concept": {
          "INVALID_REASON_CAPTION": "Valid",
          "CONCEPT_ID": 4112026,
          "STANDARD_CONCEPT": "S",
          "CONCEPT_CODE": "195243003",
          "VOCABULARY_ID": "SNOMED",
          "CONCEPT_NAME": "Sequelae of cerebral infarction",
          "DOMAIN_ID": "Condition",
          "STANDARD_CONCEPT_CAPTION": "Standard",
          "CONCEPT_CLASS_ID": "Clinical Finding",
          "INVALID_REASON": "V"
        },
        "includeMapped": false,
        "includeDescendants": false
      },
      {
        "isExcluded": false,
        "concept": {
          "INVALID_REASON_CAPTION": "Valid",
          "CONCEPT_ID": 4148906,
          "STANDARD_CONCEPT": "S",
          "CONCEPT_CODE": "270907008",
          "VOCABULARY_ID": "SNOMED",
          "CONCEPT_NAME": "Spontaneous subarachnoid hemorrhage",
          "DOMAIN_ID": "Condition",
          "STANDARD_CONCEPT_CAPTION": "Standard",
          "CONCEPT_CLASS_ID": "Clinical Finding",
          "INVALID_REASON": "V"
        },
        "includeMapped": false,
        "includeDescendants": false
      },
      {
        "isExcluded": false,
        "concept": {
          "INVALID_REASON_CAPTION": "Valid",
          "CONCEPT_ID": 4159164,
          "STANDARD_CONCEPT": "S",
          "CONCEPT_CODE": "371158002",
          "VOCABULARY_ID": "SNOMED",
          "CONCEPT_NAME": "Disorder of basilar artery",
          "DOMAIN_ID": "Condition",
          "STANDARD_CONCEPT_CAPTION": "Standard",
          "CONCEPT_CLASS_ID": "Clinical Finding",
          "INVALID_REASON": "V"
        },
        "includeMapped": false,
        "includeDescendants": false
      },
      {
        "isExcluded": false,
        "concept": {
          "INVALID_REASON_CAPTION": "Valid",
          "CONCEPT_ID": 4179912,
          "STANDARD_CONCEPT": "S",
          "CONCEPT_CODE": "297157005",
          "VOCABULARY_ID": "SNOMED",
          "CONCEPT_NAME": "Intracranial venous thrombosis",
          "DOMAIN_ID": "Condition",
          "STANDARD_CONCEPT_CAPTION": "Standard",
          "CONCEPT_CLASS_ID": "Clinical Finding",
          "INVALID_REASON": "V"
        },
        "includeMapped": false,
        "includeDescendants": false
      },
      {
        "isExcluded": false,
        "concept": {
          "INVALID_REASON_CAPTION": "Valid",
          "CONCEPT_ID": 4353709,
          "STANDARD_CONCEPT": "S",
          "CONCEPT_CODE": "250845006",
          "VOCABULARY_ID": "SNOMED",
          "CONCEPT_NAME": "Intracerebral vascular finding",
          "DOMAIN_ID": "Condition",
          "STANDARD_CONCEPT_CAPTION": "Standard",
          "CONCEPT_CLASS_ID": "Clinical Finding",
          "INVALID_REASON": "V"
        },
        "includeMapped": false,
        "includeDescendants": false
      },
      {
        "isExcluded": false,
        "concept": {
          "INVALID_REASON_CAPTION": "Valid",
          "CONCEPT_ID": 37016924,
          "STANDARD_CONCEPT": "S",
          "CONCEPT_CODE": "713081000",
          "VOCABULARY_ID": "SNOMED",
          "CONCEPT_NAME": "Dissection of cerebral artery",
          "DOMAIN_ID": "Condition",
          "STANDARD_CONCEPT_CAPTION": "Standard",
          "CONCEPT_CLASS_ID": "Clinical Finding",
          "INVALID_REASON": "V"
        },
        "includeMapped": false,
        "includeDescendants": false
      },
      {
        "isExcluded": false,
        "concept": {
          "INVALID_REASON_CAPTION": "Valid",
          "CONCEPT_ID": 42535424,
          "STANDARD_CONCEPT": "S",
          "CONCEPT_CODE": "291521000119105",
          "VOCABULARY_ID": "SNOMED",
          "CONCEPT_NAME": "Spontaneous hemorrhage of cortical intracerebral hemisphere",
          "DOMAIN_ID": "Condition",
          "STANDARD_CONCEPT_CAPTION": "Standard",
          "CONCEPT_CLASS_ID": "Clinical Finding",
          "INVALID_REASON": "V"
        },
        "includeMapped": false,
        "includeDescendants": false
      },
      {
        "isExcluded": false,
        "concept": {
          "INVALID_REASON_CAPTION": "Valid",
          "CONCEPT_ID": 42535425,
          "STANDARD_CONCEPT": "S",
          "CONCEPT_CODE": "291531000119108",
          "VOCABULARY_ID": "SNOMED",
          "CONCEPT_NAME": "Spontaneous hemorrhage of cerebral hemisphere",
          "DOMAIN_ID": "Condition",
          "STANDARD_CONCEPT_CAPTION": "Standard",
          "CONCEPT_CLASS_ID": "Clinical Finding",
          "INVALID_REASON": "V"
        },
        "includeMapped": false,
        "includeDescendants": false
      },
      {
        "isExcluded": false,
        "concept": {
          "INVALID_REASON_CAPTION": "Valid",
          "CONCEPT_ID": 42535426,
          "STANDARD_CONCEPT": "S",
          "CONCEPT_CODE": "291581000119109",
          "VOCABULARY_ID": "SNOMED",
          "CONCEPT_NAME": "Acute nontraumatic subdural hemorrhage",
          "DOMAIN_ID": "Condition",
          "STANDARD_CONCEPT_CAPTION": "Standard",
          "CONCEPT_CLASS_ID": "Clinical Finding",
          "INVALID_REASON": "V"
        },
        "includeMapped": false,
        "includeDescendants": false
      },
      {
        "isExcluded": false,
        "concept": {
          "INVALID_REASON_CAPTION": "Valid",
          "CONCEPT_ID": 42538062,
          "STANDARD_CONCEPT": "S",
          "CONCEPT_CODE": "738779002",
          "VOCABULARY_ID": "SNOMED",
          "CONCEPT_NAME": "Spontaneous intracranial hemorrhage",
          "DOMAIN_ID": "Condition",
          "STANDARD_CONCEPT_CAPTION": "Standard",
          "CONCEPT_CLASS_ID": "Clinical Finding",
          "INVALID_REASON": "V"
        },
        "includeMapped": false,
        "includeDescendants": false
      },
      {
        "isExcluded": false,
        "concept": {
          "INVALID_REASON_CAPTION": "Valid",
          "CONCEPT_ID": 42539269,
          "STANDARD_CONCEPT": "S",
          "CONCEPT_CODE": "291541000119104",
          "VOCABULARY_ID": "SNOMED",
          "CONCEPT_NAME": "Spontaneous hemorrhage of brain stem",
          "DOMAIN_ID": "Condition",
          "STANDARD_CONCEPT_CAPTION": "Standard",
          "CONCEPT_CLASS_ID": "Clinical Finding",
          "INVALID_REASON": "V"
        },
        "includeMapped": false,
        "includeDescendants": false
      },
      {
        "isExcluded": false,
        "concept": {
          "INVALID_REASON_CAPTION": "Valid",
          "CONCEPT_ID": 43530623,
          "STANDARD_CONCEPT": "S",
          "CONCEPT_CODE": "1131000119105",
          "VOCABULARY_ID": "SNOMED",
          "CONCEPT_NAME": "Sequela of cerebrovascular accident",
          "DOMAIN_ID": "Condition",
          "STANDARD_CONCEPT_CAPTION": "Standard",
          "CONCEPT_CLASS_ID": "Clinical Finding",
          "INVALID_REASON": "V"
        },
        "includeMapped": false,
        "includeDescendants": false
      },
      {
        "isExcluded": false,
        "concept": {
          "INVALID_REASON_CAPTION": "Valid",
          "CONCEPT_ID": 43530674,
          "STANDARD_CONCEPT": "S",
          "CONCEPT_CODE": "142851000119103",
          "VOCABULARY_ID": "SNOMED",
          "CONCEPT_NAME": "Spontaneous cerebellar hemorrhage",
          "DOMAIN_ID": "Condition",
          "STANDARD_CONCEPT_CAPTION": "Standard",
          "CONCEPT_CLASS_ID": "Clinical Finding",
          "INVALID_REASON": "V"
        },
        "includeMapped": false,
        "includeDescendants": false
      },
      {
        "isExcluded": false,
        "concept": {
          "INVALID_REASON_CAPTION": "Valid",
          "CONCEPT_ID": 43530727,
          "STANDARD_CONCEPT": "S",
          "CONCEPT_CODE": "291571000119106",
          "VOCABULARY_ID": "SNOMED",
          "CONCEPT_NAME": "Spontaneous cerebral hemorrhage",
          "DOMAIN_ID": "Condition",
          "STANDARD_CONCEPT_CAPTION": "Standard",
          "CONCEPT_CLASS_ID": "Clinical Finding",
          "INVALID_REASON": "V"
        },
        "includeMapped": false,
        "includeDescendants": false
      },
      {
        "isExcluded": false,
        "concept": {
          "INVALID_REASON_CAPTION": "Valid",
          "CONCEPT_ID": 45766199,
          "STANDARD_CONCEPT": "S",
          "CONCEPT_CODE": "703311009",
          "VOCABULARY_ID": "SNOMED",
          "CONCEPT_NAME": "Cerebral arteritis due to infectious disease",
          "DOMAIN_ID": "Condition",
          "STANDARD_CONCEPT_CAPTION": "Standard",
          "CONCEPT_CLASS_ID": "Clinical Finding",
          "INVALID_REASON": "V"
        },
        "includeMapped": false,
        "includeDescendants": false
      }
    ]},
    "name": "YSJH_L2_6all",
    "id": 0
  }],
  "cdmVersionRange": ">=5.0.0",
  "CensoringCriteria": [],
  "QualifiedLimit": {"Type": "First"},
  "InclusionRules": [],
  "PrimaryCriteria": {
    "CriteriaList": [{"ConditionOccurrence": {
      "OccurrenceEndDate": null,
      "CorrelatedCriteria": null,
      "ConditionTypeExclude": false,
      "CodesetId": 0,
      "ProviderSpecialty": null,
      "Gender": null,
      "VisitType": null,
      "First": null,
      "OccurrenceStartDate": null,
      "ConditionType": null,
      "ConditionSourceConcept": null,
      "StopReason": null,
      "Age": null
    }}],
    "PrimaryCriteriaLimit": {"Type": "All"},
    "ObservationWindow": {
      "PostDays": 0,
      "PriorDays": 0
    }
  }
}