{
  "ExpressionLimit": {"Type": "All"},
  "CollapseSettings": {
    "CollapseType": "ERA",
    "EraPad": 0
  },
  "CensorWindow": {
    "StartDate": null,
    "EndDate": null
  },
  "ConceptSets": [{
    "expression": {"items": [
      {
        "isExcluded": false,
        "concept": {
          "INVALID_REASON_CAPTION": "Valid",
          "CONCEPT_ID": 72413,
          "STANDARD_CONCEPT": "S",
          "CONCEPT_CODE": "29191005",
          "VOCABULARY_ID": "SNOMED",
          "CONCEPT_NAME": "Nontraumatic rupture of muscle",
          "DOMAIN_ID": "Condition",
          "STANDARD_CONCEPT_CAPTION": "Standard",
          "CONCEPT_CLASS_ID": "Clinical Finding",
          "INVALID_REASON": "V"
        },
        "includeMapped": false,
        "includeDescendants": false
      },
      {
        "isExcluded": false,
        "concept": {
          "INVALID_REASON_CAPTION": "Valid",
          "CONCEPT_ID": 73001,
          "STANDARD_CONCEPT": "S",
          "CONCEPT_CODE": "26889001",
          "VOCABULARY_ID": "SNOMED",
          "CONCEPT_NAME": "Myositis",
          "DOMAIN_ID": "Condition",
          "STANDARD_CONCEPT_CAPTION": "Standard",
          "CONCEPT_CLASS_ID": "Clinical Finding",
          "INVALID_REASON": "V"
        },
        "includeMapped": false,
        "includeDescendants": false
      },
      {
        "isExcluded": false,
        "concept": {
          "INVALID_REASON_CAPTION": "Valid",
          "CONCEPT_ID": 73854,
          "STANDARD_CONCEPT": "S",
          "CONCEPT_CODE": "82725007",
          "VOCABULARY_ID": "SNOMED",
          "CONCEPT_NAME": "Progressive myositis ossificans",
          "DOMAIN_ID": "Condition",
          "STANDARD_CONCEPT_CAPTION": "Standard",
          "CONCEPT_CLASS_ID": "Clinical Finding",
          "INVALID_REASON": "V"
        },
        "includeMapped": false,
        "includeDescendants": false
      },
      {
        "isExcluded": false,
        "concept": {
          "INVALID_REASON_CAPTION": "Valid",
          "CONCEPT_ID": 75048,
          "STANDARD_CONCEPT": "S",
          "CONCEPT_CODE": "55925001",
          "VOCABULARY_ID": "SNOMED",
          "CONCEPT_NAME": "Interstitial myositis",
          "DOMAIN_ID": "Condition",
          "STANDARD_CONCEPT_CAPTION": "Standard",
          "CONCEPT_CLASS_ID": "Clinical Finding",
          "INVALID_REASON": "V"
        },
        "includeMapped": false,
        "includeDescendants": false
      },
      {
        "isExcluded": false,
        "concept": {
          "INVALID_REASON_CAPTION": "Valid",
          "CONCEPT_ID": 76508,
          "STANDARD_CONCEPT": "S",
          "CONCEPT_CODE": "29689003",
          "VOCABULARY_ID": "SNOMED",
          "CONCEPT_NAME": "Infective myositis",
          "DOMAIN_ID": "Condition",
          "STANDARD_CONCEPT_CAPTION": "Standard",
          "CONCEPT_CLASS_ID": "Clinical Finding",
          "INVALID_REASON": "V"
        },
        "includeMapped": false,
        "includeDescendants": false
      },
      {
        "isExcluded": false,
        "concept": {
          "INVALID_REASON_CAPTION": "Valid",
          "CONCEPT_ID": 77076,
          "STANDARD_CONCEPT": "S",
          "CONCEPT_CODE": "111248006",
          "VOCABULARY_ID": "SNOMED",
          "CONCEPT_NAME": "Diastasis of muscle",
          "DOMAIN_ID": "Condition",
          "STANDARD_CONCEPT_CAPTION": "Standard",
          "CONCEPT_CLASS_ID": "Clinical Finding",
          "INVALID_REASON": "V"
        },
        "includeMapped": false,
        "includeDescendants": false
      },
      {
        "isExcluded": false,
        "concept": {
          "INVALID_REASON_CAPTION": "Valid",
          "CONCEPT_ID": 77653,
          "STANDARD_CONCEPT": "S",
          "CONCEPT_CODE": "70917000",
          "VOCABULARY_ID": "SNOMED",
          "CONCEPT_NAME": "Traumatic myositis ossificans",
          "DOMAIN_ID": "Condition",
          "STANDARD_CONCEPT_CAPTION": "Standard",
          "CONCEPT_CLASS_ID": "Clinical Finding",
          "INVALID_REASON": "V"
        },
        "includeMapped": false,
        "includeDescendants": false
      },
      {
        "isExcluded": false,
        "concept": {
          "INVALID_REASON_CAPTION": "Valid",
          "CONCEPT_ID": 78236,
          "STANDARD_CONCEPT": "S",
          "CONCEPT_CODE": "88092000",
          "VOCABULARY_ID": "SNOMED",
          "CONCEPT_NAME": "Muscle atrophy",
          "DOMAIN_ID": "Condition",
          "STANDARD_CONCEPT_CAPTION": "Standard",
          "CONCEPT_CLASS_ID": "Clinical Finding",
          "INVALID_REASON": "V"
        },
        "includeMapped": false,
        "includeDescendants": false
      },
      {
        "isExcluded": false,
        "concept": {
          "INVALID_REASON_CAPTION": "Valid",
          "CONCEPT_ID": 137275,
          "STANDARD_CONCEPT": "S",
          "CONCEPT_CODE": "129565002",
          "VOCABULARY_ID": "SNOMED",
          "CONCEPT_NAME": "Disorder of muscle",
          "DOMAIN_ID": "Condition",
          "STANDARD_CONCEPT_CAPTION": "Standard",
          "CONCEPT_CLASS_ID": "Clinical Finding",
          "INVALID_REASON": "V"
        },
        "includeMapped": false,
        "includeDescendants": false
      },
      {
        "isExcluded": false,
        "concept": {
          "INVALID_REASON_CAPTION": "Valid",
          "CONCEPT_ID": 4001124,
          "STANDARD_CONCEPT": "S",
          "CONCEPT_CODE": "203012001",
          "VOCABULARY_ID": "SNOMED",
          "CONCEPT_NAME": "Infective myositis of upper arm",
          "DOMAIN_ID": "Condition",
          "STANDARD_CONCEPT_CAPTION": "Standard",
          "CONCEPT_CLASS_ID": "Clinical Finding",
          "INVALID_REASON": "V"
        },
        "includeMapped": false,
        "includeDescendants": false
      },
      {
        "isExcluded": false,
        "concept": {
          "INVALID_REASON_CAPTION": "Valid",
          "CONCEPT_ID": 4001125,
          "STANDARD_CONCEPT": "S",
          "CONCEPT_CODE": "203015004",
          "VOCABULARY_ID": "SNOMED",
          "CONCEPT_NAME": "Infective myositis of pelvis",
          "DOMAIN_ID": "Condition",
          "STANDARD_CONCEPT_CAPTION": "Standard",
          "CONCEPT_CLASS_ID": "Clinical Finding",
          "INVALID_REASON": "V"
        },
        "includeMapped": false,
        "includeDescendants": false
      },
      {
        "isExcluded": false,
        "concept": {
          "INVALID_REASON_CAPTION": "Valid",
          "CONCEPT_ID": 4001626,
          "STANDARD_CONCEPT": "S",
          "CONCEPT_CODE": "203014000",
          "VOCABULARY_ID": "SNOMED",
          "CONCEPT_NAME": "Infective myositis of hand",
          "DOMAIN_ID": "Condition",
          "STANDARD_CONCEPT_CAPTION": "Standard",
          "CONCEPT_CLASS_ID": "Clinical Finding",
          "INVALID_REASON": "V"
        },
        "includeMapped": false,
        "includeDescendants": false
      },
      {
        "isExcluded": false,
        "concept": {
          "INVALID_REASON_CAPTION": "Valid",
          "CONCEPT_ID": 4001627,
          "STANDARD_CONCEPT": "S",
          "CONCEPT_CODE": "203017007",
          "VOCABULARY_ID": "SNOMED",
          "CONCEPT_NAME": "Infective myositis of lower leg",
          "DOMAIN_ID": "Condition",
          "STANDARD_CONCEPT_CAPTION": "Standard",
          "CONCEPT_CLASS_ID": "Clinical Finding",
          "INVALID_REASON": "V"
        },
        "includeMapped": false,
        "includeDescendants": false
      },
      {
        "isExcluded": false,
        "concept": {
          "INVALID_REASON_CAPTION": "Valid",
          "CONCEPT_ID": 4001654,
          "STANDARD_CONCEPT": "S",
          "CONCEPT_CODE": "203033005",
          "VOCABULARY_ID": "SNOMED",
          "CONCEPT_NAME": "Paralytic calcification / ossification of muscle",
          "DOMAIN_ID": "Condition",
          "STANDARD_CONCEPT_CAPTION": "Standard",
          "CONCEPT_CLASS_ID": "Clinical Finding",
          "INVALID_REASON": "V"
        },
        "includeMapped": false,
        "includeDescendants": false
      },
      {
        "isExcluded": false,
        "concept": {
          "INVALID_REASON_CAPTION": "Valid",
          "CONCEPT_ID": 4002808,
          "STANDARD_CONCEPT": "S",
          "CONCEPT_CODE": "203011008",
          "VOCABULARY_ID": "SNOMED",
          "CONCEPT_NAME": "Infective myositis of shoulder",
          "DOMAIN_ID": "Condition",
          "STANDARD_CONCEPT_CAPTION": "Standard",
          "CONCEPT_CLASS_ID": "Clinical Finding",
          "INVALID_REASON": "V"
        },
        "includeMapped": false,
        "includeDescendants": false
      },
      {
        "isExcluded": false,
        "concept": {
          "INVALID_REASON_CAPTION": "Valid",
          "CONCEPT_ID": 4002813,
          "STANDARD_CONCEPT": "S",
          "CONCEPT_CODE": "203042003",
          "VOCABULARY_ID": "SNOMED",
          "CONCEPT_NAME": "Myositis in sarcoidosis",
          "DOMAIN_ID": "Condition",
          "STANDARD_CONCEPT_CAPTION": "Standard",
          "CONCEPT_CLASS_ID": "Clinical Finding",
          "INVALID_REASON": "V"
        },
        "includeMapped": false,
        "includeDescendants": false
      },
      {
        "isExcluded": false,
        "concept": {
          "INVALID_REASON_CAPTION": "Valid",
          "CONCEPT_ID": 4080368,
          "STANDARD_CONCEPT": "S",
          "CONCEPT_CODE": "18231007",
          "VOCABULARY_ID": "SNOMED",
          "CONCEPT_NAME": "Paraplegic immobility syndrome",
          "DOMAIN_ID": "Condition",
          "STANDARD_CONCEPT_CAPTION": "Standard",
          "CONCEPT_CLASS_ID": "Clinical Finding",
          "INVALID_REASON": "V"
        },
        "includeMapped": false,
        "includeDescendants": false
      },
      {
        "isExcluded": false,
        "concept": {
          "INVALID_REASON_CAPTION": "Valid",
          "CONCEPT_ID": 4109087,
          "STANDARD_CONCEPT": "S",
          "CONCEPT_CODE": "285393002",
          "VOCABULARY_ID": "SNOMED",
          "CONCEPT_NAME": "Strain of muscle of upper limb",
          "DOMAIN_ID": "Condition",
          "STANDARD_CONCEPT_CAPTION": "Standard",
          "CONCEPT_CLASS_ID": "Clinical Finding",
          "INVALID_REASON": "V"
        },
        "includeMapped": false,
        "includeDescendants": false
      },
      {
        "isExcluded": false,
        "concept": {
          "INVALID_REASON_CAPTION": "Valid",
          "CONCEPT_ID": 4112302,
          "STANDARD_CONCEPT": "S",
          "CONCEPT_CODE": "285391000",
          "VOCABULARY_ID": "SNOMED",
          "CONCEPT_NAME": "Strain of muscle of lower limb",
          "DOMAIN_ID": "Condition",
          "STANDARD_CONCEPT_CAPTION": "Standard",
          "CONCEPT_CLASS_ID": "Clinical Finding",
          "INVALID_REASON": "V"
        },
        "includeMapped": false,
        "includeDescendants": false
      },
      {
        "isExcluded": false,
        "concept": {
          "INVALID_REASON_CAPTION": "Valid",
          "CONCEPT_ID": 4147680,
          "STANDARD_CONCEPT": "S",
          "CONCEPT_CODE": "30330001",
          "VOCABULARY_ID": "SNOMED",
          "CONCEPT_NAME": "Purulent myositis",
          "DOMAIN_ID": "Condition",
          "STANDARD_CONCEPT_CAPTION": "Standard",
          "CONCEPT_CLASS_ID": "Clinical Finding",
          "INVALID_REASON": "V"
        },
        "includeMapped": false,
        "includeDescendants": false
      },
      {
        "isExcluded": false,
        "concept": {
          "INVALID_REASON_CAPTION": "Valid",
          "CONCEPT_ID": 4168796,
          "STANDARD_CONCEPT": "S",
          "CONCEPT_CODE": "48532005",
          "VOCABULARY_ID": "SNOMED",
          "CONCEPT_NAME": "Muscle strain",
          "DOMAIN_ID": "Condition",
          "STANDARD_CONCEPT_CAPTION": "Standard",
          "CONCEPT_CLASS_ID": "Clinical Finding",
          "INVALID_REASON": "V"
        },
        "includeMapped": false,
        "includeDescendants": false
      },
      {
        "isExcluded": false,
        "concept": {
          "INVALID_REASON_CAPTION": "Valid",
          "CONCEPT_ID": 4196401,
          "STANDARD_CONCEPT": "S",
          "CONCEPT_CODE": "44551007",
          "VOCABULARY_ID": "SNOMED",
          "CONCEPT_NAME": "Muscular ossification",
          "DOMAIN_ID": "Condition",
          "STANDARD_CONCEPT_CAPTION": "Standard",
          "CONCEPT_CLASS_ID": "Clinical Finding",
          "INVALID_REASON": "V"
        },
        "includeMapped": false,
        "includeDescendants": false
      },
      {
        "isExcluded": false,
        "concept": {
          "INVALID_REASON_CAPTION": "Valid",
          "CONCEPT_ID": 4208264,
          "STANDARD_CONCEPT": "S",
          "CONCEPT_CODE": "55033002",
          "VOCABULARY_ID": "SNOMED",
          "CONCEPT_NAME": "Muscle contracture",
          "DOMAIN_ID": "Condition",
          "STANDARD_CONCEPT_CAPTION": "Standard",
          "CONCEPT_CLASS_ID": "Clinical Finding",
          "INVALID_REASON": "V"
        },
        "includeMapped": false,
        "includeDescendants": false
      },
      {
        "isExcluded": false,
        "concept": {
          "INVALID_REASON_CAPTION": "Valid",
          "CONCEPT_ID": 4345577,
          "STANDARD_CONCEPT": "S",
          "CONCEPT_CODE": "240126009",
          "VOCABULARY_ID": "SNOMED",
          "CONCEPT_NAME": "Ischemic infarction of muscle",
          "DOMAIN_ID": "Condition",
          "STANDARD_CONCEPT_CAPTION": "Standard",
          "CONCEPT_CLASS_ID": "Clinical Finding",
          "INVALID_REASON": "V"
        },
        "includeMapped": false,
        "includeDescendants": false
      },
      {
        "isExcluded": false,
        "concept": {
          "INVALID_REASON_CAPTION": "Valid",
          "CONCEPT_ID": 4347291,
          "STANDARD_CONCEPT": "S",
          "CONCEPT_CODE": "240123001",
          "VOCABULARY_ID": "SNOMED",
          "CONCEPT_NAME": "Myositis ossificans associated with burns",
          "DOMAIN_ID": "Condition",
          "STANDARD_CONCEPT_CAPTION": "Standard",
          "CONCEPT_CLASS_ID": "Clinical Finding",
          "INVALID_REASON": "V"
        },
        "includeMapped": false,
        "includeDescendants": false
      },
      {
        "isExcluded": false,
        "concept": {
          "INVALID_REASON_CAPTION": "Valid",
          "CONCEPT_ID": 37117206,
          "STANDARD_CONCEPT": "S",
          "CONCEPT_CODE": "724611004",
          "VOCABULARY_ID": "SNOMED",
          "CONCEPT_NAME": "Foreign body granuloma of soft tissue",
          "DOMAIN_ID": "Condition",
          "STANDARD_CONCEPT_CAPTION": "Standard",
          "CONCEPT_CLASS_ID": "Clinical Finding",
          "INVALID_REASON": "V"
        },
        "includeMapped": false,
        "includeDescendants": false
      },
      {
        "isExcluded": false,
        "concept": {
          "INVALID_REASON_CAPTION": "Valid",
          "CONCEPT_ID": 37396333,
          "STANDARD_CONCEPT": "S",
          "CONCEPT_CODE": "716102003",
          "VOCABULARY_ID": "SNOMED",
          "CONCEPT_NAME": "Hand muscle strain",
          "DOMAIN_ID": "Condition",
          "STANDARD_CONCEPT_CAPTION": "Standard",
          "CONCEPT_CLASS_ID": "Clinical Finding",
          "INVALID_REASON": "V"
        },
        "includeMapped": false,
        "includeDescendants": false
      },
      {
        "isExcluded": false,
        "concept": {
          "INVALID_REASON_CAPTION": "Valid",
          "CONCEPT_ID": 40490403,
          "STANDARD_CONCEPT": "S",
          "CONCEPT_CODE": "446993003",
          "VOCABULARY_ID": "SNOMED",
          "CONCEPT_NAME": "Calcification of muscle",
          "DOMAIN_ID": "Condition",
          "STANDARD_CONCEPT_CAPTION": "Standard",
          "CONCEPT_CLASS_ID": "Clinical Finding",
          "INVALID_REASON": "V"
        },
        "includeMapped": false,
        "includeDescendants": false
      },
      {
        "isExcluded": false,
        "concept": {
          "INVALID_REASON_CAPTION": "Valid",
          "CONCEPT_ID": 46270387,
          "STANDARD_CONCEPT": "S",
          "CONCEPT_CODE": "295541000119102",
          "VOCABULARY_ID": "SNOMED",
          "CONCEPT_NAME": "Myositis ossificans of hand due to burn",
          "DOMAIN_ID": "Condition",
          "STANDARD_CONCEPT_CAPTION": "Standard",
          "CONCEPT_CLASS_ID": "Clinical Finding",
          "INVALID_REASON": "V"
        },
        "includeMapped": false,
        "includeDescendants": false
      },
      {
        "isExcluded": false,
        "concept": {
          "INVALID_REASON_CAPTION": "Valid",
          "CONCEPT_ID": 46270388,
          "STANDARD_CONCEPT": "S",
          "CONCEPT_CODE": "295551000119100",
          "VOCABULARY_ID": "SNOMED",
          "CONCEPT_NAME": "Myositis ossificans of lower leg due to burn",
          "DOMAIN_ID": "Condition",
          "STANDARD_CONCEPT_CAPTION": "Standard",
          "CONCEPT_CLASS_ID": "Clinical Finding",
          "INVALID_REASON": "V"
        },
        "includeMapped": false,
        "includeDescendants": false
      },
      {
        "isExcluded": false,
        "concept": {
          "INVALID_REASON_CAPTION": "Valid",
          "CONCEPT_ID": 46270389,
          "STANDARD_CONCEPT": "S",
          "CONCEPT_CODE": "295571000119109",
          "VOCABULARY_ID": "SNOMED",
          "CONCEPT_NAME": "Myositis ossificans of shoulder due to burn",
          "DOMAIN_ID": "Condition",
          "STANDARD_CONCEPT_CAPTION": "Standard",
          "CONCEPT_CLASS_ID": "Clinical Finding",
          "INVALID_REASON": "V"
        },
        "includeMapped": false,
        "includeDescendants": false
      },
      {
        "isExcluded": false,
        "concept": {
          "INVALID_REASON_CAPTION": "Valid",
          "CONCEPT_ID": 46270390,
          "STANDARD_CONCEPT": "S",
          "CONCEPT_CODE": "295621000119107",
          "VOCABULARY_ID": "SNOMED",
          "CONCEPT_NAME": "Myositis ossificans of upper arm due to burn",
          "DOMAIN_ID": "Condition",
          "STANDARD_CONCEPT_CAPTION": "Standard",
          "CONCEPT_CLASS_ID": "Clinical Finding",
          "INVALID_REASON": "V"
        },
        "includeMapped": false,
        "includeDescendants": false
      },
      {
        "isExcluded": false,
        "concept": {
          "INVALID_REASON_CAPTION": "Valid",
          "CONCEPT_ID": 46270415,
          "STANDARD_CONCEPT": "S",
          "CONCEPT_CODE": "303361000119103",
          "VOCABULARY_ID": "SNOMED",
          "CONCEPT_NAME": "Myositis ossificans of multiple sites due to burn",
          "DOMAIN_ID": "Condition",
          "STANDARD_CONCEPT_CAPTION": "Standard",
          "CONCEPT_CLASS_ID": "Clinical Finding",
          "INVALID_REASON": "V"
        },
        "includeMapped": false,
        "includeDescendants": false
      },
      {
        "isExcluded": false,
        "concept": {
          "INVALID_REASON_CAPTION": "Valid",
          "CONCEPT_ID": 46273643,
          "STANDARD_CONCEPT": "S",
          "CONCEPT_CODE": "295511000119101",
          "VOCABULARY_ID": "SNOMED",
          "CONCEPT_NAME": "Myositis ossificans of forearm due to burn",
          "DOMAIN_ID": "Condition",
          "STANDARD_CONCEPT_CAPTION": "Standard",
          "CONCEPT_CLASS_ID": "Clinical Finding",
          "INVALID_REASON": "V"
        },
        "includeMapped": false,
        "includeDescendants": false
      }
    ]},
    "name": "YSJH_L2_10all",
    "id": 0
  }],
  "cdmVersionRange": ">=5.0.0",
  "CensoringCriteria": [],
  "QualifiedLimit": {"Type": "First"},
  "InclusionRules": [],
  "PrimaryCriteria": {
    "CriteriaList": [{"ConditionOccurrence": {
      "OccurrenceEndDate": null,
      "CorrelatedCriteria": null,
      "ConditionTypeExclude": false,
      "CodesetId": 0,
      "ProviderSpecialty": null,
      "Gender": null,
      "VisitType": null,
      "First": null,
      "OccurrenceStartDate": null,
      "ConditionType": null,
      "ConditionSourceConcept": null,
      "StopReason": null,
      "Age": null
    }}],
    "PrimaryCriteriaLimit": {"Type": "All"},
    "ObservationWindow": {
      "PostDays": 0,
      "PriorDays": 0
    }
  }
}