{
  "ExpressionLimit": {"Type": "All"},
  "CollapseSettings": {
    "CollapseType": "ERA",
    "EraPad": 0
  },
  "CensorWindow": {
    "StartDate": null,
    "EndDate": null
  },
  "ConceptSets": [{
    "expression": {"items": [{
      "isExcluded": false,
      "concept": {
        "INVALID_REASON_CAPTION": "Valid",
        "CONCEPT_ID": 704996,
        "STANDARD_CONCEPT": "S",
        "CONCEPT_CODE": "OMOP4912978",
        "VOCABULARY_ID": "OMOP Extension",
        "CONCEPT_NAME": "Patient meets COVID-19 laboratory diagnostic criteria",
        "DOMAIN_ID": "Observation",
        "STANDARD_CONCEPT_CAPTION": "Standard",
        "CONCEPT_CLASS_ID": "Clinical Finding",
        "INVALID_REASON": "V"
      },
      "includeMapped": false,
      "includeDescendants": false
    }]},
    "name": "YSJH_COVID",
    "id": 0
  }],
  "EndStrategy": {"DateOffset": {
    "DateField": "StartDate",
    "Offset": 365
  }},
  "cdmVersionRange": ">=5.0.0",
  "CensoringCriteria": [],
  "QualifiedLimit": {"Type": "First"},
  "InclusionRules": [{
    "expression": {
      "CriteriaList": [{
        "RestrictVisit": false,
        "StartWindow": {
          "UseEventEnd": false,
          "Start": {
            "Days": null,
            "Coeff": -1
          },
          "End": {
            "Days": null,
            "Coeff": 1
          },
          "UseIndexEnd": false
        },
        "IgnoreObservationPeriod": false,
        "EndWindow": null,
        "Criteria": {"Observation": {
          "ValueAsConcept": null,
          "ObservationType": null,
          "CorrelatedCriteria": null,
          "ObservationTypeExclude": false,
          "ValueAsString": null,
          "CodesetId": 0,
          "ProviderSpecialty": null,
          "Gender": null,
          "Unit": null,
          "ObservationSourceConcept": null,
          "VisitType": null,
          "ValueAsNumber": null,
          "Qualifier": null,
          "First": null,
          "OccurrenceStartDate": null,
          "Age": null
        }},
        "Occurrence": {
          "Type": 0,
          "IsDistinct": false,
          "Count": 0
        }
      }],
      "Type": "ALL",
      "DemographicCriteriaList": [],
      "Groups": [],
      "Count": null
    },
    "name": "nonCOVID",
    "description": null
  }],
  "PrimaryCriteria": {
    "CriteriaList": [{"VisitOccurrence": {
      "OccurrenceEndDate": {
        "Op": "lte",
        "Extent": null,
        "Value": "2021-02-25"
      },
      "VisitLength": null,
      "CorrelatedCriteria": null,
      "VisitSourceConcept": null,
      "CodesetId": null,
      "VisitTypeExclude": false,
      "ProviderSpecialty": null,
      "Gender": null,
      "PlaceOfServiceLocation": null,
      "PlaceOfService": null,
      "VisitType": null,
      "First": null,
      "OccurrenceStartDate": {
        "Op": "gte",
        "Extent": null,
        "Value": "2020-01-20"
      },
      "Age": {
        "Op": "gte",
        "Extent": null,
        "Value": 19
      }
    }}],
    "PrimaryCriteriaLimit": {"Type": "First"},
    "ObservationWindow": {
      "PostDays": 0,
      "PriorDays": 365
    }
  }
}