atlasId,atlasName,cohortId,name
3882,YSJH_test_COVID,3882,YSJH_test_COVID
3883,YSJH_compartor_nonCOVID,3883,YSJH_compartor_nonCOVID
3884,YSJH_OC_L2_11,3884,YSJH_OC_L2_11
3885,YSJH_OC_L1_1,3885,YSJH_OC_L1_1
3886,YSJH_OC_L1_2,3886,YSJH_OC_L1_2
3887,YSJH_OC_L1_3,3887,YSJH_OC_L1_3
3888,YSJH_OC_L1_4,3888,YSJH_OC_L1_4
3889,YSJH_OC_L1_5,3889,YSJH_OC_L1_5
3890,YSJH_OC_L1_6,3890,YSJH_OC_L1_6
3891,YSJH_OC_L1_7,3891,YSJH_OC_L1_7
3892,YSJH_OC_L2_12,3892,YSJH_OC_L2_12
3893,YSJH_OC_L1_8,3893,YSJH_OC_L1_8
3894,YSJH_OC_L2_13,3894,YSJH_OC_L2_13
3895,YSJH_OC_L1_9,3895,YSJH_OC_L1_9
3896,YSJH_death,3896,YSJH_death
3897,YSJH_OC_L2_1,3897,YSJH_OC_L2_1
3898,YSJH_OC_L2_2,3898,YSJH_OC_L2_2
3899,YSJH_OC_L2_3,3899,YSJH_OC_L2_3
3900,YSJH_OC_L2_4,3900,YSJH_OC_L2_4
3901,YSJH_OC_L2_5,3901,YSJH_OC_L2_5
3902,YSJH_OC_L2_6,3902,YSJH_OC_L2_6
3903,YSJH_OC_L2_7,3903,YSJH_OC_L2_7
3904,YSJH_OC_L2_8,3904,YSJH_OC_L2_8
3905,YSJH_OC_L2_9,3905,YSJH_OC_L2_9
3906,YSJH_OC_L2_10,3906,YSJH_OC_L2_10
4082,YSJH_test_sub1,4082,YSJH_test_sub1
4083,YSJH_compartor_sub1,4083,YSJH_compartor_sub1
3907,YSJH_test_sub2,3907,YSJH_test_sub2
3908,YSJH_compartor_sub2,3908,YSJH_compartor_sub2
4084,YSJH_test_sub3,4084,YSJH_test_sub3
4085,YSJH_compartor_sub3,4085,YSJH_compartor_sub3
4086,YSJH_test_sub4,4086,YSJH_test_sub4
4087,YSJH_compartor_sub4,4087,YSJH_compartor_sub4
