{
  "ExpressionLimit": {"Type": "All"},
  "CollapseSettings": {
    "CollapseType": "ERA",
    "EraPad": 0
  },
  "CensorWindow": {
    "StartDate": null,
    "EndDate": null
  },
  "ConceptSets": [{
    "expression": {"items": [
      {
        "isExcluded": false,
        "concept": {
          "INVALID_REASON_CAPTION": "Valid",
          "CONCEPT_ID": 433440,
          "STANDARD_CONCEPT": "S",
          "CONCEPT_CODE": "78667006",
          "VOCABULARY_ID": "SNOMED",
          "CONCEPT_NAME": "Dysthymia",
          "DOMAIN_ID": "Condition",
          "STANDARD_CONCEPT_CAPTION": "Standard",
          "CONCEPT_CLASS_ID": "Clinical Finding",
          "INVALID_REASON": "V"
        },
        "includeMapped": false,
        "includeDescendants": false
      },
      {
        "isExcluded": false,
        "concept": {
          "INVALID_REASON_CAPTION": "Valid",
          "CONCEPT_ID": 433991,
          "STANDARD_CONCEPT": "S",
          "CONCEPT_CODE": "68019004",
          "VOCABULARY_ID": "SNOMED",
          "CONCEPT_NAME": "Recurrent major depression in remission",
          "DOMAIN_ID": "Condition",
          "STANDARD_CONCEPT_CAPTION": "Standard",
          "CONCEPT_CLASS_ID": "Clinical Finding",
          "INVALID_REASON": "V"
        },
        "includeMapped": false,
        "includeDescendants": false
      },
      {
        "isExcluded": false,
        "concept": {
          "INVALID_REASON_CAPTION": "Valid",
          "CONCEPT_ID": 434911,
          "STANDARD_CONCEPT": "S",
          "CONCEPT_CODE": "191613003",
          "VOCABULARY_ID": "SNOMED",
          "CONCEPT_NAME": "Recurrent major depressive episodes, severe, with psychosis",
          "DOMAIN_ID": "Condition",
          "STANDARD_CONCEPT_CAPTION": "Standard",
          "CONCEPT_CLASS_ID": "Clinical Finding",
          "INVALID_REASON": "V"
        },
        "includeMapped": false,
        "includeDescendants": false
      },
      {
        "isExcluded": false,
        "concept": {
          "INVALID_REASON_CAPTION": "Valid",
          "CONCEPT_ID": 435220,
          "STANDARD_CONCEPT": "S",
          "CONCEPT_CODE": "36474008",
          "VOCABULARY_ID": "SNOMED",
          "CONCEPT_NAME": "Severe recurrent major depression without psychotic features",
          "DOMAIN_ID": "Condition",
          "STANDARD_CONCEPT_CAPTION": "Standard",
          "CONCEPT_CLASS_ID": "Clinical Finding",
          "INVALID_REASON": "V"
        },
        "includeMapped": false,
        "includeDescendants": false
      },
      {
        "isExcluded": false,
        "concept": {
          "INVALID_REASON_CAPTION": "Valid",
          "CONCEPT_ID": 435226,
          "STANDARD_CONCEPT": "S",
          "CONCEPT_CODE": "192362008",
          "VOCABULARY_ID": "SNOMED",
          "CONCEPT_NAME": "Bipolar affective disorder, current episode mixed",
          "DOMAIN_ID": "Condition",
          "STANDARD_CONCEPT_CAPTION": "Standard",
          "CONCEPT_CLASS_ID": "Clinical Finding",
          "INVALID_REASON": "V"
        },
        "includeMapped": false,
        "includeDescendants": false
      },
      {
        "isExcluded": false,
        "concept": {
          "INVALID_REASON_CAPTION": "Valid",
          "CONCEPT_ID": 436665,
          "STANDARD_CONCEPT": "S",
          "CONCEPT_CODE": "13746004",
          "VOCABULARY_ID": "SNOMED",
          "CONCEPT_NAME": "Bipolar disorder",
          "DOMAIN_ID": "Condition",
          "STANDARD_CONCEPT_CAPTION": "Standard",
          "CONCEPT_CLASS_ID": "Clinical Finding",
          "INVALID_REASON": "V"
        },
        "includeMapped": false,
        "includeDescendants": false
      },
      {
        "isExcluded": false,
        "concept": {
          "INVALID_REASON_CAPTION": "Valid",
          "CONCEPT_ID": 439254,
          "STANDARD_CONCEPT": "S",
          "CONCEPT_CODE": "191627008",
          "VOCABULARY_ID": "SNOMED",
          "CONCEPT_NAME": "Bipolar affective disorder, current episode depression",
          "DOMAIN_ID": "Condition",
          "STANDARD_CONCEPT_CAPTION": "Standard",
          "CONCEPT_CLASS_ID": "Clinical Finding",
          "INVALID_REASON": "V"
        },
        "includeMapped": false,
        "includeDescendants": false
      },
      {
        "isExcluded": false,
        "concept": {
          "INVALID_REASON_CAPTION": "Valid",
          "CONCEPT_ID": 439256,
          "STANDARD_CONCEPT": "S",
          "CONCEPT_CODE": "191623007",
          "VOCABULARY_ID": "SNOMED",
          "CONCEPT_NAME": "Bipolar affective disorder, currently manic, severe, with psychosis",
          "DOMAIN_ID": "Condition",
          "STANDARD_CONCEPT_CAPTION": "Standard",
          "CONCEPT_CLASS_ID": "Clinical Finding",
          "INVALID_REASON": "V"
        },
        "includeMapped": false,
        "includeDescendants": false
      },
      {
        "isExcluded": false,
        "concept": {
          "INVALID_REASON_CAPTION": "Valid",
          "CONCEPT_ID": 440078,
          "STANDARD_CONCEPT": "S",
          "CONCEPT_CODE": "191618007",
          "VOCABULARY_ID": "SNOMED",
          "CONCEPT_NAME": "Bipolar affective disorder, current episode manic",
          "DOMAIN_ID": "Condition",
          "STANDARD_CONCEPT_CAPTION": "Standard",
          "CONCEPT_CLASS_ID": "Clinical Finding",
          "INVALID_REASON": "V"
        },
        "includeMapped": false,
        "includeDescendants": false
      },
      {
        "isExcluded": false,
        "concept": {
          "INVALID_REASON_CAPTION": "Valid",
          "CONCEPT_ID": 440383,
          "STANDARD_CONCEPT": "S",
          "CONCEPT_CODE": "35489007",
          "VOCABULARY_ID": "SNOMED",
          "CONCEPT_NAME": "Depressive disorder",
          "DOMAIN_ID": "Condition",
          "STANDARD_CONCEPT_CAPTION": "Standard",
          "CONCEPT_CLASS_ID": "Clinical Finding",
          "INVALID_REASON": "V"
        },
        "includeMapped": false,
        "includeDescendants": false
      },
      {
        "isExcluded": false,
        "concept": {
          "INVALID_REASON_CAPTION": "Valid",
          "CONCEPT_ID": 440696,
          "STANDARD_CONCEPT": "S",
          "CONCEPT_CODE": "76105009",
          "VOCABULARY_ID": "SNOMED",
          "CONCEPT_NAME": "Cyclothymia",
          "DOMAIN_ID": "Condition",
          "STANDARD_CONCEPT_CAPTION": "Standard",
          "CONCEPT_CLASS_ID": "Clinical Finding",
          "INVALID_REASON": "V"
        },
        "includeMapped": false,
        "includeDescendants": false
      },
      {
        "isExcluded": false,
        "concept": {
          "INVALID_REASON_CAPTION": "Valid",
          "CONCEPT_ID": 444100,
          "STANDARD_CONCEPT": "S",
          "CONCEPT_CODE": "46206005",
          "VOCABULARY_ID": "SNOMED",
          "CONCEPT_NAME": "Mood disorder",
          "DOMAIN_ID": "Condition",
          "STANDARD_CONCEPT_CAPTION": "Standard",
          "CONCEPT_CLASS_ID": "Clinical Finding",
          "INVALID_REASON": "V"
        },
        "includeMapped": false,
        "includeDescendants": false
      },
      {
        "isExcluded": false,
        "concept": {
          "INVALID_REASON_CAPTION": "Valid",
          "CONCEPT_ID": 4077577,
          "STANDARD_CONCEPT": "S",
          "CONCEPT_CODE": "18818009",
          "VOCABULARY_ID": "SNOMED",
          "CONCEPT_NAME": "Moderate recurrent major depression",
          "DOMAIN_ID": "Condition",
          "STANDARD_CONCEPT_CAPTION": "Standard",
          "CONCEPT_CLASS_ID": "Clinical Finding",
          "INVALID_REASON": "V"
        },
        "includeMapped": false,
        "includeDescendants": false
      },
      {
        "isExcluded": false,
        "concept": {
          "INVALID_REASON_CAPTION": "Valid",
          "CONCEPT_ID": 4098302,
          "STANDARD_CONCEPT": "S",
          "CONCEPT_CODE": "191616006",
          "VOCABULARY_ID": "SNOMED",
          "CONCEPT_NAME": "Recurrent depression",
          "DOMAIN_ID": "Condition",
          "STANDARD_CONCEPT_CAPTION": "Standard",
          "CONCEPT_CLASS_ID": "Clinical Finding",
          "INVALID_REASON": "V"
        },
        "includeMapped": false,
        "includeDescendants": false
      },
      {
        "isExcluded": false,
        "concept": {
          "INVALID_REASON_CAPTION": "Valid",
          "CONCEPT_ID": 4150985,
          "STANDARD_CONCEPT": "S",
          "CONCEPT_CODE": "31446002",
          "VOCABULARY_ID": "SNOMED",
          "CONCEPT_NAME": "Bipolar I disorder, most recent episode hypomanic",
          "DOMAIN_ID": "Condition",
          "STANDARD_CONCEPT_CAPTION": "Standard",
          "CONCEPT_CLASS_ID": "Clinical Finding",
          "INVALID_REASON": "V"
        },
        "includeMapped": false,
        "includeDescendants": false
      },
      {
        "isExcluded": false,
        "concept": {
          "INVALID_REASON_CAPTION": "Valid",
          "CONCEPT_ID": 4228802,
          "STANDARD_CONCEPT": "S",
          "CONCEPT_CODE": "40379007",
          "VOCABULARY_ID": "SNOMED",
          "CONCEPT_NAME": "Mild recurrent major depression",
          "DOMAIN_ID": "Condition",
          "STANDARD_CONCEPT_CAPTION": "Standard",
          "CONCEPT_CLASS_ID": "Clinical Finding",
          "INVALID_REASON": "V"
        },
        "includeMapped": false,
        "includeDescendants": false
      },
      {
        "isExcluded": false,
        "concept": {
          "INVALID_REASON_CAPTION": "Valid",
          "CONCEPT_ID": 4250023,
          "STANDARD_CONCEPT": "S",
          "CONCEPT_CODE": "73867007",
          "VOCABULARY_ID": "SNOMED",
          "CONCEPT_NAME": "Severe major depression with psychotic features",
          "DOMAIN_ID": "Condition",
          "STANDARD_CONCEPT_CAPTION": "Standard",
          "CONCEPT_CLASS_ID": "Clinical Finding",
          "INVALID_REASON": "V"
        },
        "includeMapped": false,
        "includeDescendants": false
      },
      {
        "isExcluded": false,
        "concept": {
          "INVALID_REASON_CAPTION": "Valid",
          "CONCEPT_ID": 4282316,
          "STANDARD_CONCEPT": "S",
          "CONCEPT_CODE": "66344007",
          "VOCABULARY_ID": "SNOMED",
          "CONCEPT_NAME": "Recurrent major depression",
          "DOMAIN_ID": "Condition",
          "STANDARD_CONCEPT_CAPTION": "Standard",
          "CONCEPT_CLASS_ID": "Clinical Finding",
          "INVALID_REASON": "V"
        },
        "includeMapped": false,
        "includeDescendants": false
      },
      {
        "isExcluded": false,
        "concept": {
          "INVALID_REASON_CAPTION": "Valid",
          "CONCEPT_ID": 4307111,
          "STANDARD_CONCEPT": "S",
          "CONCEPT_CODE": "832007",
          "VOCABULARY_ID": "SNOMED",
          "CONCEPT_NAME": "Moderate major depression",
          "DOMAIN_ID": "Condition",
          "STANDARD_CONCEPT_CAPTION": "Standard",
          "CONCEPT_CLASS_ID": "Clinical Finding",
          "INVALID_REASON": "V"
        },
        "includeMapped": false,
        "includeDescendants": false
      },
      {
        "isExcluded": false,
        "concept": {
          "INVALID_REASON_CAPTION": "Valid",
          "CONCEPT_ID": 4310821,
          "STANDARD_CONCEPT": "S",
          "CONCEPT_CODE": "85248005",
          "VOCABULARY_ID": "SNOMED",
          "CONCEPT_NAME": "Bipolar disorder in remission",
          "DOMAIN_ID": "Condition",
          "STANDARD_CONCEPT_CAPTION": "Standard",
          "CONCEPT_CLASS_ID": "Clinical Finding",
          "INVALID_REASON": "V"
        },
        "includeMapped": false,
        "includeDescendants": false
      },
      {
        "isExcluded": false,
        "concept": {
          "INVALID_REASON_CAPTION": "Valid",
          "CONCEPT_ID": 4327337,
          "STANDARD_CONCEPT": "S",
          "CONCEPT_CODE": "75084000",
          "VOCABULARY_ID": "SNOMED",
          "CONCEPT_NAME": "Severe major depression without psychotic features",
          "DOMAIN_ID": "Condition",
          "STANDARD_CONCEPT_CAPTION": "Standard",
          "CONCEPT_CLASS_ID": "Clinical Finding",
          "INVALID_REASON": "V"
        },
        "includeMapped": false,
        "includeDescendants": false
      },
      {
        "isExcluded": false,
        "concept": {
          "INVALID_REASON_CAPTION": "Valid",
          "CONCEPT_ID": 4333677,
          "STANDARD_CONCEPT": "S",
          "CONCEPT_CODE": "231494001",
          "VOCABULARY_ID": "SNOMED",
          "CONCEPT_NAME": "Mania",
          "DOMAIN_ID": "Condition",
          "STANDARD_CONCEPT_CAPTION": "Standard",
          "CONCEPT_CLASS_ID": "Clinical Finding",
          "INVALID_REASON": "V"
        },
        "includeMapped": false,
        "includeDescendants": false
      },
      {
        "isExcluded": false,
        "concept": {
          "INVALID_REASON_CAPTION": "Valid",
          "CONCEPT_ID": 4333678,
          "STANDARD_CONCEPT": "S",
          "CONCEPT_CODE": "231496004",
          "VOCABULARY_ID": "SNOMED",
          "CONCEPT_NAME": "Hypomania",
          "DOMAIN_ID": "Condition",
          "STANDARD_CONCEPT_CAPTION": "Standard",
          "CONCEPT_CLASS_ID": "Clinical Finding",
          "INVALID_REASON": "V"
        },
        "includeMapped": false,
        "includeDescendants": false
      },
      {
        "isExcluded": false,
        "concept": {
          "INVALID_REASON_CAPTION": "Valid",
          "CONCEPT_ID": 4336957,
          "STANDARD_CONCEPT": "S",
          "CONCEPT_CODE": "87512008",
          "VOCABULARY_ID": "SNOMED",
          "CONCEPT_NAME": "Mild major depression",
          "DOMAIN_ID": "Condition",
          "STANDARD_CONCEPT_CAPTION": "Standard",
          "CONCEPT_CLASS_ID": "Clinical Finding",
          "INVALID_REASON": "V"
        },
        "includeMapped": false,
        "includeDescendants": false
      },
      {
        "isExcluded": false,
        "concept": {
          "INVALID_REASON_CAPTION": "Valid",
          "CONCEPT_ID": 35610112,
          "STANDARD_CONCEPT": "S",
          "CONCEPT_CODE": "1089681000000108",
          "VOCABULARY_ID": "SNOMED",
          "CONCEPT_NAME": "Mania with psychotic features",
          "DOMAIN_ID": "Condition",
          "STANDARD_CONCEPT_CAPTION": "Standard",
          "CONCEPT_CLASS_ID": "Clinical Finding",
          "INVALID_REASON": "V"
        },
        "includeMapped": false,
        "includeDescendants": false
      },
      {
        "isExcluded": false,
        "concept": {
          "INVALID_REASON_CAPTION": "Valid",
          "CONCEPT_ID": 35622934,
          "STANDARD_CONCEPT": "S",
          "CONCEPT_CODE": "765176007",
          "VOCABULARY_ID": "SNOMED",
          "CONCEPT_NAME": "Psychosis and severe depression co-occurrent and due to bipolar affective disorder",
          "DOMAIN_ID": "Condition",
          "STANDARD_CONCEPT_CAPTION": "Standard",
          "CONCEPT_CLASS_ID": "Clinical Finding",
          "INVALID_REASON": "V"
        },
        "includeMapped": false,
        "includeDescendants": false
      }
    ]},
    "name": "YSJH_L2_3all",
    "id": 0
  }],
  "cdmVersionRange": ">=5.0.0",
  "CensoringCriteria": [],
  "QualifiedLimit": {"Type": "First"},
  "InclusionRules": [],
  "PrimaryCriteria": {
    "CriteriaList": [{"ConditionOccurrence": {
      "OccurrenceEndDate": null,
      "CorrelatedCriteria": null,
      "ConditionTypeExclude": false,
      "CodesetId": 0,
      "ProviderSpecialty": null,
      "Gender": null,
      "VisitType": null,
      "First": null,
      "OccurrenceStartDate": null,
      "ConditionType": null,
      "ConditionSourceConcept": null,
      "ConditionStatus": null,
      "StopReason": null,
      "Age": null
    }}],
    "PrimaryCriteriaLimit": {"Type": "All"},
    "ObservationWindow": {
      "PostDays": 0,
      "PriorDays": 0
    }
  }
}