{
  "ExpressionLimit": {"Type": "All"},
  "CollapseSettings": {
    "CollapseType": "ERA",
    "EraPad": 0
  },
  "CensorWindow": {
    "StartDate": null,
    "EndDate": null
  },
  "ConceptSets": [{
    "expression": {"items": [
      {
        "isExcluded": false,
        "concept": {
          "INVALID_REASON_CAPTION": "Valid",
          "CONCEPT_ID": 75576,
          "STANDARD_CONCEPT": "S",
          "CONCEPT_CODE": "10743008",
          "VOCABULARY_ID": "SNOMED",
          "CONCEPT_NAME": "Irritable bowel syndrome",
          "DOMAIN_ID": "Condition",
          "STANDARD_CONCEPT_CAPTION": "Standard",
          "CONCEPT_CLASS_ID": "Clinical Finding",
          "INVALID_REASON": "V"
        },
        "includeMapped": false,
        "includeDescendants": false
      },
      {
        "isExcluded": false,
        "concept": {
          "INVALID_REASON_CAPTION": "Valid",
          "CONCEPT_ID": 75580,
          "STANDARD_CONCEPT": "S",
          "CONCEPT_CODE": "52231000",
          "VOCABULARY_ID": "SNOMED",
          "CONCEPT_NAME": "Chronic ulcerative proctitis",
          "DOMAIN_ID": "Condition",
          "STANDARD_CONCEPT_CAPTION": "Standard",
          "CONCEPT_CLASS_ID": "Clinical Finding",
          "INVALID_REASON": "V"
        },
        "includeMapped": false,
        "includeDescendants": false
      },
      {
        "isExcluded": false,
        "concept": {
          "INVALID_REASON_CAPTION": "Valid",
          "CONCEPT_ID": 75860,
          "STANDARD_CONCEPT": "S",
          "CONCEPT_CODE": "14760008",
          "VOCABULARY_ID": "SNOMED",
          "CONCEPT_NAME": "Constipation",
          "DOMAIN_ID": "Condition",
          "STANDARD_CONCEPT_CAPTION": "Standard",
          "CONCEPT_CLASS_ID": "Clinical Finding",
          "INVALID_REASON": "V"
        },
        "includeMapped": false,
        "includeDescendants": false
      },
      {
        "isExcluded": false,
        "concept": {
          "INVALID_REASON_CAPTION": "Valid",
          "CONCEPT_ID": 76725,
          "STANDARD_CONCEPT": "S",
          "CONCEPT_CODE": "30037006",
          "VOCABULARY_ID": "SNOMED",
          "CONCEPT_NAME": "Anal fissure",
          "DOMAIN_ID": "Condition",
          "STANDARD_CONCEPT_CAPTION": "Standard",
          "CONCEPT_CLASS_ID": "Clinical Finding",
          "INVALID_REASON": "V"
        },
        "includeMapped": false,
        "includeDescendants": false
      },
      {
        "isExcluded": false,
        "concept": {
          "INVALID_REASON_CAPTION": "Valid",
          "CONCEPT_ID": 77317,
          "STANDARD_CONCEPT": "S",
          "CONCEPT_CODE": "52506002",
          "VOCABULARY_ID": "SNOMED",
          "CONCEPT_NAME": "Chronic ulcerative rectosigmoiditis",
          "DOMAIN_ID": "Condition",
          "STANDARD_CONCEPT_CAPTION": "Standard",
          "CONCEPT_CLASS_ID": "Clinical Finding",
          "INVALID_REASON": "V"
        },
        "includeMapped": false,
        "includeDescendants": false
      },
      {
        "isExcluded": false,
        "concept": {
          "INVALID_REASON_CAPTION": "Valid",
          "CONCEPT_ID": 78799,
          "STANDARD_CONCEPT": "S",
          "CONCEPT_CODE": "13470001",
          "VOCABULARY_ID": "SNOMED",
          "CONCEPT_NAME": "Chronic ulcerative ileocolitis",
          "DOMAIN_ID": "Condition",
          "STANDARD_CONCEPT_CAPTION": "Standard",
          "CONCEPT_CLASS_ID": "Clinical Finding",
          "INVALID_REASON": "V"
        },
        "includeMapped": false,
        "includeDescendants": false
      },
      {
        "isExcluded": false,
        "concept": {
          "INVALID_REASON_CAPTION": "Valid",
          "CONCEPT_ID": 79061,
          "STANDARD_CONCEPT": "S",
          "CONCEPT_CODE": "35298007",
          "VOCABULARY_ID": "SNOMED",
          "CONCEPT_NAME": "Slow transit constipation",
          "DOMAIN_ID": "Condition",
          "STANDARD_CONCEPT_CAPTION": "Standard",
          "CONCEPT_CLASS_ID": "Clinical Finding",
          "INVALID_REASON": "V"
        },
        "includeMapped": false,
        "includeDescendants": false
      },
      {
        "isExcluded": false,
        "concept": {
          "INVALID_REASON_CAPTION": "Valid",
          "CONCEPT_ID": 80141,
          "STANDARD_CONCEPT": "S",
          "CONCEPT_CODE": "47812002",
          "VOCABULARY_ID": "SNOMED",
          "CONCEPT_NAME": "Functional diarrhea",
          "DOMAIN_ID": "Condition",
          "STANDARD_CONCEPT_CAPTION": "Standard",
          "CONCEPT_CLASS_ID": "Clinical Finding",
          "INVALID_REASON": "V"
        },
        "includeMapped": false,
        "includeDescendants": false
      },
      {
        "isExcluded": false,
        "concept": {
          "INVALID_REASON_CAPTION": "Valid",
          "CONCEPT_ID": 81064,
          "STANDARD_CONCEPT": "S",
          "CONCEPT_CODE": "13025001",
          "VOCABULARY_ID": "SNOMED",
          "CONCEPT_NAME": "Pseudopolyposis of colon",
          "DOMAIN_ID": "Condition",
          "STANDARD_CONCEPT_CAPTION": "Standard",
          "CONCEPT_CLASS_ID": "Clinical Finding",
          "INVALID_REASON": "V"
        },
        "includeMapped": false,
        "includeDescendants": false
      },
      {
        "isExcluded": false,
        "concept": {
          "INVALID_REASON_CAPTION": "Valid",
          "CONCEPT_ID": 81336,
          "STANDARD_CONCEPT": "S",
          "CONCEPT_CODE": "57773001",
          "VOCABULARY_ID": "SNOMED",
          "CONCEPT_NAME": "Rectal prolapse",
          "DOMAIN_ID": "Condition",
          "STANDARD_CONCEPT_CAPTION": "Standard",
          "CONCEPT_CLASS_ID": "Clinical Finding",
          "INVALID_REASON": "V"
        },
        "includeMapped": false,
        "includeDescendants": false
      },
      {
        "isExcluded": false,
        "concept": {
          "INVALID_REASON_CAPTION": "Valid",
          "CONCEPT_ID": 81893,
          "STANDARD_CONCEPT": "S",
          "CONCEPT_CODE": "64766004",
          "VOCABULARY_ID": "SNOMED",
          "CONCEPT_NAME": "Ulcerative colitis",
          "DOMAIN_ID": "Condition",
          "STANDARD_CONCEPT_CAPTION": "Standard",
          "CONCEPT_CLASS_ID": "Clinical Finding",
          "INVALID_REASON": "V"
        },
        "includeMapped": false,
        "includeDescendants": false
      },
      {
        "isExcluded": false,
        "concept": {
          "INVALID_REASON_CAPTION": "Valid",
          "CONCEPT_ID": 134404,
          "STANDARD_CONCEPT": "S",
          "CONCEPT_CODE": "17440005",
          "VOCABULARY_ID": "SNOMED",
          "CONCEPT_NAME": "Anal spasm",
          "DOMAIN_ID": "Condition",
          "STANDARD_CONCEPT_CAPTION": "Standard",
          "CONCEPT_CLASS_ID": "Clinical Finding",
          "INVALID_REASON": "V"
        },
        "includeMapped": false,
        "includeDescendants": false
      },
      {
        "isExcluded": false,
        "concept": {
          "INVALID_REASON_CAPTION": "Valid",
          "CONCEPT_ID": 192357,
          "STANDARD_CONCEPT": "S",
          "CONCEPT_CODE": "55525008",
          "VOCABULARY_ID": "SNOMED",
          "CONCEPT_NAME": "Paralytic ileus",
          "DOMAIN_ID": "Condition",
          "STANDARD_CONCEPT_CAPTION": "Standard",
          "CONCEPT_CLASS_ID": "Clinical Finding",
          "INVALID_REASON": "V"
        },
        "includeMapped": false,
        "includeDescendants": false
      },
      {
        "isExcluded": false,
        "concept": {
          "INVALID_REASON_CAPTION": "Valid",
          "CONCEPT_ID": 192674,
          "STANDARD_CONCEPT": "S",
          "CONCEPT_CODE": "266451002",
          "VOCABULARY_ID": "SNOMED",
          "CONCEPT_NAME": "Allergic gastroenteritis and colitis",
          "DOMAIN_ID": "Condition",
          "STANDARD_CONCEPT_CAPTION": "Standard",
          "CONCEPT_CLASS_ID": "Clinical Finding",
          "INVALID_REASON": "V"
        },
        "includeMapped": false,
        "includeDescendants": false
      },
      {
        "isExcluded": false,
        "concept": {
          "INVALID_REASON_CAPTION": "Valid",
          "CONCEPT_ID": 192953,
          "STANDARD_CONCEPT": "S",
          "CONCEPT_CODE": "67766009",
          "VOCABULARY_ID": "SNOMED",
          "CONCEPT_NAME": "Intestinal adhesions with obstruction",
          "DOMAIN_ID": "Condition",
          "STANDARD_CONCEPT_CAPTION": "Standard",
          "CONCEPT_CLASS_ID": "Clinical Finding",
          "INVALID_REASON": "V"
        },
        "includeMapped": false,
        "includeDescendants": false
      },
      {
        "isExcluded": false,
        "concept": {
          "INVALID_REASON_CAPTION": "Valid",
          "CONCEPT_ID": 193239,
          "STANDARD_CONCEPT": "S",
          "CONCEPT_CODE": "56165008",
          "VOCABULARY_ID": "SNOMED",
          "CONCEPT_NAME": "Diverticulitis of small intestine",
          "DOMAIN_ID": "Condition",
          "STANDARD_CONCEPT_CAPTION": "Standard",
          "CONCEPT_CLASS_ID": "Clinical Finding",
          "INVALID_REASON": "V"
        },
        "includeMapped": false,
        "includeDescendants": false
      },
      {
        "isExcluded": false,
        "concept": {
          "INVALID_REASON_CAPTION": "Valid",
          "CONCEPT_ID": 193242,
          "STANDARD_CONCEPT": "S",
          "CONCEPT_CODE": "56905009",
          "VOCABULARY_ID": "SNOMED",
          "CONCEPT_NAME": "Perforation of intestine",
          "DOMAIN_ID": "Condition",
          "STANDARD_CONCEPT_CAPTION": "Standard",
          "CONCEPT_CLASS_ID": "Clinical Finding",
          "INVALID_REASON": "V"
        },
        "includeMapped": false,
        "includeDescendants": false
      },
      {
        "isExcluded": false,
        "concept": {
          "INVALID_REASON_CAPTION": "Valid",
          "CONCEPT_ID": 193252,
          "STANDARD_CONCEPT": "S",
          "CONCEPT_CODE": "8114009",
          "VOCABULARY_ID": "SNOMED",
          "CONCEPT_NAME": "Diverticulosis of small intestine",
          "DOMAIN_ID": "Condition",
          "STANDARD_CONCEPT_CAPTION": "Standard",
          "CONCEPT_CLASS_ID": "Clinical Finding",
          "INVALID_REASON": "V"
        },
        "includeMapped": false,
        "includeDescendants": false
      },
      {
        "isExcluded": false,
        "concept": {
          "INVALID_REASON_CAPTION": "Valid",
          "CONCEPT_ID": 193518,
          "STANDARD_CONCEPT": "S",
          "CONCEPT_CODE": "81060008",
          "VOCABULARY_ID": "SNOMED",
          "CONCEPT_NAME": "Intestinal obstruction",
          "DOMAIN_ID": "Condition",
          "STANDARD_CONCEPT_CAPTION": "Standard",
          "CONCEPT_CLASS_ID": "Clinical Finding",
          "INVALID_REASON": "V"
        },
        "includeMapped": false,
        "includeDescendants": false
      },
      {
        "isExcluded": false,
        "concept": {
          "INVALID_REASON_CAPTION": "Valid",
          "CONCEPT_ID": 443327,
          "STANDARD_CONCEPT": "S",
          "CONCEPT_CODE": "197166005",
          "VOCABULARY_ID": "SNOMED",
          "CONCEPT_NAME": "Rectal abscess",
          "DOMAIN_ID": "Condition",
          "STANDARD_CONCEPT_CAPTION": "Standard",
          "CONCEPT_CLASS_ID": "Clinical Finding",
          "INVALID_REASON": "V"
        },
        "includeMapped": false,
        "includeDescendants": false
      },
      {
        "isExcluded": false,
        "concept": {
          "INVALID_REASON_CAPTION": "Valid",
          "CONCEPT_ID": 4006305,
          "STANDARD_CONCEPT": "S",
          "CONCEPT_CODE": "111363006",
          "VOCABULARY_ID": "SNOMED",
          "CONCEPT_NAME": "Proctoptosis",
          "DOMAIN_ID": "Condition",
          "STANDARD_CONCEPT_CAPTION": "Standard",
          "CONCEPT_CLASS_ID": "Clinical Finding",
          "INVALID_REASON": "V"
        },
        "includeMapped": false,
        "includeDescendants": false
      },
      {
        "isExcluded": false,
        "concept": {
          "INVALID_REASON_CAPTION": "Valid",
          "CONCEPT_ID": 4009163,
          "STANDARD_CONCEPT": "S",
          "CONCEPT_CODE": "111356006",
          "VOCABULARY_ID": "SNOMED",
          "CONCEPT_NAME": "Enterocolic fistula",
          "DOMAIN_ID": "Condition",
          "STANDARD_CONCEPT_CAPTION": "Standard",
          "CONCEPT_CLASS_ID": "Clinical Finding",
          "INVALID_REASON": "V"
        },
        "includeMapped": false,
        "includeDescendants": false
      },
      {
        "isExcluded": false,
        "concept": {
          "INVALID_REASON_CAPTION": "Valid",
          "CONCEPT_ID": 4026004,
          "STANDARD_CONCEPT": "S",
          "CONCEPT_CODE": "197091007",
          "VOCABULARY_ID": "SNOMED",
          "CONCEPT_NAME": "Diverticular disease of both small and large intestine without perforation or abscess",
          "DOMAIN_ID": "Condition",
          "STANDARD_CONCEPT_CAPTION": "Standard",
          "CONCEPT_CLASS_ID": "Clinical Finding",
          "INVALID_REASON": "V"
        },
        "includeMapped": false,
        "includeDescendants": false
      },
      {
        "isExcluded": false,
        "concept": {
          "INVALID_REASON_CAPTION": "Valid",
          "CONCEPT_ID": 4043371,
          "STANDARD_CONCEPT": "S",
          "CONCEPT_CODE": "128999004",
          "VOCABULARY_ID": "SNOMED",
          "CONCEPT_NAME": "Inflammatory disorder of digestive tract",
          "DOMAIN_ID": "Condition",
          "STANDARD_CONCEPT_CAPTION": "Standard",
          "CONCEPT_CLASS_ID": "Clinical Finding",
          "INVALID_REASON": "V"
        },
        "includeMapped": false,
        "includeDescendants": false
      },
      {
        "isExcluded": false,
        "concept": {
          "INVALID_REASON_CAPTION": "Valid",
          "CONCEPT_ID": 4055116,
          "STANDARD_CONCEPT": "S",
          "CONCEPT_CODE": "197150008",
          "VOCABULARY_ID": "SNOMED",
          "CONCEPT_NAME": "Anal fissure and fistula",
          "DOMAIN_ID": "Condition",
          "STANDARD_CONCEPT_CAPTION": "Standard",
          "CONCEPT_CLASS_ID": "Clinical Finding",
          "INVALID_REASON": "V"
        },
        "includeMapped": false,
        "includeDescendants": false
      },
      {
        "isExcluded": false,
        "concept": {
          "INVALID_REASON_CAPTION": "Valid",
          "CONCEPT_ID": 4055201,
          "STANDARD_CONCEPT": "S",
          "CONCEPT_CODE": "197244008",
          "VOCABULARY_ID": "SNOMED",
          "CONCEPT_NAME": "Angiodysplasia of colon",
          "DOMAIN_ID": "Condition",
          "STANDARD_CONCEPT_CAPTION": "Standard",
          "CONCEPT_CLASS_ID": "Clinical Finding",
          "INVALID_REASON": "V"
        },
        "includeMapped": false,
        "includeDescendants": false
      },
      {
        "isExcluded": false,
        "concept": {
          "INVALID_REASON_CAPTION": "Valid",
          "CONCEPT_ID": 4055202,
          "STANDARD_CONCEPT": "S",
          "CONCEPT_CODE": "197247001",
          "VOCABULARY_ID": "SNOMED",
          "CONCEPT_NAME": "Enterocutaneous fistula",
          "DOMAIN_ID": "Condition",
          "STANDARD_CONCEPT_CAPTION": "Standard",
          "CONCEPT_CLASS_ID": "Clinical Finding",
          "INVALID_REASON": "V"
        },
        "includeMapped": false,
        "includeDescendants": false
      },
      {
        "isExcluded": false,
        "concept": {
          "INVALID_REASON_CAPTION": "Valid",
          "CONCEPT_ID": 4057381,
          "STANDARD_CONCEPT": "S",
          "CONCEPT_CODE": "197151007",
          "VOCABULARY_ID": "SNOMED",
          "CONCEPT_NAME": "Acute anal fissure",
          "DOMAIN_ID": "Condition",
          "STANDARD_CONCEPT_CAPTION": "Standard",
          "CONCEPT_CLASS_ID": "Clinical Finding",
          "INVALID_REASON": "V"
        },
        "includeMapped": false,
        "includeDescendants": false
      },
      {
        "isExcluded": false,
        "concept": {
          "INVALID_REASON_CAPTION": "Valid",
          "CONCEPT_ID": 4057822,
          "STANDARD_CONCEPT": "S",
          "CONCEPT_CODE": "197112002",
          "VOCABULARY_ID": "SNOMED",
          "CONCEPT_NAME": "Perforation and abscess with diverticular disease of small and large intestine",
          "DOMAIN_ID": "Condition",
          "STANDARD_CONCEPT_CAPTION": "Standard",
          "CONCEPT_CLASS_ID": "Clinical Finding",
          "INVALID_REASON": "V"
        },
        "includeMapped": false,
        "includeDescendants": false
      },
      {
        "isExcluded": false,
        "concept": {
          "INVALID_REASON_CAPTION": "Valid",
          "CONCEPT_ID": 4057826,
          "STANDARD_CONCEPT": "S",
          "CONCEPT_CODE": "197125005",
          "VOCABULARY_ID": "SNOMED",
          "CONCEPT_NAME": "Irritable bowel syndrome with diarrhea",
          "DOMAIN_ID": "Condition",
          "STANDARD_CONCEPT_CAPTION": "Standard",
          "CONCEPT_CLASS_ID": "Clinical Finding",
          "INVALID_REASON": "V"
        },
        "includeMapped": false,
        "includeDescendants": false
      },
      {
        "isExcluded": false,
        "concept": {
          "INVALID_REASON_CAPTION": "Valid",
          "CONCEPT_ID": 4057835,
          "STANDARD_CONCEPT": "S",
          "CONCEPT_CODE": "197152000",
          "VOCABULARY_ID": "SNOMED",
          "CONCEPT_NAME": "Chronic anal fissure",
          "DOMAIN_ID": "Condition",
          "STANDARD_CONCEPT_CAPTION": "Standard",
          "CONCEPT_CLASS_ID": "Clinical Finding",
          "INVALID_REASON": "V"
        },
        "includeMapped": false,
        "includeDescendants": false
      },
      {
        "isExcluded": false,
        "concept": {
          "INVALID_REASON_CAPTION": "Valid",
          "CONCEPT_ID": 4092161,
          "STANDARD_CONCEPT": "S",
          "CONCEPT_CODE": "280993006",
          "VOCABULARY_ID": "SNOMED",
          "CONCEPT_NAME": "Perforated diverticulum of small intestine",
          "DOMAIN_ID": "Condition",
          "STANDARD_CONCEPT_CAPTION": "Standard",
          "CONCEPT_CLASS_ID": "Clinical Finding",
          "INVALID_REASON": "V"
        },
        "includeMapped": false,
        "includeDescendants": false
      },
      {
        "isExcluded": false,
        "concept": {
          "INVALID_REASON_CAPTION": "Valid",
          "CONCEPT_ID": 4134562,
          "STANDARD_CONCEPT": "S",
          "CONCEPT_CODE": "398157006",
          "VOCABULARY_ID": "SNOMED",
          "CONCEPT_NAME": "Diverticular disease of large intestine",
          "DOMAIN_ID": "Condition",
          "STANDARD_CONCEPT_CAPTION": "Standard",
          "CONCEPT_CLASS_ID": "Clinical Finding",
          "INVALID_REASON": "V"
        },
        "includeMapped": false,
        "includeDescendants": false
      },
      {
        "isExcluded": false,
        "concept": {
          "INVALID_REASON_CAPTION": "Valid",
          "CONCEPT_ID": 4134603,
          "STANDARD_CONCEPT": "S",
          "CONCEPT_CODE": "128321003",
          "VOCABULARY_ID": "SNOMED",
          "CONCEPT_NAME": "Vascular disorder of intestine",
          "DOMAIN_ID": "Condition",
          "STANDARD_CONCEPT_CAPTION": "Standard",
          "CONCEPT_CLASS_ID": "Clinical Finding",
          "INVALID_REASON": "V"
        },
        "includeMapped": false,
        "includeDescendants": false
      },
      {
        "isExcluded": false,
        "concept": {
          "INVALID_REASON_CAPTION": "Valid",
          "CONCEPT_ID": 4145825,
          "STANDARD_CONCEPT": "S",
          "CONCEPT_CODE": "426867001",
          "VOCABULARY_ID": "SNOMED",
          "CONCEPT_NAME": "Anorectal disorder",
          "DOMAIN_ID": "Condition",
          "STANDARD_CONCEPT_CAPTION": "Standard",
          "CONCEPT_CLASS_ID": "Clinical Finding",
          "INVALID_REASON": "V"
        },
        "includeMapped": false,
        "includeDescendants": false
      },
      {
        "isExcluded": false,
        "concept": {
          "INVALID_REASON_CAPTION": "Valid",
          "CONCEPT_ID": 4152372,
          "STANDARD_CONCEPT": "S",
          "CONCEPT_CODE": "271959005",
          "VOCABULARY_ID": "SNOMED",
          "CONCEPT_NAME": "Simple diverticular disease of large intestine",
          "DOMAIN_ID": "Condition",
          "STANDARD_CONCEPT_CAPTION": "Standard",
          "CONCEPT_CLASS_ID": "Clinical Finding",
          "INVALID_REASON": "V"
        },
        "includeMapped": false,
        "includeDescendants": false
      },
      {
        "isExcluded": false,
        "concept": {
          "INVALID_REASON_CAPTION": "Valid",
          "CONCEPT_ID": 4164898,
          "STANDARD_CONCEPT": "S",
          "CONCEPT_CODE": "45568004",
          "VOCABULARY_ID": "SNOMED",
          "CONCEPT_NAME": "Diverticulosis of large intestine without diverticulitis",
          "DOMAIN_ID": "Condition",
          "STANDARD_CONCEPT_CAPTION": "Standard",
          "CONCEPT_CLASS_ID": "Clinical Finding",
          "INVALID_REASON": "V"
        },
        "includeMapped": false,
        "includeDescendants": false
      },
      {
        "isExcluded": false,
        "concept": {
          "INVALID_REASON_CAPTION": "Valid",
          "CONCEPT_ID": 4197094,
          "STANDARD_CONCEPT": "S",
          "CONCEPT_CODE": "79787007",
          "VOCABULARY_ID": "SNOMED",
          "CONCEPT_NAME": "Disorder of lower gastrointestinal tract",
          "DOMAIN_ID": "Condition",
          "STANDARD_CONCEPT_CAPTION": "Standard",
          "CONCEPT_CLASS_ID": "Clinical Finding",
          "INVALID_REASON": "V"
        },
        "includeMapped": false,
        "includeDescendants": false
      },
      {
        "isExcluded": false,
        "concept": {
          "INVALID_REASON_CAPTION": "Valid",
          "CONCEPT_ID": 4213865,
          "STANDARD_CONCEPT": "S",
          "CONCEPT_CODE": "80736008",
          "VOCABULARY_ID": "SNOMED",
          "CONCEPT_NAME": "Rectal fistula",
          "DOMAIN_ID": "Condition",
          "STANDARD_CONCEPT_CAPTION": "Standard",
          "CONCEPT_CLASS_ID": "Clinical Finding",
          "INVALID_REASON": "V"
        },
        "includeMapped": false,
        "includeDescendants": false
      },
      {
        "isExcluded": false,
        "concept": {
          "INVALID_REASON_CAPTION": "Valid",
          "CONCEPT_ID": 4216644,
          "STANDARD_CONCEPT": "S",
          "CONCEPT_CODE": "39772007",
          "VOCABULARY_ID": "SNOMED",
          "CONCEPT_NAME": "Rectal polyp",
          "DOMAIN_ID": "Condition",
          "STANDARD_CONCEPT_CAPTION": "Standard",
          "CONCEPT_CLASS_ID": "Clinical Finding",
          "INVALID_REASON": "V"
        },
        "includeMapped": false,
        "includeDescendants": false
      },
      {
        "isExcluded": false,
        "concept": {
          "INVALID_REASON_CAPTION": "Valid",
          "CONCEPT_ID": 4228686,
          "STANDARD_CONCEPT": "S",
          "CONCEPT_CODE": "88580009",
          "VOCABULARY_ID": "SNOMED",
          "CONCEPT_NAME": "Anal polyp",
          "DOMAIN_ID": "Condition",
          "STANDARD_CONCEPT_CAPTION": "Standard",
          "CONCEPT_CLASS_ID": "Clinical Finding",
          "INVALID_REASON": "V"
        },
        "includeMapped": false,
        "includeDescendants": false
      },
      {
        "isExcluded": false,
        "concept": {
          "INVALID_REASON_CAPTION": "Valid",
          "CONCEPT_ID": 193807,
          "STANDARD_CONCEPT": "S",
          "CONCEPT_CODE": "72779005",
          "VOCABULARY_ID": "SNOMED",
          "CONCEPT_NAME": "Anorectal fistula",
          "DOMAIN_ID": "Condition",
          "STANDARD_CONCEPT_CAPTION": "Standard",
          "CONCEPT_CLASS_ID": "Clinical Finding",
          "INVALID_REASON": "V"
        },
        "includeMapped": false,
        "includeDescendants": false
      },
      {
        "isExcluded": false,
        "concept": {
          "INVALID_REASON_CAPTION": "Valid",
          "CONCEPT_ID": 194684,
          "STANDARD_CONCEPT": "S",
          "CONCEPT_CODE": "7620006",
          "VOCABULARY_ID": "SNOMED",
          "CONCEPT_NAME": "Crohn's disease of large bowel",
          "DOMAIN_ID": "Condition",
          "STANDARD_CONCEPT_CAPTION": "Standard",
          "CONCEPT_CLASS_ID": "Clinical Finding",
          "INVALID_REASON": "V"
        },
        "includeMapped": false,
        "includeDescendants": false
      },
      {
        "isExcluded": false,
        "concept": {
          "INVALID_REASON_CAPTION": "Valid",
          "CONCEPT_ID": 195002,
          "STANDARD_CONCEPT": "S",
          "CONCEPT_CODE": "85942002",
          "VOCABULARY_ID": "SNOMED",
          "CONCEPT_NAME": "Ulceration of intestine",
          "DOMAIN_ID": "Condition",
          "STANDARD_CONCEPT_CAPTION": "Standard",
          "CONCEPT_CLASS_ID": "Clinical Finding",
          "INVALID_REASON": "V"
        },
        "includeMapped": false,
        "includeDescendants": false
      },
      {
        "isExcluded": false,
        "concept": {
          "INVALID_REASON_CAPTION": "Valid",
          "CONCEPT_ID": 195585,
          "STANDARD_CONCEPT": "S",
          "CONCEPT_CODE": "56689002",
          "VOCABULARY_ID": "SNOMED",
          "CONCEPT_NAME": "Crohn's disease of small intestine",
          "DOMAIN_ID": "Condition",
          "STANDARD_CONCEPT_CAPTION": "Standard",
          "CONCEPT_CLASS_ID": "Clinical Finding",
          "INVALID_REASON": "V"
        },
        "includeMapped": false,
        "includeDescendants": false
      },
      {
        "isExcluded": false,
        "concept": {
          "INVALID_REASON_CAPTION": "Valid",
          "CONCEPT_ID": 4234788,
          "STANDARD_CONCEPT": "S",
          "CONCEPT_CODE": "440544005",
          "VOCABULARY_ID": "SNOMED",
          "CONCEPT_NAME": "Irritable bowel syndrome characterized by alternating bowel habit",
          "DOMAIN_ID": "Condition",
          "STANDARD_CONCEPT_CAPTION": "Standard",
          "CONCEPT_CLASS_ID": "Clinical Finding",
          "INVALID_REASON": "V"
        },
        "includeMapped": false,
        "includeDescendants": false
      },
      {
        "isExcluded": false,
        "concept": {
          "INVALID_REASON_CAPTION": "Valid",
          "CONCEPT_ID": 4235753,
          "STANDARD_CONCEPT": "S",
          "CONCEPT_CODE": "90535007",
          "VOCABULARY_ID": "SNOMED",
          "CONCEPT_NAME": "Duodenal prolapse",
          "DOMAIN_ID": "Condition",
          "STANDARD_CONCEPT_CAPTION": "Standard",
          "CONCEPT_CLASS_ID": "Clinical Finding",
          "INVALID_REASON": "V"
        },
        "includeMapped": false,
        "includeDescendants": false
      },
      {
        "isExcluded": false,
        "concept": {
          "INVALID_REASON_CAPTION": "Valid",
          "CONCEPT_ID": 4241902,
          "STANDARD_CONCEPT": "S",
          "CONCEPT_CODE": "9273005",
          "VOCABULARY_ID": "SNOMED",
          "CONCEPT_NAME": "Juvenile polyposis syndrome",
          "DOMAIN_ID": "Condition",
          "STANDARD_CONCEPT_CAPTION": "Standard",
          "CONCEPT_CLASS_ID": "Clinical Finding",
          "INVALID_REASON": "V"
        },
        "includeMapped": false,
        "includeDescendants": false
      },
      {
        "isExcluded": false,
        "concept": {
          "INVALID_REASON_CAPTION": "Valid",
          "CONCEPT_ID": 4261072,
          "STANDARD_CONCEPT": "S",
          "CONCEPT_CODE": "440630006",
          "VOCABULARY_ID": "SNOMED",
          "CONCEPT_NAME": "Irritable bowel syndrome characterized by constipation",
          "DOMAIN_ID": "Condition",
          "STANDARD_CONCEPT_CAPTION": "Standard",
          "CONCEPT_CLASS_ID": "Clinical Finding",
          "INVALID_REASON": "V"
        },
        "includeMapped": false,
        "includeDescendants": false
      },
      {
        "isExcluded": false,
        "concept": {
          "INVALID_REASON_CAPTION": "Valid",
          "CONCEPT_ID": 4262720,
          "STANDARD_CONCEPT": "S",
          "CONCEPT_CODE": "36046008",
          "VOCABULARY_ID": "SNOMED",
          "CONCEPT_NAME": "Ischiorectal abscess",
          "DOMAIN_ID": "Condition",
          "STANDARD_CONCEPT_CAPTION": "Standard",
          "CONCEPT_CLASS_ID": "Clinical Finding",
          "INVALID_REASON": "V"
        },
        "includeMapped": false,
        "includeDescendants": false
      },
      {
        "isExcluded": false,
        "concept": {
          "INVALID_REASON_CAPTION": "Valid",
          "CONCEPT_ID": 4266809,
          "STANDARD_CONCEPT": "S",
          "CONCEPT_CODE": "397881000",
          "VOCABULARY_ID": "SNOMED",
          "CONCEPT_NAME": "Diverticular disease",
          "DOMAIN_ID": "Condition",
          "STANDARD_CONCEPT_CAPTION": "Standard",
          "CONCEPT_CLASS_ID": "Clinical Finding",
          "INVALID_REASON": "V"
        },
        "includeMapped": false,
        "includeDescendants": false
      },
      {
        "isExcluded": false,
        "concept": {
          "INVALID_REASON_CAPTION": "Valid",
          "CONCEPT_ID": 4272162,
          "STANDARD_CONCEPT": "S",
          "CONCEPT_CODE": "63532004",
          "VOCABULARY_ID": "SNOMED",
          "CONCEPT_NAME": "Diverticula of intestine",
          "DOMAIN_ID": "Condition",
          "STANDARD_CONCEPT_CAPTION": "Standard",
          "CONCEPT_CLASS_ID": "Clinical Finding",
          "INVALID_REASON": "V"
        },
        "includeMapped": false,
        "includeDescendants": false
      },
      {
        "isExcluded": false,
        "concept": {
          "INVALID_REASON_CAPTION": "Valid",
          "CONCEPT_ID": 4285898,
          "STANDARD_CONCEPT": "S",
          "CONCEPT_CODE": "68496003",
          "VOCABULARY_ID": "SNOMED",
          "CONCEPT_NAME": "Polyp of colon",
          "DOMAIN_ID": "Condition",
          "STANDARD_CONCEPT_CAPTION": "Standard",
          "CONCEPT_CLASS_ID": "Clinical Finding",
          "INVALID_REASON": "V"
        },
        "includeMapped": false,
        "includeDescendants": false
      },
      {
        "isExcluded": false,
        "concept": {
          "INVALID_REASON_CAPTION": "Valid",
          "CONCEPT_ID": 4287929,
          "STANDARD_CONCEPT": "S",
          "CONCEPT_CODE": "397174009",
          "VOCABULARY_ID": "SNOMED",
          "CONCEPT_NAME": "Disorder of anal region",
          "DOMAIN_ID": "Condition",
          "STANDARD_CONCEPT_CAPTION": "Standard",
          "CONCEPT_CLASS_ID": "Clinical Finding",
          "INVALID_REASON": "V"
        },
        "includeMapped": false,
        "includeDescendants": false
      },
      {
        "isExcluded": false,
        "concept": {
          "INVALID_REASON_CAPTION": "Valid",
          "CONCEPT_ID": 4326601,
          "STANDARD_CONCEPT": "S",
          "CONCEPT_CODE": "75236001",
          "VOCABULARY_ID": "SNOMED",
          "CONCEPT_NAME": "Anorectal abscess",
          "DOMAIN_ID": "Condition",
          "STANDARD_CONCEPT_CAPTION": "Standard",
          "CONCEPT_CLASS_ID": "Clinical Finding",
          "INVALID_REASON": "V"
        },
        "includeMapped": false,
        "includeDescendants": false
      },
      {
        "isExcluded": false,
        "concept": {
          "INVALID_REASON_CAPTION": "Valid",
          "CONCEPT_ID": 4340811,
          "STANDARD_CONCEPT": "S",
          "CONCEPT_CODE": "235795007",
          "VOCABULARY_ID": "SNOMED",
          "CONCEPT_NAME": "Intersphincteric abscess",
          "DOMAIN_ID": "Condition",
          "STANDARD_CONCEPT_CAPTION": "Standard",
          "CONCEPT_CLASS_ID": "Clinical Finding",
          "INVALID_REASON": "V"
        },
        "includeMapped": false,
        "includeDescendants": false
      },
      {
        "isExcluded": false,
        "concept": {
          "INVALID_REASON_CAPTION": "Valid",
          "CONCEPT_ID": 4341633,
          "STANDARD_CONCEPT": "S",
          "CONCEPT_CODE": "235746007",
          "VOCABULARY_ID": "SNOMED",
          "CONCEPT_NAME": "Indeterminate colitis",
          "DOMAIN_ID": "Condition",
          "STANDARD_CONCEPT_CAPTION": "Standard",
          "CONCEPT_CLASS_ID": "Clinical Finding",
          "INVALID_REASON": "V"
        },
        "includeMapped": false,
        "includeDescendants": false
      },
      {
        "isExcluded": false,
        "concept": {
          "INVALID_REASON_CAPTION": "Valid",
          "CONCEPT_ID": 4341635,
          "STANDARD_CONCEPT": "S",
          "CONCEPT_CODE": "235760009",
          "VOCABULARY_ID": "SNOMED",
          "CONCEPT_NAME": "Radiation proctitis",
          "DOMAIN_ID": "Condition",
          "STANDARD_CONCEPT_CAPTION": "Standard",
          "CONCEPT_CLASS_ID": "Clinical Finding",
          "INVALID_REASON": "V"
        },
        "includeMapped": false,
        "includeDescendants": false
      },
      {
        "isExcluded": false,
        "concept": {
          "INVALID_REASON_CAPTION": "Valid",
          "CONCEPT_ID": 4342660,
          "STANDARD_CONCEPT": "S",
          "CONCEPT_CODE": "235734008",
          "VOCABULARY_ID": "SNOMED",
          "CONCEPT_NAME": "Small bowel fistula",
          "DOMAIN_ID": "Condition",
          "STANDARD_CONCEPT_CAPTION": "Standard",
          "CONCEPT_CLASS_ID": "Clinical Finding",
          "INVALID_REASON": "V"
        },
        "includeMapped": false,
        "includeDescendants": false
      },
      {
        "isExcluded": false,
        "concept": {
          "INVALID_REASON_CAPTION": "Valid",
          "CONCEPT_ID": 36715881,
          "STANDARD_CONCEPT": "S",
          "CONCEPT_CODE": "721662002",
          "VOCABULARY_ID": "SNOMED",
          "CONCEPT_NAME": "Angiodysplasia of small intestine",
          "DOMAIN_ID": "Condition",
          "STANDARD_CONCEPT_CAPTION": "Standard",
          "CONCEPT_CLASS_ID": "Clinical Finding",
          "INVALID_REASON": "V"
        },
        "includeMapped": false,
        "includeDescendants": false
      },
      {
        "isExcluded": false,
        "concept": {
          "INVALID_REASON_CAPTION": "Valid",
          "CONCEPT_ID": 196151,
          "STANDARD_CONCEPT": "S",
          "CONCEPT_CODE": "81120009",
          "VOCABULARY_ID": "SNOMED",
          "CONCEPT_NAME": "Functional disorder of intestine",
          "DOMAIN_ID": "Condition",
          "STANDARD_CONCEPT_CAPTION": "Standard",
          "CONCEPT_CLASS_ID": "Clinical Finding",
          "INVALID_REASON": "V"
        },
        "includeMapped": false,
        "includeDescendants": false
      },
      {
        "isExcluded": false,
        "concept": {
          "INVALID_REASON_CAPTION": "Valid",
          "CONCEPT_ID": 196160,
          "STANDARD_CONCEPT": "S",
          "CONCEPT_CODE": "38851006",
          "VOCABULARY_ID": "SNOMED",
          "CONCEPT_NAME": "Fistula of intestine",
          "DOMAIN_ID": "Condition",
          "STANDARD_CONCEPT_CAPTION": "Standard",
          "CONCEPT_CLASS_ID": "Clinical Finding",
          "INVALID_REASON": "V"
        },
        "includeMapped": false,
        "includeDescendants": false
      },
      {
        "isExcluded": false,
        "concept": {
          "INVALID_REASON_CAPTION": "Valid",
          "CONCEPT_ID": 197024,
          "STANDARD_CONCEPT": "S",
          "CONCEPT_CODE": "70375006",
          "VOCABULARY_ID": "SNOMED",
          "CONCEPT_NAME": "Small intestinal hemorrhage",
          "DOMAIN_ID": "Condition",
          "STANDARD_CONCEPT_CAPTION": "Standard",
          "CONCEPT_CLASS_ID": "Clinical Finding",
          "INVALID_REASON": "V"
        },
        "includeMapped": false,
        "includeDescendants": false
      },
      {
        "isExcluded": false,
        "concept": {
          "INVALID_REASON_CAPTION": "Valid",
          "CONCEPT_ID": 197034,
          "STANDARD_CONCEPT": "S",
          "CONCEPT_CODE": "49723003",
          "VOCABULARY_ID": "SNOMED",
          "CONCEPT_NAME": "Intussusception of intestine",
          "DOMAIN_ID": "Condition",
          "STANDARD_CONCEPT_CAPTION": "Standard",
          "CONCEPT_CLASS_ID": "Clinical Finding",
          "INVALID_REASON": "V"
        },
        "includeMapped": false,
        "includeDescendants": false
      },
      {
        "isExcluded": false,
        "concept": {
          "INVALID_REASON_CAPTION": "Valid",
          "CONCEPT_ID": 197328,
          "STANDARD_CONCEPT": "S",
          "CONCEPT_CODE": "24557004",
          "VOCABULARY_ID": "SNOMED",
          "CONCEPT_NAME": "Abscess of intestine",
          "DOMAIN_ID": "Condition",
          "STANDARD_CONCEPT_CAPTION": "Standard",
          "CONCEPT_CLASS_ID": "Clinical Finding",
          "INVALID_REASON": "V"
        },
        "includeMapped": false,
        "includeDescendants": false
      },
      {
        "isExcluded": false,
        "concept": {
          "INVALID_REASON_CAPTION": "Valid",
          "CONCEPT_ID": 197593,
          "STANDARD_CONCEPT": "S",
          "CONCEPT_CODE": "62851005",
          "VOCABULARY_ID": "SNOMED",
          "CONCEPT_NAME": "Impaction of intestine",
          "DOMAIN_ID": "Condition",
          "STANDARD_CONCEPT_CAPTION": "Standard",
          "CONCEPT_CLASS_ID": "Clinical Finding",
          "INVALID_REASON": "V"
        },
        "includeMapped": false,
        "includeDescendants": false
      },
      {
        "isExcluded": false,
        "concept": {
          "INVALID_REASON_CAPTION": "Valid",
          "CONCEPT_ID": 197603,
          "STANDARD_CONCEPT": "S",
          "CONCEPT_CODE": "9707006",
          "VOCABULARY_ID": "SNOMED",
          "CONCEPT_NAME": "Intestinal volvulus",
          "DOMAIN_ID": "Condition",
          "STANDARD_CONCEPT_CAPTION": "Standard",
          "CONCEPT_CLASS_ID": "Clinical Finding",
          "INVALID_REASON": "V"
        },
        "includeMapped": false,
        "includeDescendants": false
      },
      {
        "isExcluded": false,
        "concept": {
          "INVALID_REASON_CAPTION": "Valid",
          "CONCEPT_ID": 197925,
          "STANDARD_CONCEPT": "S",
          "CONCEPT_CODE": "266464001",
          "VOCABULARY_ID": "SNOMED",
          "CONCEPT_NAME": "Hemorrhage of rectum and anus",
          "DOMAIN_ID": "Condition",
          "STANDARD_CONCEPT_CAPTION": "Standard",
          "CONCEPT_CLASS_ID": "Clinical Finding",
          "INVALID_REASON": "V"
        },
        "includeMapped": false,
        "includeDescendants": false
      },
      {
        "isExcluded": false,
        "concept": {
          "INVALID_REASON_CAPTION": "Valid",
          "CONCEPT_ID": 198465,
          "STANDARD_CONCEPT": "S",
          "CONCEPT_CODE": "33995003",
          "VOCABULARY_ID": "SNOMED",
          "CONCEPT_NAME": "Megacolon, not Hirschsprung's",
          "DOMAIN_ID": "Condition",
          "STANDARD_CONCEPT_CAPTION": "Standard",
          "CONCEPT_CLASS_ID": "Clinical Finding",
          "INVALID_REASON": "V"
        },
        "includeMapped": false,
        "includeDescendants": false
      },
      {
        "isExcluded": false,
        "concept": {
          "INVALID_REASON_CAPTION": "Valid",
          "CONCEPT_ID": 198475,
          "STANDARD_CONCEPT": "S",
          "CONCEPT_CODE": "37976006",
          "VOCABULARY_ID": "SNOMED",
          "CONCEPT_NAME": "Gallstone ileus",
          "DOMAIN_ID": "Condition",
          "STANDARD_CONCEPT_CAPTION": "Standard",
          "CONCEPT_CLASS_ID": "Clinical Finding",
          "INVALID_REASON": "V"
        },
        "includeMapped": false,
        "includeDescendants": false
      },
      {
        "isExcluded": false,
        "concept": {
          "INVALID_REASON_CAPTION": "Valid",
          "CONCEPT_ID": 199064,
          "STANDARD_CONCEPT": "S",
          "CONCEPT_CODE": "111354009",
          "VOCABULARY_ID": "SNOMED",
          "CONCEPT_NAME": "Chronic vascular insufficiency of intestine",
          "DOMAIN_ID": "Condition",
          "STANDARD_CONCEPT_CAPTION": "Standard",
          "CONCEPT_CLASS_ID": "Clinical Finding",
          "INVALID_REASON": "V"
        },
        "includeMapped": false,
        "includeDescendants": false
      },
      {
        "isExcluded": false,
        "concept": {
          "INVALID_REASON_CAPTION": "Valid",
          "CONCEPT_ID": 200773,
          "STANDARD_CONCEPT": "S",
          "CONCEPT_CODE": "197216007",
          "VOCABULARY_ID": "SNOMED",
          "CONCEPT_NAME": "Stenosis of rectum and anus",
          "DOMAIN_ID": "Condition",
          "STANDARD_CONCEPT_CAPTION": "Standard",
          "CONCEPT_CLASS_ID": "Clinical Finding",
          "INVALID_REASON": "V"
        },
        "includeMapped": false,
        "includeDescendants": false
      },
      {
        "isExcluded": false,
        "concept": {
          "INVALID_REASON_CAPTION": "Valid",
          "CONCEPT_ID": 201606,
          "STANDARD_CONCEPT": "S",
          "CONCEPT_CODE": "34000006",
          "VOCABULARY_ID": "SNOMED",
          "CONCEPT_NAME": "Crohn's disease",
          "DOMAIN_ID": "Condition",
          "STANDARD_CONCEPT_CAPTION": "Standard",
          "CONCEPT_CLASS_ID": "Clinical Finding",
          "INVALID_REASON": "V"
        },
        "includeMapped": false,
        "includeDescendants": false
      },
      {
        "isExcluded": false,
        "concept": {
          "INVALID_REASON_CAPTION": "Valid",
          "CONCEPT_ID": 201618,
          "STANDARD_CONCEPT": "S",
          "CONCEPT_CODE": "85919009",
          "VOCABULARY_ID": "SNOMED",
          "CONCEPT_NAME": "Disorder of intestine",
          "DOMAIN_ID": "Condition",
          "STANDARD_CONCEPT_CAPTION": "Standard",
          "CONCEPT_CLASS_ID": "Clinical Finding",
          "INVALID_REASON": "V"
        },
        "includeMapped": false,
        "includeDescendants": false
      },
      {
        "isExcluded": false,
        "concept": {
          "INVALID_REASON_CAPTION": "Valid",
          "CONCEPT_ID": 201894,
          "STANDARD_CONCEPT": "S",
          "CONCEPT_CODE": "91489000",
          "VOCABULARY_ID": "SNOMED",
          "CONCEPT_NAME": "Acute vascular insufficiency of intestine",
          "DOMAIN_ID": "Condition",
          "STANDARD_CONCEPT_CAPTION": "Standard",
          "CONCEPT_CLASS_ID": "Clinical Finding",
          "INVALID_REASON": "V"
        },
        "includeMapped": false,
        "includeDescendants": false
      },
      {
        "isExcluded": false,
        "concept": {
          "INVALID_REASON_CAPTION": "Valid",
          "CONCEPT_ID": 201900,
          "STANDARD_CONCEPT": "S",
          "CONCEPT_CODE": "425671009",
          "VOCABULARY_ID": "SNOMED",
          "CONCEPT_NAME": "Neurogenic bowel",
          "DOMAIN_ID": "Condition",
          "STANDARD_CONCEPT_CAPTION": "Standard",
          "CONCEPT_CLASS_ID": "Clinical Finding",
          "INVALID_REASON": "V"
        },
        "includeMapped": false,
        "includeDescendants": false
      },
      {
        "isExcluded": false,
        "concept": {
          "INVALID_REASON_CAPTION": "Valid",
          "CONCEPT_ID": 201905,
          "STANDARD_CONCEPT": "S",
          "CONCEPT_CODE": "85920003",
          "VOCABULARY_ID": "SNOMED",
          "CONCEPT_NAME": "Constipation by outlet obstruction",
          "DOMAIN_ID": "Condition",
          "STANDARD_CONCEPT_CAPTION": "Standard",
          "CONCEPT_CLASS_ID": "Clinical Finding",
          "INVALID_REASON": "V"
        },
        "includeMapped": false,
        "includeDescendants": false
      },
      {
        "isExcluded": false,
        "concept": {
          "INVALID_REASON_CAPTION": "Valid",
          "CONCEPT_ID": 442190,
          "STANDARD_CONCEPT": "S",
          "CONCEPT_CODE": "95540002",
          "VOCABULARY_ID": "SNOMED",
          "CONCEPT_NAME": "Hemorrhage of colon",
          "DOMAIN_ID": "Condition",
          "STANDARD_CONCEPT_CAPTION": "Standard",
          "CONCEPT_CLASS_ID": "Clinical Finding",
          "INVALID_REASON": "V"
        },
        "includeMapped": false,
        "includeDescendants": false
      },
      {
        "isExcluded": false,
        "concept": {
          "INVALID_REASON_CAPTION": "Valid",
          "CONCEPT_ID": 36715898,
          "STANDARD_CONCEPT": "S",
          "CONCEPT_CODE": "721680006",
          "VOCABULARY_ID": "SNOMED",
          "CONCEPT_NAME": "Pseudo-obstruction of colon",
          "DOMAIN_ID": "Condition",
          "STANDARD_CONCEPT_CAPTION": "Standard",
          "CONCEPT_CLASS_ID": "Clinical Finding",
          "INVALID_REASON": "V"
        },
        "includeMapped": false,
        "includeDescendants": false
      },
      {
        "isExcluded": false,
        "concept": {
          "INVALID_REASON_CAPTION": "Valid",
          "CONCEPT_ID": 36715916,
          "STANDARD_CONCEPT": "S",
          "CONCEPT_CODE": "721703004",
          "VOCABULARY_ID": "SNOMED",
          "CONCEPT_NAME": "Internal hemorrhoids grade I",
          "DOMAIN_ID": "Condition",
          "STANDARD_CONCEPT_CAPTION": "Standard",
          "CONCEPT_CLASS_ID": "Clinical Finding",
          "INVALID_REASON": "V"
        },
        "includeMapped": false,
        "includeDescendants": false
      },
      {
        "isExcluded": false,
        "concept": {
          "INVALID_REASON_CAPTION": "Valid",
          "CONCEPT_ID": 36715917,
          "STANDARD_CONCEPT": "S",
          "CONCEPT_CODE": "721704005",
          "VOCABULARY_ID": "SNOMED",
          "CONCEPT_NAME": "Internal hemorrhoids grade II",
          "DOMAIN_ID": "Condition",
          "STANDARD_CONCEPT_CAPTION": "Standard",
          "CONCEPT_CLASS_ID": "Clinical Finding",
          "INVALID_REASON": "V"
        },
        "includeMapped": false,
        "includeDescendants": false
      },
      {
        "isExcluded": false,
        "concept": {
          "INVALID_REASON_CAPTION": "Valid",
          "CONCEPT_ID": 36715918,
          "STANDARD_CONCEPT": "S",
          "CONCEPT_CODE": "721705006",
          "VOCABULARY_ID": "SNOMED",
          "CONCEPT_NAME": "Internal hemorrhoids grade III",
          "DOMAIN_ID": "Condition",
          "STANDARD_CONCEPT_CAPTION": "Standard",
          "CONCEPT_CLASS_ID": "Clinical Finding",
          "INVALID_REASON": "V"
        },
        "includeMapped": false,
        "includeDescendants": false
      },
      {
        "isExcluded": false,
        "concept": {
          "INVALID_REASON_CAPTION": "Valid",
          "CONCEPT_ID": 36716700,
          "STANDARD_CONCEPT": "S",
          "CONCEPT_CODE": "722855007",
          "VOCABULARY_ID": "SNOMED",
          "CONCEPT_NAME": "Perforation and abscess of large intestine co-occurrent and due to diverticulitis",
          "DOMAIN_ID": "Condition",
          "STANDARD_CONCEPT_CAPTION": "Standard",
          "CONCEPT_CLASS_ID": "Clinical Finding",
          "INVALID_REASON": "V"
        },
        "includeMapped": false,
        "includeDescendants": false
      },
      {
        "isExcluded": false,
        "concept": {
          "INVALID_REASON_CAPTION": "Valid",
          "CONCEPT_ID": 36717183,
          "STANDARD_CONCEPT": "S",
          "CONCEPT_CODE": "721706007",
          "VOCABULARY_ID": "SNOMED",
          "CONCEPT_NAME": "Internal hemorrhoids grade IV",
          "DOMAIN_ID": "Condition",
          "STANDARD_CONCEPT_CAPTION": "Standard",
          "CONCEPT_CLASS_ID": "Clinical Finding",
          "INVALID_REASON": "V"
        },
        "includeMapped": false,
        "includeDescendants": false
      },
      {
        "isExcluded": false,
        "concept": {
          "INVALID_REASON_CAPTION": "Valid",
          "CONCEPT_ID": 37016128,
          "STANDARD_CONCEPT": "S",
          "CONCEPT_CODE": "1086541000119104",
          "VOCABULARY_ID": "SNOMED",
          "CONCEPT_NAME": "Perforation of intestine due to diverticulitis of gastrointestinal tract",
          "DOMAIN_ID": "Condition",
          "STANDARD_CONCEPT_CAPTION": "Standard",
          "CONCEPT_CLASS_ID": "Clinical Finding",
          "INVALID_REASON": "V"
        },
        "includeMapped": false,
        "includeDescendants": false
      },
      {
        "isExcluded": false,
        "concept": {
          "INVALID_REASON_CAPTION": "Valid",
          "CONCEPT_ID": 37116441,
          "STANDARD_CONCEPT": "S",
          "CONCEPT_CODE": "733150001",
          "VOCABULARY_ID": "SNOMED",
          "CONCEPT_NAME": "Diverticulitis of small intestine with perforation and abscess",
          "DOMAIN_ID": "Condition",
          "STANDARD_CONCEPT_CAPTION": "Standard",
          "CONCEPT_CLASS_ID": "Clinical Finding",
          "INVALID_REASON": "V"
        },
        "includeMapped": false,
        "includeDescendants": false
      },
      {
        "isExcluded": false,
        "concept": {
          "INVALID_REASON_CAPTION": "Valid",
          "CONCEPT_ID": 37119299,
          "STANDARD_CONCEPT": "S",
          "CONCEPT_CODE": "733160005",
          "VOCABULARY_ID": "SNOMED",
          "CONCEPT_NAME": "Diverticulitis of large intestine without complication",
          "DOMAIN_ID": "Condition",
          "STANDARD_CONCEPT_CAPTION": "Standard",
          "CONCEPT_CLASS_ID": "Clinical Finding",
          "INVALID_REASON": "V"
        },
        "includeMapped": false,
        "includeDescendants": false
      },
      {
        "isExcluded": false,
        "concept": {
          "INVALID_REASON_CAPTION": "Valid",
          "CONCEPT_ID": 40482241,
          "STANDARD_CONCEPT": "S",
          "CONCEPT_CODE": "442159003",
          "VOCABULARY_ID": "SNOMED",
          "CONCEPT_NAME": "Chronic ulcerative pancolitis",
          "DOMAIN_ID": "Condition",
          "STANDARD_CONCEPT_CAPTION": "Standard",
          "CONCEPT_CLASS_ID": "Clinical Finding",
          "INVALID_REASON": "V"
        },
        "includeMapped": false,
        "includeDescendants": false
      },
      {
        "isExcluded": false,
        "concept": {
          "INVALID_REASON_CAPTION": "Valid",
          "CONCEPT_ID": 40482865,
          "STANDARD_CONCEPT": "S",
          "CONCEPT_CODE": "445243001",
          "VOCABULARY_ID": "SNOMED",
          "CONCEPT_NAME": "Left sided ulcerative colitis",
          "DOMAIN_ID": "Condition",
          "STANDARD_CONCEPT_CAPTION": "Standard",
          "CONCEPT_CLASS_ID": "Clinical Finding",
          "INVALID_REASON": "V"
        },
        "includeMapped": false,
        "includeDescendants": false
      },
      {
        "isExcluded": false,
        "concept": {
          "INVALID_REASON_CAPTION": "Valid",
          "CONCEPT_ID": 40483171,
          "STANDARD_CONCEPT": "S",
          "CONCEPT_CODE": "442405009",
          "VOCABULARY_ID": "SNOMED",
          "CONCEPT_NAME": "Ulcer of anorectal structure",
          "DOMAIN_ID": "Condition",
          "STANDARD_CONCEPT_CAPTION": "Standard",
          "CONCEPT_CLASS_ID": "Clinical Finding",
          "INVALID_REASON": "V"
        },
        "includeMapped": false,
        "includeDescendants": false
      },
      {
        "isExcluded": false,
        "concept": {
          "INVALID_REASON_CAPTION": "Valid",
          "CONCEPT_ID": 40488439,
          "STANDARD_CONCEPT": "S",
          "CONCEPT_CODE": "448157006",
          "VOCABULARY_ID": "SNOMED",
          "CONCEPT_NAME": "Abnormality of systemic vein",
          "DOMAIN_ID": "Condition",
          "STANDARD_CONCEPT_CAPTION": "Standard",
          "CONCEPT_CLASS_ID": "Clinical Finding",
          "INVALID_REASON": "V"
        },
        "includeMapped": false,
        "includeDescendants": false
      },
      {
        "isExcluded": false,
        "concept": {
          "INVALID_REASON_CAPTION": "Valid",
          "CONCEPT_ID": 42536652,
          "STANDARD_CONCEPT": "S",
          "CONCEPT_CODE": "735593008",
          "VOCABULARY_ID": "SNOMED",
          "CONCEPT_NAME": "Diverticulitis of intestine",
          "DOMAIN_ID": "Condition",
          "STANDARD_CONCEPT_CAPTION": "Standard",
          "CONCEPT_CLASS_ID": "Clinical Finding",
          "INVALID_REASON": "V"
        },
        "includeMapped": false,
        "includeDescendants": false
      },
      {
        "isExcluded": false,
        "concept": {
          "INVALID_REASON_CAPTION": "Valid",
          "CONCEPT_ID": 45763562,
          "STANDARD_CONCEPT": "S",
          "CONCEPT_CODE": "5211000119107",
          "VOCABULARY_ID": "SNOMED",
          "CONCEPT_NAME": "Abscess of intestine co-occurrent and due to diverticular disease",
          "DOMAIN_ID": "Condition",
          "STANDARD_CONCEPT_CAPTION": "Standard",
          "CONCEPT_CLASS_ID": "Clinical Finding",
          "INVALID_REASON": "V"
        },
        "includeMapped": false,
        "includeDescendants": false
      },
      {
        "isExcluded": false,
        "concept": {
          "INVALID_REASON_CAPTION": "Valid",
          "CONCEPT_ID": 45772085,
          "STANDARD_CONCEPT": "S",
          "CONCEPT_CODE": "1082661000119103",
          "VOCABULARY_ID": "SNOMED",
          "CONCEPT_NAME": "Anal abscess",
          "DOMAIN_ID": "Condition",
          "STANDARD_CONCEPT_CAPTION": "Standard",
          "CONCEPT_CLASS_ID": "Clinical Finding",
          "INVALID_REASON": "V"
        },
        "includeMapped": false,
        "includeDescendants": false
      },
      {
        "isExcluded": false,
        "concept": {
          "INVALID_REASON_CAPTION": "Valid",
          "CONCEPT_ID": 46269901,
          "STANDARD_CONCEPT": "S",
          "CONCEPT_CODE": "1086461000119101",
          "VOCABULARY_ID": "SNOMED",
          "CONCEPT_NAME": "Hemorrhage of small intestine due to diverticulitis",
          "DOMAIN_ID": "Condition",
          "STANDARD_CONCEPT_CAPTION": "Standard",
          "CONCEPT_CLASS_ID": "Clinical Finding",
          "INVALID_REASON": "V"
        },
        "includeMapped": false,
        "includeDescendants": false
      },
      {
        "isExcluded": false,
        "concept": {
          "INVALID_REASON_CAPTION": "Valid",
          "CONCEPT_ID": 46269907,
          "STANDARD_CONCEPT": "S",
          "CONCEPT_CODE": "1086601000119100",
          "VOCABULARY_ID": "SNOMED",
          "CONCEPT_NAME": "Intestinal hemorrhage with diverticulosis",
          "DOMAIN_ID": "Condition",
          "STANDARD_CONCEPT_CAPTION": "Standard",
          "CONCEPT_CLASS_ID": "Clinical Finding",
          "INVALID_REASON": "V"
        },
        "includeMapped": false,
        "includeDescendants": false
      },
      {
        "isExcluded": false,
        "concept": {
          "INVALID_REASON_CAPTION": "Valid",
          "CONCEPT_ID": 46272242,
          "STANDARD_CONCEPT": "S",
          "CONCEPT_CODE": "710572000",
          "VOCABULARY_ID": "SNOMED",
          "CONCEPT_NAME": "Intestinal obstruction co-occurrent and due to decreased peristalsis",
          "DOMAIN_ID": "Condition",
          "STANDARD_CONCEPT_CAPTION": "Standard",
          "CONCEPT_CLASS_ID": "Clinical Finding",
          "INVALID_REASON": "V"
        },
        "includeMapped": false,
        "includeDescendants": false
      },
      {
        "isExcluded": false,
        "concept": {
          "INVALID_REASON_CAPTION": "Valid",
          "CONCEPT_ID": 46273183,
          "STANDARD_CONCEPT": "S",
          "CONCEPT_CODE": "712510007",
          "VOCABULARY_ID": "SNOMED",
          "CONCEPT_NAME": "Intestinal hemorrhage",
          "DOMAIN_ID": "Condition",
          "STANDARD_CONCEPT_CAPTION": "Standard",
          "CONCEPT_CLASS_ID": "Clinical Finding",
          "INVALID_REASON": "V"
        },
        "includeMapped": false,
        "includeDescendants": false
      }
    ]},
    "name": "YSJH_L2_9all",
    "id": 0
  }],
  "cdmVersionRange": ">=5.0.0",
  "CensoringCriteria": [],
  "QualifiedLimit": {"Type": "First"},
  "InclusionRules": [],
  "PrimaryCriteria": {
    "CriteriaList": [{"ConditionOccurrence": {
      "OccurrenceEndDate": null,
      "CorrelatedCriteria": null,
      "ConditionTypeExclude": false,
      "CodesetId": 0,
      "ProviderSpecialty": null,
      "Gender": null,
      "VisitType": null,
      "First": null,
      "OccurrenceStartDate": null,
      "ConditionType": null,
      "ConditionSourceConcept": null,
      "ConditionStatus": null,
      "StopReason": null,
      "Age": null
    }}],
    "PrimaryCriteriaLimit": {"Type": "All"},
    "ObservationWindow": {
      "PostDays": 0,
      "PriorDays": 0
    }
  }
}