{
  "ExpressionLimit": {"Type": "All"},
  "CollapseSettings": {
    "CollapseType": "ERA",
    "EraPad": 0
  },
  "CensorWindow": {
    "StartDate": null,
    "EndDate": null
  },
  "ConceptSets": [{
    "expression": {"items": [
      {
        "isExcluded": false,
        "concept": {
          "INVALID_REASON_CAPTION": "Valid",
          "CONCEPT_ID": 312327,
          "STANDARD_CONCEPT": "S",
          "CONCEPT_CODE": "57054005",
          "VOCABULARY_ID": "SNOMED",
          "CONCEPT_NAME": "Acute myocardial infarction",
          "DOMAIN_ID": "Condition",
          "STANDARD_CONCEPT_CAPTION": "Standard",
          "CONCEPT_CLASS_ID": "Clinical Finding",
          "INVALID_REASON": "V"
        },
        "includeMapped": false,
        "includeDescendants": false
      },
      {
        "isExcluded": false,
        "concept": {
          "INVALID_REASON_CAPTION": "Valid",
          "CONCEPT_ID": 312927,
          "STANDARD_CONCEPT": "S",
          "CONCEPT_CODE": "49584005",
          "VOCABULARY_ID": "SNOMED",
          "CONCEPT_NAME": "Acute cor pulmonale",
          "DOMAIN_ID": "Condition",
          "STANDARD_CONCEPT_CAPTION": "Standard",
          "CONCEPT_CLASS_ID": "Clinical Finding",
          "INVALID_REASON": "V"
        },
        "includeMapped": false,
        "includeDescendants": false
      },
      {
        "isExcluded": false,
        "concept": {
          "INVALID_REASON_CAPTION": "Valid",
          "CONCEPT_ID": 314666,
          "STANDARD_CONCEPT": "S",
          "CONCEPT_CODE": "1755008",
          "VOCABULARY_ID": "SNOMED",
          "CONCEPT_NAME": "Old myocardial infarction",
          "DOMAIN_ID": "Condition",
          "STANDARD_CONCEPT_CAPTION": "Standard",
          "CONCEPT_CLASS_ID": "Clinical Finding",
          "INVALID_REASON": "V"
        },
        "includeMapped": false,
        "includeDescendants": false
      },
      {
        "isExcluded": false,
        "concept": {
          "INVALID_REASON_CAPTION": "Valid",
          "CONCEPT_ID": 315296,
          "STANDARD_CONCEPT": "S",
          "CONCEPT_CODE": "4557003",
          "VOCABULARY_ID": "SNOMED",
          "CONCEPT_NAME": "Preinfarction syndrome",
          "DOMAIN_ID": "Condition",
          "STANDARD_CONCEPT_CAPTION": "Standard",
          "CONCEPT_CLASS_ID": "Clinical Finding",
          "INVALID_REASON": "V"
        },
        "includeMapped": false,
        "includeDescendants": false
      },
      {
        "isExcluded": false,
        "concept": {
          "INVALID_REASON_CAPTION": "Valid",
          "CONCEPT_ID": 315286,
          "STANDARD_CONCEPT": "S",
          "CONCEPT_CODE": "413838009",
          "VOCABULARY_ID": "SNOMED",
          "CONCEPT_NAME": "Chronic ischemic heart disease",
          "DOMAIN_ID": "Condition",
          "STANDARD_CONCEPT_CAPTION": "Standard",
          "CONCEPT_CLASS_ID": "Clinical Finding",
          "INVALID_REASON": "V"
        },
        "includeMapped": false,
        "includeDescendants": false
      },
      {
        "isExcluded": false,
        "concept": {
          "INVALID_REASON_CAPTION": "Valid",
          "CONCEPT_ID": 317000,
          "STANDARD_CONCEPT": "S",
          "CONCEPT_CODE": "45650007",
          "VOCABULARY_ID": "SNOMED",
          "CONCEPT_NAME": "Kyphoscoliotic heart disease",
          "DOMAIN_ID": "Condition",
          "STANDARD_CONCEPT_CAPTION": "Standard",
          "CONCEPT_CLASS_ID": "Clinical Finding",
          "INVALID_REASON": "V"
        },
        "includeMapped": false,
        "includeDescendants": false
      },
      {
        "isExcluded": false,
        "concept": {
          "INVALID_REASON_CAPTION": "Valid",
          "CONCEPT_ID": 317576,
          "STANDARD_CONCEPT": "S",
          "CONCEPT_CODE": "53741008",
          "VOCABULARY_ID": "SNOMED",
          "CONCEPT_NAME": "Coronary arteriosclerosis",
          "DOMAIN_ID": "Condition",
          "STANDARD_CONCEPT_CAPTION": "Standard",
          "CONCEPT_CLASS_ID": "Clinical Finding",
          "INVALID_REASON": "V"
        },
        "includeMapped": false,
        "includeDescendants": false
      },
      {
        "isExcluded": false,
        "concept": {
          "INVALID_REASON_CAPTION": "Valid",
          "CONCEPT_ID": 319038,
          "STANDARD_CONCEPT": "S",
          "CONCEPT_CODE": "66189004",
          "VOCABULARY_ID": "SNOMED",
          "CONCEPT_NAME": "Postmyocardial infarction syndrome",
          "DOMAIN_ID": "Condition",
          "STANDARD_CONCEPT_CAPTION": "Standard",
          "CONCEPT_CLASS_ID": "Clinical Finding",
          "INVALID_REASON": "V"
        },
        "includeMapped": false,
        "includeDescendants": false
      },
      {
        "isExcluded": false,
        "concept": {
          "INVALID_REASON_CAPTION": "Valid",
          "CONCEPT_ID": 319844,
          "STANDARD_CONCEPT": "S",
          "CONCEPT_CODE": "413439005",
          "VOCABULARY_ID": "SNOMED",
          "CONCEPT_NAME": "Acute ischemic heart disease",
          "DOMAIN_ID": "Condition",
          "STANDARD_CONCEPT_CAPTION": "Standard",
          "CONCEPT_CLASS_ID": "Clinical Finding",
          "INVALID_REASON": "V"
        },
        "includeMapped": false,
        "includeDescendants": false
      },
      {
        "isExcluded": false,
        "concept": {
          "INVALID_REASON_CAPTION": "Valid",
          "CONCEPT_ID": 321318,
          "STANDARD_CONCEPT": "S",
          "CONCEPT_CODE": "194828000",
          "VOCABULARY_ID": "SNOMED",
          "CONCEPT_NAME": "Angina pectoris",
          "DOMAIN_ID": "Condition",
          "STANDARD_CONCEPT_CAPTION": "Standard",
          "CONCEPT_CLASS_ID": "Clinical Finding",
          "INVALID_REASON": "V"
        },
        "includeMapped": false,
        "includeDescendants": false
      },
      {
        "isExcluded": false,
        "concept": {
          "INVALID_REASON_CAPTION": "Valid",
          "CONCEPT_ID": 433208,
          "STANDARD_CONCEPT": "S",
          "CONCEPT_CODE": "39785005",
          "VOCABULARY_ID": "SNOMED",
          "CONCEPT_NAME": "Disorder of pulmonary circulation",
          "DOMAIN_ID": "Condition",
          "STANDARD_CONCEPT_CAPTION": "Standard",
          "CONCEPT_CLASS_ID": "Clinical Finding",
          "INVALID_REASON": "V"
        },
        "includeMapped": false,
        "includeDescendants": false
      },
      {
        "isExcluded": false,
        "concept": {
          "INVALID_REASON_CAPTION": "Valid",
          "CONCEPT_ID": 433783,
          "STANDARD_CONCEPT": "S",
          "CONCEPT_CODE": "194892009",
          "VOCABULARY_ID": "SNOMED",
          "CONCEPT_NAME": "Pulmonary artery aneurysm",
          "DOMAIN_ID": "Condition",
          "STANDARD_CONCEPT_CAPTION": "Standard",
          "CONCEPT_CLASS_ID": "Clinical Finding",
          "INVALID_REASON": "V"
        },
        "includeMapped": false,
        "includeDescendants": false
      },
      {
        "isExcluded": false,
        "concept": {
          "INVALID_REASON_CAPTION": "Valid",
          "CONCEPT_ID": 434376,
          "STANDARD_CONCEPT": "S",
          "CONCEPT_CODE": "54329005",
          "VOCABULARY_ID": "SNOMED",
          "CONCEPT_NAME": "Acute myocardial infarction of anterior wall",
          "DOMAIN_ID": "Condition",
          "STANDARD_CONCEPT_CAPTION": "Standard",
          "CONCEPT_CLASS_ID": "Clinical Finding",
          "INVALID_REASON": "V"
        },
        "includeMapped": false,
        "includeDescendants": false
      },
      {
        "isExcluded": false,
        "concept": {
          "INVALID_REASON_CAPTION": "Valid",
          "CONCEPT_ID": 438168,
          "STANDARD_CONCEPT": "S",
          "CONCEPT_CODE": "65340007",
          "VOCABULARY_ID": "SNOMED",
          "CONCEPT_NAME": "Aneurysm of heart",
          "DOMAIN_ID": "Condition",
          "STANDARD_CONCEPT_CAPTION": "Standard",
          "CONCEPT_CLASS_ID": "Clinical Finding",
          "INVALID_REASON": "V"
        },
        "includeMapped": false,
        "includeDescendants": false
      },
      {
        "isExcluded": false,
        "concept": {
          "INVALID_REASON_CAPTION": "Valid",
          "CONCEPT_ID": 438170,
          "STANDARD_CONCEPT": "S",
          "CONCEPT_CODE": "73795002",
          "VOCABULARY_ID": "SNOMED",
          "CONCEPT_NAME": "Acute myocardial infarction of inferior wall",
          "DOMAIN_ID": "Condition",
          "STANDARD_CONCEPT_CAPTION": "Standard",
          "CONCEPT_CLASS_ID": "Clinical Finding",
          "INVALID_REASON": "V"
        },
        "includeMapped": false,
        "includeDescendants": false
      },
      {
        "isExcluded": false,
        "concept": {
          "INVALID_REASON_CAPTION": "Valid",
          "CONCEPT_ID": 438172,
          "STANDARD_CONCEPT": "S",
          "CONCEPT_CODE": "194863005",
          "VOCABULARY_ID": "SNOMED",
          "CONCEPT_NAME": "Atrial septal defect due to and following acute myocardial infarction",
          "DOMAIN_ID": "Condition",
          "STANDARD_CONCEPT_CAPTION": "Standard",
          "CONCEPT_CLASS_ID": "Clinical Finding",
          "INVALID_REASON": "V"
        },
        "includeMapped": false,
        "includeDescendants": false
      },
      {
        "isExcluded": false,
        "concept": {
          "INVALID_REASON_CAPTION": "Valid",
          "CONCEPT_ID": 441593,
          "STANDARD_CONCEPT": "S",
          "CONCEPT_CODE": "111289009",
          "VOCABULARY_ID": "SNOMED",
          "CONCEPT_NAME": "Arteriovenous fistula of pulmonary vessels",
          "DOMAIN_ID": "Condition",
          "STANDARD_CONCEPT_CAPTION": "Standard",
          "CONCEPT_CLASS_ID": "Clinical Finding",
          "INVALID_REASON": "V"
        },
        "includeMapped": false,
        "includeDescendants": false
      },
      {
        "isExcluded": false,
        "concept": {
          "INVALID_REASON_CAPTION": "Valid",
          "CONCEPT_ID": 4013643,
          "STANDARD_CONCEPT": "S",
          "CONCEPT_CODE": "11399002",
          "VOCABULARY_ID": "SNOMED",
          "CONCEPT_NAME": "Pulmonary arterial hypertension",
          "DOMAIN_ID": "Condition",
          "STANDARD_CONCEPT_CAPTION": "Standard",
          "CONCEPT_CLASS_ID": "Clinical Finding",
          "INVALID_REASON": "V"
        },
        "includeMapped": false,
        "includeDescendants": false
      },
      {
        "isExcluded": false,
        "concept": {
          "INVALID_REASON_CAPTION": "Valid",
          "CONCEPT_ID": 4108215,
          "STANDARD_CONCEPT": "S",
          "CONCEPT_CODE": "194821006",
          "VOCABULARY_ID": "SNOMED",
          "CONCEPT_NAME": "Coronary thrombosis not resulting in myocardial infarction",
          "DOMAIN_ID": "Condition",
          "STANDARD_CONCEPT_CAPTION": "Standard",
          "CONCEPT_CLASS_ID": "Clinical Finding",
          "INVALID_REASON": "V"
        },
        "includeMapped": false,
        "includeDescendants": false
      },
      {
        "isExcluded": false,
        "concept": {
          "INVALID_REASON_CAPTION": "Valid",
          "CONCEPT_ID": 4108217,
          "STANDARD_CONCEPT": "S",
          "CONCEPT_CODE": "194856005",
          "VOCABULARY_ID": "SNOMED",
          "CONCEPT_NAME": "Subsequent myocardial infarction",
          "DOMAIN_ID": "Condition",
          "STANDARD_CONCEPT_CAPTION": "Standard",
          "CONCEPT_CLASS_ID": "Clinical Finding",
          "INVALID_REASON": "V"
        },
        "includeMapped": false,
        "includeDescendants": false
      },
      {
        "isExcluded": false,
        "concept": {
          "INVALID_REASON_CAPTION": "Valid",
          "CONCEPT_ID": 4108218,
          "STANDARD_CONCEPT": "S",
          "CONCEPT_CODE": "194858006",
          "VOCABULARY_ID": "SNOMED",
          "CONCEPT_NAME": "Subsequent myocardial infarction of inferior wall",
          "DOMAIN_ID": "Condition",
          "STANDARD_CONCEPT_CAPTION": "Standard",
          "CONCEPT_CLASS_ID": "Clinical Finding",
          "INVALID_REASON": "V"
        },
        "includeMapped": false,
        "includeDescendants": false
      },
      {
        "isExcluded": false,
        "concept": {
          "INVALID_REASON_CAPTION": "Valid",
          "CONCEPT_ID": 4108219,
          "STANDARD_CONCEPT": "S",
          "CONCEPT_CODE": "194866002",
          "VOCABULARY_ID": "SNOMED",
          "CONCEPT_NAME": "Rupture of chordae tendinae due to and following acute myocardial infarction",
          "DOMAIN_ID": "Condition",
          "STANDARD_CONCEPT_CAPTION": "Standard",
          "CONCEPT_CLASS_ID": "Clinical Finding",
          "INVALID_REASON": "V"
        },
        "includeMapped": false,
        "includeDescendants": false
      },
      {
        "isExcluded": false,
        "concept": {
          "INVALID_REASON_CAPTION": "Valid",
          "CONCEPT_ID": 4108220,
          "STANDARD_CONCEPT": "S",
          "CONCEPT_CODE": "194867006",
          "VOCABULARY_ID": "SNOMED",
          "CONCEPT_NAME": "Rupture of papillary muscle as current complication following acute myocardial infarction",
          "DOMAIN_ID": "Condition",
          "STANDARD_CONCEPT_CAPTION": "Standard",
          "CONCEPT_CLASS_ID": "Clinical Finding",
          "INVALID_REASON": "V"
        },
        "includeMapped": false,
        "includeDescendants": false
      },
      {
        "isExcluded": false,
        "concept": {
          "INVALID_REASON_CAPTION": "Valid",
          "CONCEPT_ID": 4108677,
          "STANDARD_CONCEPT": "S",
          "CONCEPT_CODE": "194857001",
          "VOCABULARY_ID": "SNOMED",
          "CONCEPT_NAME": "Subsequent myocardial infarction of anterior wall",
          "DOMAIN_ID": "Condition",
          "STANDARD_CONCEPT_CAPTION": "Standard",
          "CONCEPT_CLASS_ID": "Clinical Finding",
          "INVALID_REASON": "V"
        },
        "includeMapped": false,
        "includeDescendants": false
      },
      {
        "isExcluded": false,
        "concept": {
          "INVALID_REASON_CAPTION": "Valid",
          "CONCEPT_ID": 4108678,
          "STANDARD_CONCEPT": "S",
          "CONCEPT_CODE": "194862000",
          "VOCABULARY_ID": "SNOMED",
          "CONCEPT_NAME": "Hemopericardium due to and following acute myocardial infarction",
          "DOMAIN_ID": "Condition",
          "STANDARD_CONCEPT_CAPTION": "Standard",
          "CONCEPT_CLASS_ID": "Clinical Finding",
          "INVALID_REASON": "V"
        },
        "includeMapped": false,
        "includeDescendants": false
      },
      {
        "isExcluded": false,
        "concept": {
          "INVALID_REASON_CAPTION": "Valid",
          "CONCEPT_ID": 4108679,
          "STANDARD_CONCEPT": "S",
          "CONCEPT_CODE": "194865003",
          "VOCABULARY_ID": "SNOMED",
          "CONCEPT_NAME": "Rupture of cardiac wall without hemopericardium as current complication following acute myocardial infarction",
          "DOMAIN_ID": "Condition",
          "STANDARD_CONCEPT_CAPTION": "Standard",
          "CONCEPT_CLASS_ID": "Clinical Finding",
          "INVALID_REASON": "V"
        },
        "includeMapped": false,
        "includeDescendants": false
      },
      {
        "isExcluded": false,
        "concept": {
          "INVALID_REASON_CAPTION": "Valid",
          "CONCEPT_ID": 4110961,
          "STANDARD_CONCEPT": "S",
          "CONCEPT_CODE": "194849004",
          "VOCABULARY_ID": "SNOMED",
          "CONCEPT_NAME": "Generalized ischemic myocardial dysfunction",
          "DOMAIN_ID": "Condition",
          "STANDARD_CONCEPT_CAPTION": "Standard",
          "CONCEPT_CLASS_ID": "Clinical Finding",
          "INVALID_REASON": "V"
        },
        "includeMapped": false,
        "includeDescendants": false
      },
      {
        "isExcluded": false,
        "concept": {
          "INVALID_REASON_CAPTION": "Valid",
          "CONCEPT_ID": 4124683,
          "STANDARD_CONCEPT": "S",
          "CONCEPT_CODE": "233823002",
          "VOCABULARY_ID": "SNOMED",
          "CONCEPT_NAME": "Silent myocardial ischemia",
          "DOMAIN_ID": "Condition",
          "STANDARD_CONCEPT_CAPTION": "Standard",
          "CONCEPT_CLASS_ID": "Clinical Finding",
          "INVALID_REASON": "V"
        },
        "includeMapped": false,
        "includeDescendants": false
      },
      {
        "isExcluded": false,
        "concept": {
          "INVALID_REASON_CAPTION": "Valid",
          "CONCEPT_ID": 4127089,
          "STANDARD_CONCEPT": "S",
          "CONCEPT_CODE": "23687008",
          "VOCABULARY_ID": "SNOMED",
          "CONCEPT_NAME": "Coronary artery spasm",
          "DOMAIN_ID": "Condition",
          "STANDARD_CONCEPT_CAPTION": "Standard",
          "CONCEPT_CLASS_ID": "Clinical Finding",
          "INVALID_REASON": "V"
        },
        "includeMapped": false,
        "includeDescendants": false
      },
      {
        "isExcluded": false,
        "concept": {
          "INVALID_REASON_CAPTION": "Valid",
          "CONCEPT_ID": 4167085,
          "STANDARD_CONCEPT": "S",
          "CONCEPT_CODE": "274096000",
          "VOCABULARY_ID": "SNOMED",
          "CONCEPT_NAME": "Pulmonary heart disease",
          "DOMAIN_ID": "Condition",
          "STANDARD_CONCEPT_CAPTION": "Standard",
          "CONCEPT_CLASS_ID": "Clinical Finding",
          "INVALID_REASON": "V"
        },
        "includeMapped": false,
        "includeDescendants": false
      },
      {
        "isExcluded": false,
        "concept": {
          "INVALID_REASON_CAPTION": "Valid",
          "CONCEPT_ID": 4176969,
          "STANDARD_CONCEPT": "S",
          "CONCEPT_CODE": "363294003",
          "VOCABULARY_ID": "SNOMED",
          "CONCEPT_NAME": "Sequelae of cardiovascular disorders",
          "DOMAIN_ID": "Condition",
          "STANDARD_CONCEPT_CAPTION": "Standard",
          "CONCEPT_CLASS_ID": "Clinical Finding",
          "INVALID_REASON": "V"
        },
        "includeMapped": false,
        "includeDescendants": false
      },
      {
        "isExcluded": false,
        "concept": {
          "INVALID_REASON_CAPTION": "Valid",
          "CONCEPT_ID": 4270024,
          "STANDARD_CONCEPT": "S",
          "CONCEPT_CODE": "401314000",
          "VOCABULARY_ID": "SNOMED",
          "CONCEPT_NAME": "Acute non-ST segment elevation myocardial infarction",
          "DOMAIN_ID": "Condition",
          "STANDARD_CONCEPT_CAPTION": "Standard",
          "CONCEPT_CLASS_ID": "Clinical Finding",
          "INVALID_REASON": "V"
        },
        "includeMapped": false,
        "includeDescendants": false
      },
      {
        "isExcluded": false,
        "concept": {
          "INVALID_REASON_CAPTION": "Valid",
          "CONCEPT_ID": 4339214,
          "STANDARD_CONCEPT": "S",
          "CONCEPT_CODE": "88223008",
          "VOCABULARY_ID": "SNOMED",
          "CONCEPT_NAME": "Secondary pulmonary hypertension",
          "DOMAIN_ID": "Condition",
          "STANDARD_CONCEPT_CAPTION": "Standard",
          "CONCEPT_CLASS_ID": "Clinical Finding",
          "INVALID_REASON": "V"
        },
        "includeMapped": false,
        "includeDescendants": false
      },
      {
        "isExcluded": false,
        "concept": {
          "INVALID_REASON_CAPTION": "Valid",
          "CONCEPT_ID": 43020480,
          "STANDARD_CONCEPT": "S",
          "CONCEPT_CODE": "286391000119108",
          "VOCABULARY_ID": "SNOMED",
          "CONCEPT_NAME": "Acquired coronary artery fistula",
          "DOMAIN_ID": "Condition",
          "STANDARD_CONCEPT_CAPTION": "Standard",
          "CONCEPT_CLASS_ID": "Clinical Finding",
          "INVALID_REASON": "V"
        },
        "includeMapped": false,
        "includeDescendants": false
      }
    ]},
    "name": "YSJH_L2_4all",
    "id": 0
  }],
  "cdmVersionRange": ">=5.0.0",
  "CensoringCriteria": [],
  "QualifiedLimit": {"Type": "First"},
  "InclusionRules": [],
  "PrimaryCriteria": {
    "CriteriaList": [{"ConditionOccurrence": {
      "OccurrenceEndDate": null,
      "CorrelatedCriteria": null,
      "ConditionTypeExclude": false,
      "CodesetId": 0,
      "ProviderSpecialty": null,
      "Gender": null,
      "VisitType": null,
      "First": null,
      "OccurrenceStartDate": null,
      "ConditionType": null,
      "ConditionSourceConcept": null,
      "ConditionStatus": null,
      "StopReason": null,
      "Age": null
    }}],
    "PrimaryCriteriaLimit": {"Type": "All"},
    "ObservationWindow": {
      "PostDays": 0,
      "PriorDays": 0
    }
  }
}