atlasId,atlasName,cohortId,name
1780521,YSJH_test_COVID,1780521,YSJH_test_COVID
1780522,YSJH_compartor_nonCOVID,1780522,YSJH_compartor_nonCOVID
1780518,YSJH_OC_L2_11,1780518,YSJH_OC_L2_11
1780499,YSJH_OC_L1_1,1780499,YSJH_OC_L1_1
1780500,YSJH_OC_L1_2,1780500,YSJH_OC_L1_2
1780501,YSJH_OC_L1_3,1780501,YSJH_OC_L1_3
1780502,YSJH_OC_L1_4,1780502,YSJH_OC_L1_4
1780503,YSJH_OC_L1_5,1780503,YSJH_OC_L1_5
1780504,YSJH_OC_L1_6,1780504,YSJH_OC_L1_6
1780505,YSJH_OC_L1_7,1780505,YSJH_OC_L1_7
1780519,YSJH_OC_L2_12,1780519,YSJH_OC_L2_12
1780506,YSJH_OC_L1_8,1780506,YSJH_OC_L1_8
1780520,YSJH_OC_L2_13,1780520,YSJH_OC_L2_13
1780507,YSJH_OC_L1_9,1780507,YSJH_OC_L1_9
1780532,YSJH_death,1780532,YSJH_death
1780508,YSJH_OC_L2_1,1780508,YSJH_OC_L2_1
1780509,YSJH_OC_L2_2,1780509,YSJH_OC_L2_2
1780510,YSJH_OC_L2_3,1780510,YSJH_OC_L2_3
1780511,YSJH_OC_L2_4,1780511,YSJH_OC_L2_4
1780512,YSJH_OC_L2_5,1780512,YSJH_OC_L2_5
1780513,YSJH_OC_L2_6,1780513,YSJH_OC_L2_6
1780514,YSJH_OC_L2_7,1780514,YSJH_OC_L2_7
1780515,YSJH_OC_L2_8,1780515,YSJH_OC_L2_8
1780516,YSJH_OC_L2_9,1780516,YSJH_OC_L2_9
1780517,YSJH_OC_L2_10,1780517,YSJH_OC_L2_10
