{
  "ExpressionLimit": {"Type": "All"},
  "CollapseSettings": {
    "CollapseType": "ERA",
    "EraPad": 0
  },
  "CensorWindow": {
    "StartDate": null,
    "EndDate": null
  },
  "ConceptSets": [{
    "expression": {"items": [
      {
        "isExcluded": false,
        "concept": {
          "INVALID_REASON_CAPTION": "Valid",
          "CONCEPT_ID": 195556,
          "STANDARD_CONCEPT": "S",
          "CONCEPT_CODE": "86234004",
          "VOCABULARY_ID": "SNOMED",
          "CONCEPT_NAME": "Hypertensive heart AND renal disease",
          "DOMAIN_ID": "Condition",
          "STANDARD_CONCEPT_CAPTION": "Standard",
          "CONCEPT_CLASS_ID": "Clinical Finding",
          "INVALID_REASON": "V"
        },
        "includeMapped": false,
        "includeDescendants": false
      },
      {
        "isExcluded": false,
        "concept": {
          "INVALID_REASON_CAPTION": "Valid",
          "CONCEPT_ID": 201313,
          "STANDARD_CONCEPT": "S",
          "CONCEPT_CODE": "38481006",
          "VOCABULARY_ID": "SNOMED",
          "CONCEPT_NAME": "Hypertensive renal disease",
          "DOMAIN_ID": "Condition",
          "STANDARD_CONCEPT_CAPTION": "Standard",
          "CONCEPT_CLASS_ID": "Clinical Finding",
          "INVALID_REASON": "V"
        },
        "includeMapped": false,
        "includeDescendants": false
      },
      {
        "isExcluded": false,
        "concept": {
          "INVALID_REASON_CAPTION": "Valid",
          "CONCEPT_ID": 314378,
          "STANDARD_CONCEPT": "S",
          "CONCEPT_CODE": "5148006",
          "VOCABULARY_ID": "SNOMED",
          "CONCEPT_NAME": "Hypertensive heart disease with congestive heart failure",
          "DOMAIN_ID": "Condition",
          "STANDARD_CONCEPT_CAPTION": "Standard",
          "CONCEPT_CLASS_ID": "Clinical Finding",
          "INVALID_REASON": "V"
        },
        "includeMapped": false,
        "includeDescendants": false
      },
      {
        "isExcluded": false,
        "concept": {
          "INVALID_REASON_CAPTION": "Valid",
          "CONCEPT_ID": 317895,
          "STANDARD_CONCEPT": "S",
          "CONCEPT_CODE": "123799005",
          "VOCABULARY_ID": "SNOMED",
          "CONCEPT_NAME": "Renovascular hypertension",
          "DOMAIN_ID": "Condition",
          "STANDARD_CONCEPT_CAPTION": "Standard",
          "CONCEPT_CLASS_ID": "Clinical Finding",
          "INVALID_REASON": "V"
        },
        "includeMapped": false,
        "includeDescendants": false
      },
      {
        "isExcluded": false,
        "concept": {
          "INVALID_REASON_CAPTION": "Valid",
          "CONCEPT_ID": 319034,
          "STANDARD_CONCEPT": "S",
          "CONCEPT_CODE": "60899001",
          "VOCABULARY_ID": "SNOMED",
          "CONCEPT_NAME": "Hypertensive heart disease without congestive heart failure",
          "DOMAIN_ID": "Condition",
          "STANDARD_CONCEPT_CAPTION": "Standard",
          "CONCEPT_CLASS_ID": "Clinical Finding",
          "INVALID_REASON": "V"
        },
        "includeMapped": false,
        "includeDescendants": false
      },
      {
        "isExcluded": false,
        "concept": {
          "INVALID_REASON_CAPTION": "Valid",
          "CONCEPT_ID": 319826,
          "STANDARD_CONCEPT": "S",
          "CONCEPT_CODE": "31992008",
          "VOCABULARY_ID": "SNOMED",
          "CONCEPT_NAME": "Secondary hypertension",
          "DOMAIN_ID": "Condition",
          "STANDARD_CONCEPT_CAPTION": "Standard",
          "CONCEPT_CLASS_ID": "Clinical Finding",
          "INVALID_REASON": "V"
        },
        "includeMapped": false,
        "includeDescendants": false
      },
      {
        "isExcluded": false,
        "concept": {
          "INVALID_REASON_CAPTION": "Valid",
          "CONCEPT_ID": 320128,
          "STANDARD_CONCEPT": "S",
          "CONCEPT_CODE": "59621000",
          "VOCABULARY_ID": "SNOMED",
          "CONCEPT_NAME": "Essential hypertension",
          "DOMAIN_ID": "Condition",
          "STANDARD_CONCEPT_CAPTION": "Standard",
          "CONCEPT_CLASS_ID": "Clinical Finding",
          "INVALID_REASON": "V"
        },
        "includeMapped": false,
        "includeDescendants": false
      },
      {
        "isExcluded": false,
        "concept": {
          "INVALID_REASON_CAPTION": "Valid",
          "CONCEPT_ID": 439694,
          "STANDARD_CONCEPT": "S",
          "CONCEPT_CODE": "194781004",
          "VOCABULARY_ID": "SNOMED",
          "CONCEPT_NAME": "Hypertensive heart and renal disease with both (congestive) heart failure and renal failure",
          "DOMAIN_ID": "Condition",
          "STANDARD_CONCEPT_CAPTION": "Standard",
          "CONCEPT_CLASS_ID": "Clinical Finding",
          "INVALID_REASON": "V"
        },
        "includeMapped": false,
        "includeDescendants": false
      },
      {
        "isExcluded": false,
        "concept": {
          "INVALID_REASON_CAPTION": "Valid",
          "CONCEPT_ID": 439695,
          "STANDARD_CONCEPT": "S",
          "CONCEPT_CODE": "194780003",
          "VOCABULARY_ID": "SNOMED",
          "CONCEPT_NAME": "Hypertensive heart and renal disease with renal failure",
          "DOMAIN_ID": "Condition",
          "STANDARD_CONCEPT_CAPTION": "Standard",
          "CONCEPT_CLASS_ID": "Clinical Finding",
          "INVALID_REASON": "V"
        },
        "includeMapped": false,
        "includeDescendants": false
      },
      {
        "isExcluded": false,
        "concept": {
          "INVALID_REASON_CAPTION": "Valid",
          "CONCEPT_ID": 439696,
          "STANDARD_CONCEPT": "S",
          "CONCEPT_CODE": "194779001",
          "VOCABULARY_ID": "SNOMED",
          "CONCEPT_NAME": "Hypertensive heart and renal disease with (congestive) heart failure",
          "DOMAIN_ID": "Condition",
          "STANDARD_CONCEPT_CAPTION": "Standard",
          "CONCEPT_CLASS_ID": "Clinical Finding",
          "INVALID_REASON": "V"
        },
        "includeMapped": false,
        "includeDescendants": false
      },
      {
        "isExcluded": false,
        "concept": {
          "INVALID_REASON_CAPTION": "Valid",
          "CONCEPT_ID": 442604,
          "STANDARD_CONCEPT": "S",
          "CONCEPT_CODE": "64715009",
          "VOCABULARY_ID": "SNOMED",
          "CONCEPT_NAME": "Hypertensive heart disease",
          "DOMAIN_ID": "Condition",
          "STANDARD_CONCEPT_CAPTION": "Standard",
          "CONCEPT_CLASS_ID": "Clinical Finding",
          "INVALID_REASON": "V"
        },
        "includeMapped": false,
        "includeDescendants": false
      },
      {
        "isExcluded": false,
        "concept": {
          "INVALID_REASON_CAPTION": "Valid",
          "CONCEPT_ID": 443771,
          "STANDARD_CONCEPT": "S",
          "CONCEPT_CODE": "28119000",
          "VOCABULARY_ID": "SNOMED",
          "CONCEPT_NAME": "Renal hypertension",
          "DOMAIN_ID": "Condition",
          "STANDARD_CONCEPT_CAPTION": "Standard",
          "CONCEPT_CLASS_ID": "Clinical Finding",
          "INVALID_REASON": "V"
        },
        "includeMapped": false,
        "includeDescendants": false
      },
      {
        "isExcluded": false,
        "concept": {
          "INVALID_REASON_CAPTION": "Valid",
          "CONCEPT_ID": 443919,
          "STANDARD_CONCEPT": "S",
          "CONCEPT_CODE": "49220004",
          "VOCABULARY_ID": "SNOMED",
          "CONCEPT_NAME": "Hypertensive renal failure",
          "DOMAIN_ID": "Condition",
          "STANDARD_CONCEPT_CAPTION": "Standard",
          "CONCEPT_CLASS_ID": "Clinical Finding",
          "INVALID_REASON": "V"
        },
        "includeMapped": false,
        "includeDescendants": false
      },
      {
        "isExcluded": false,
        "concept": {
          "INVALID_REASON_CAPTION": "Valid",
          "CONCEPT_ID": 4110948,
          "STANDARD_CONCEPT": "S",
          "CONCEPT_CODE": "194788005",
          "VOCABULARY_ID": "SNOMED",
          "CONCEPT_NAME": "Hypertension secondary to endocrine disorder",
          "DOMAIN_ID": "Condition",
          "STANDARD_CONCEPT_CAPTION": "Standard",
          "CONCEPT_CLASS_ID": "Clinical Finding",
          "INVALID_REASON": "V"
        },
        "includeMapped": false,
        "includeDescendants": false
      },
      {
        "isExcluded": false,
        "concept": {
          "INVALID_REASON_CAPTION": "Valid",
          "CONCEPT_ID": 4118993,
          "STANDARD_CONCEPT": "S",
          "CONCEPT_CODE": "302835009",
          "VOCABULARY_ID": "SNOMED",
          "CONCEPT_NAME": "Pheochromocytoma",
          "DOMAIN_ID": "Condition",
          "STANDARD_CONCEPT_CAPTION": "Standard",
          "CONCEPT_CLASS_ID": "Clinical Finding",
          "INVALID_REASON": "V"
        },
        "includeMapped": false,
        "includeDescendants": false
      },
      {
        "isExcluded": false,
        "concept": {
          "INVALID_REASON_CAPTION": "Valid",
          "CONCEPT_ID": 4289933,
          "STANDARD_CONCEPT": "S",
          "CONCEPT_CODE": "70272006",
          "VOCABULARY_ID": "SNOMED",
          "CONCEPT_NAME": "Malignant hypertension",
          "DOMAIN_ID": "Condition",
          "STANDARD_CONCEPT_CAPTION": "Standard",
          "CONCEPT_CLASS_ID": "Clinical Finding",
          "INVALID_REASON": "V"
        },
        "includeMapped": false,
        "includeDescendants": false
      }
    ]},
    "name": "YSJH_L2_5all",
    "id": 0
  }],
  "cdmVersionRange": ">=5.0.0",
  "CensoringCriteria": [],
  "QualifiedLimit": {"Type": "First"},
  "InclusionRules": [],
  "PrimaryCriteria": {
    "CriteriaList": [{"ConditionOccurrence": {
      "OccurrenceEndDate": null,
      "CorrelatedCriteria": null,
      "ConditionTypeExclude": false,
      "CodesetId": 0,
      "ProviderSpecialty": null,
      "Gender": null,
      "VisitType": null,
      "First": null,
      "OccurrenceStartDate": null,
      "ConditionType": null,
      "ConditionSourceConcept": null,
      "ConditionStatus": null,
      "StopReason": null,
      "Age": null
    }}],
    "PrimaryCriteriaLimit": {"Type": "All"},
    "ObservationWindow": {
      "PostDays": 0,
      "PriorDays": 0
    }
  }
}