{
  "ExpressionLimit": {"Type": "All"},
  "CollapseSettings": {
    "CollapseType": "ERA",
    "EraPad": 0
  },
  "CensorWindow": {
    "StartDate": null,
    "EndDate": null
  },
  "ConceptSets": [{
    "expression": {"items": [
      {
        "isExcluded": false,
        "concept": {
          "INVALID_REASON_CAPTION": "Valid",
          "CONCEPT_ID": 432296,
          "STANDARD_CONCEPT": "S",
          "CONCEPT_CODE": "86075001",
          "VOCABULARY_ID": "SNOMED",
          "CONCEPT_NAME": "Coagulation factor deficiency syndrome",
          "DOMAIN_ID": "Condition",
          "STANDARD_CONCEPT_CAPTION": "Standard",
          "CONCEPT_CLASS_ID": "Clinical Finding",
          "INVALID_REASON": "V"
        },
        "includeMapped": false,
        "includeDescendants": false
      },
      {
        "isExcluded": false,
        "concept": {
          "INVALID_REASON_CAPTION": "Valid",
          "CONCEPT_ID": 432870,
          "STANDARD_CONCEPT": "S",
          "CONCEPT_CODE": "302215000",
          "VOCABULARY_ID": "SNOMED",
          "CONCEPT_NAME": "Thrombocytopenic disorder",
          "DOMAIN_ID": "Condition",
          "STANDARD_CONCEPT_CAPTION": "Standard",
          "CONCEPT_CLASS_ID": "Clinical Finding",
          "INVALID_REASON": "V"
        },
        "includeMapped": false,
        "includeDescendants": false
      },
      {
        "isExcluded": false,
        "concept": {
          "INVALID_REASON_CAPTION": "Valid",
          "CONCEPT_ID": 432869,
          "STANDARD_CONCEPT": "S",
          "CONCEPT_CODE": "191287000",
          "VOCABULARY_ID": "SNOMED",
          "CONCEPT_NAME": "Hemorrhagic disorder due to circulating anticoagulants",
          "DOMAIN_ID": "Condition",
          "STANDARD_CONCEPT_CAPTION": "Standard",
          "CONCEPT_CLASS_ID": "Clinical Finding",
          "INVALID_REASON": "V"
        },
        "includeMapped": false,
        "includeDescendants": false
      },
      {
        "isExcluded": false,
        "concept": {
          "INVALID_REASON_CAPTION": "Valid",
          "CONCEPT_ID": 432863,
          "STANDARD_CONCEPT": "S",
          "CONCEPT_CODE": "25904003",
          "VOCABULARY_ID": "SNOMED",
          "CONCEPT_NAME": "Acquired coagulation factor deficiency",
          "DOMAIN_ID": "Condition",
          "STANDARD_CONCEPT_CAPTION": "Standard",
          "CONCEPT_CLASS_ID": "Clinical Finding",
          "INVALID_REASON": "V"
        },
        "includeMapped": false,
        "includeDescendants": false
      },
      {
        "isExcluded": false,
        "concept": {
          "INVALID_REASON_CAPTION": "Valid",
          "CONCEPT_ID": 432585,
          "STANDARD_CONCEPT": "S",
          "CONCEPT_CODE": "64779008",
          "VOCABULARY_ID": "SNOMED",
          "CONCEPT_NAME": "Blood coagulation disorder",
          "DOMAIN_ID": "Condition",
          "STANDARD_CONCEPT_CAPTION": "Standard",
          "CONCEPT_CLASS_ID": "Clinical Finding",
          "INVALID_REASON": "V"
        },
        "includeMapped": false,
        "includeDescendants": false
      },
      {
        "isExcluded": false,
        "concept": {
          "INVALID_REASON_CAPTION": "Valid",
          "CONCEPT_ID": 436093,
          "STANDARD_CONCEPT": "S",
          "CONCEPT_CODE": "67406007",
          "VOCABULARY_ID": "SNOMED",
          "CONCEPT_NAME": "Disseminated intravascular coagulation",
          "DOMAIN_ID": "Condition",
          "STANDARD_CONCEPT_CAPTION": "Standard",
          "CONCEPT_CLASS_ID": "Clinical Finding",
          "INVALID_REASON": "V"
        },
        "includeMapped": false,
        "includeDescendants": false
      },
      {
        "isExcluded": false,
        "concept": {
          "INVALID_REASON_CAPTION": "Valid",
          "CONCEPT_ID": 434316,
          "STANDARD_CONCEPT": "S",
          "CONCEPT_CODE": "128105004",
          "VOCABULARY_ID": "SNOMED",
          "CONCEPT_NAME": "von Willebrand disorder",
          "DOMAIN_ID": "Condition",
          "STANDARD_CONCEPT_CAPTION": "Standard",
          "CONCEPT_CLASS_ID": "Clinical Finding",
          "INVALID_REASON": "V"
        },
        "includeMapped": false,
        "includeDescendants": false
      },
      {
        "isExcluded": false,
        "concept": {
          "INVALID_REASON_CAPTION": "Valid",
          "CONCEPT_ID": 437241,
          "STANDARD_CONCEPT": "S",
          "CONCEPT_CODE": "267532001",
          "VOCABULARY_ID": "SNOMED",
          "CONCEPT_NAME": "Qualitative platelet disorder",
          "DOMAIN_ID": "Condition",
          "STANDARD_CONCEPT_CAPTION": "Standard",
          "CONCEPT_CLASS_ID": "Clinical Finding",
          "INVALID_REASON": "V"
        },
        "includeMapped": false,
        "includeDescendants": false
      },
      {
        "isExcluded": false,
        "concept": {
          "INVALID_REASON_CAPTION": "Valid",
          "CONCEPT_ID": 441259,
          "STANDARD_CONCEPT": "S",
          "CONCEPT_CODE": "234493006",
          "VOCABULARY_ID": "SNOMED",
          "CONCEPT_NAME": "Non-thrombocytopenic purpura",
          "DOMAIN_ID": "Condition",
          "STANDARD_CONCEPT_CAPTION": "Standard",
          "CONCEPT_CLASS_ID": "Clinical Finding",
          "INVALID_REASON": "V"
        },
        "includeMapped": false,
        "includeDescendants": false
      },
      {
        "isExcluded": false,
        "concept": {
          "INVALID_REASON_CAPTION": "Valid",
          "CONCEPT_ID": 441264,
          "STANDARD_CONCEPT": "S",
          "CONCEPT_CODE": "267534000",
          "VOCABULARY_ID": "SNOMED",
          "CONCEPT_NAME": "Primary thrombocytopenia",
          "DOMAIN_ID": "Condition",
          "STANDARD_CONCEPT_CAPTION": "Standard",
          "CONCEPT_CLASS_ID": "Clinical Finding",
          "INVALID_REASON": "V"
        },
        "includeMapped": false,
        "includeDescendants": false
      },
      {
        "isExcluded": false,
        "concept": {
          "INVALID_REASON_CAPTION": "Valid",
          "CONCEPT_ID": 4101602,
          "STANDARD_CONCEPT": "S",
          "CONCEPT_CODE": "191306005",
          "VOCABULARY_ID": "SNOMED",
          "CONCEPT_NAME": "Immunoglobulin A vasculitis",
          "DOMAIN_ID": "Condition",
          "STANDARD_CONCEPT_CAPTION": "Standard",
          "CONCEPT_CLASS_ID": "Clinical Finding",
          "INVALID_REASON": "V"
        },
        "includeMapped": false,
        "includeDescendants": false
      },
      {
        "isExcluded": false,
        "concept": {
          "INVALID_REASON_CAPTION": "Valid",
          "CONCEPT_ID": 4125650,
          "STANDARD_CONCEPT": "S",
          "CONCEPT_CODE": "234467004",
          "VOCABULARY_ID": "SNOMED",
          "CONCEPT_NAME": "Thrombophilia",
          "DOMAIN_ID": "Condition",
          "STANDARD_CONCEPT_CAPTION": "Standard",
          "CONCEPT_CLASS_ID": "Clinical Finding",
          "INVALID_REASON": "V"
        },
        "includeMapped": false,
        "includeDescendants": false
      },
      {
        "isExcluded": false,
        "concept": {
          "INVALID_REASON_CAPTION": "Valid",
          "CONCEPT_ID": 4137430,
          "STANDARD_CONCEPT": "S",
          "CONCEPT_CODE": "32273002",
          "VOCABULARY_ID": "SNOMED",
          "CONCEPT_NAME": "Idiopathic thrombocytopenic purpura",
          "DOMAIN_ID": "Condition",
          "STANDARD_CONCEPT_CAPTION": "Standard",
          "CONCEPT_CLASS_ID": "Clinical Finding",
          "INVALID_REASON": "V"
        },
        "includeMapped": false,
        "includeDescendants": false
      },
      {
        "isExcluded": false,
        "concept": {
          "INVALID_REASON_CAPTION": "Valid",
          "CONCEPT_ID": 4179872,
          "STANDARD_CONCEPT": "S",
          "CONCEPT_CODE": "362970003",
          "VOCABULARY_ID": "SNOMED",
          "CONCEPT_NAME": "Disorder of hemostatic system",
          "DOMAIN_ID": "Condition",
          "STANDARD_CONCEPT_CAPTION": "Standard",
          "CONCEPT_CLASS_ID": "Clinical Finding",
          "INVALID_REASON": "V"
        },
        "includeMapped": false,
        "includeDescendants": false
      },
      {
        "isExcluded": false,
        "concept": {
          "INVALID_REASON_CAPTION": "Valid",
          "CONCEPT_ID": 40321716,
          "STANDARD_CONCEPT": "S",
          "CONCEPT_CODE": "154826009",
          "VOCABULARY_ID": "SNOMED",
          "CONCEPT_NAME": "Secondary thrombocytopenia",
          "DOMAIN_ID": "Condition",
          "STANDARD_CONCEPT_CAPTION": "Standard",
          "CONCEPT_CLASS_ID": "Clinical Finding",
          "INVALID_REASON": "V"
        },
        "includeMapped": false,
        "includeDescendants": false
      },
      {
        "isExcluded": false,
        "concept": {
          "INVALID_REASON_CAPTION": "Valid",
          "CONCEPT_ID": 22281,
          "STANDARD_CONCEPT": "S",
          "CONCEPT_CODE": "127040003",
          "VOCABULARY_ID": "SNOMED",
          "CONCEPT_NAME": "Sickle cell-hemoglobin SS disease",
          "DOMAIN_ID": "Condition",
          "STANDARD_CONCEPT_CAPTION": "Standard",
          "CONCEPT_CLASS_ID": "Clinical Finding",
          "INVALID_REASON": "V"
        },
        "includeMapped": false,
        "includeDescendants": false
      },
      {
        "isExcluded": false,
        "concept": {
          "INVALID_REASON_CAPTION": "Valid",
          "CONCEPT_ID": 23988,
          "STANDARD_CONCEPT": "S",
          "CONCEPT_CODE": "191170009",
          "VOCABULARY_ID": "SNOMED",
          "CONCEPT_NAME": "Hemolytic anemia due to glutathione metabolism disorder",
          "DOMAIN_ID": "Condition",
          "STANDARD_CONCEPT_CAPTION": "Standard",
          "CONCEPT_CLASS_ID": "Clinical Finding",
          "INVALID_REASON": "V"
        },
        "includeMapped": false,
        "includeDescendants": false
      },
      {
        "isExcluded": false,
        "concept": {
          "INVALID_REASON_CAPTION": "Valid",
          "CONCEPT_ID": 25518,
          "STANDARD_CONCEPT": "S",
          "CONCEPT_CODE": "16402000",
          "VOCABULARY_ID": "SNOMED",
          "CONCEPT_NAME": "Sickle cell trait",
          "DOMAIN_ID": "Condition",
          "STANDARD_CONCEPT_CAPTION": "Standard",
          "CONCEPT_CLASS_ID": "Clinical Finding",
          "INVALID_REASON": "V"
        },
        "includeMapped": false,
        "includeDescendants": false
      },
      {
        "isExcluded": false,
        "concept": {
          "INVALID_REASON_CAPTION": "Valid",
          "CONCEPT_ID": 24006,
          "STANDARD_CONCEPT": "S",
          "CONCEPT_CODE": "35434009",
          "VOCABULARY_ID": "SNOMED",
          "CONCEPT_NAME": "Sickle cell-hemoglobin C disease",
          "DOMAIN_ID": "Condition",
          "STANDARD_CONCEPT_CAPTION": "Standard",
          "CONCEPT_CLASS_ID": "Clinical Finding",
          "INVALID_REASON": "V"
        },
        "includeMapped": false,
        "includeDescendants": false
      },
      {
        "isExcluded": false,
        "concept": {
          "INVALID_REASON_CAPTION": "Valid",
          "CONCEPT_ID": 26942,
          "STANDARD_CONCEPT": "S",
          "CONCEPT_CODE": "417425009",
          "VOCABULARY_ID": "SNOMED",
          "CONCEPT_NAME": "Hemoglobin SS disease with crisis",
          "DOMAIN_ID": "Condition",
          "STANDARD_CONCEPT_CAPTION": "Standard",
          "CONCEPT_CLASS_ID": "Clinical Finding",
          "INVALID_REASON": "V"
        },
        "includeMapped": false,
        "includeDescendants": false
      },
      {
        "isExcluded": false,
        "concept": {
          "INVALID_REASON_CAPTION": "Valid",
          "CONCEPT_ID": 27526,
          "STANDARD_CONCEPT": "S",
          "CONCEPT_CODE": "55602000",
          "VOCABULARY_ID": "SNOMED",
          "CONCEPT_NAME": "Nezelof's syndrome",
          "DOMAIN_ID": "Condition",
          "STANDARD_CONCEPT_CAPTION": "Standard",
          "CONCEPT_CLASS_ID": "Clinical Finding",
          "INVALID_REASON": "V"
        },
        "includeMapped": false,
        "includeDescendants": false
      },
      {
        "isExcluded": false,
        "concept": {
          "INVALID_REASON_CAPTION": "Valid",
          "CONCEPT_ID": 30683,
          "STANDARD_CONCEPT": "S",
          "CONCEPT_CODE": "416180004",
          "VOCABULARY_ID": "SNOMED",
          "CONCEPT_NAME": "Hemoglobin SS disease without crisis",
          "DOMAIN_ID": "Condition",
          "STANDARD_CONCEPT_CAPTION": "Standard",
          "CONCEPT_CLASS_ID": "Clinical Finding",
          "INVALID_REASON": "V"
        },
        "includeMapped": false,
        "includeDescendants": false
      },
      {
        "isExcluded": false,
        "concept": {
          "INVALID_REASON_CAPTION": "Valid",
          "CONCEPT_ID": 30978,
          "STANDARD_CONCEPT": "S",
          "CONCEPT_CODE": "40108008",
          "VOCABULARY_ID": "SNOMED",
          "CONCEPT_NAME": "Thalassemia",
          "DOMAIN_ID": "Condition",
          "STANDARD_CONCEPT_CAPTION": "Standard",
          "CONCEPT_CLASS_ID": "Clinical Finding",
          "INVALID_REASON": "V"
        },
        "includeMapped": false,
        "includeDescendants": false
      },
      {
        "isExcluded": false,
        "concept": {
          "INVALID_REASON_CAPTION": "Valid",
          "CONCEPT_ID": 137829,
          "STANDARD_CONCEPT": "S",
          "CONCEPT_CODE": "306058006",
          "VOCABULARY_ID": "SNOMED",
          "CONCEPT_NAME": "Aplastic anemia",
          "DOMAIN_ID": "Condition",
          "STANDARD_CONCEPT_CAPTION": "Standard",
          "CONCEPT_CLASS_ID": "Clinical Finding",
          "INVALID_REASON": "V"
        },
        "includeMapped": false,
        "includeDescendants": false
      },
      {
        "isExcluded": false,
        "concept": {
          "INVALID_REASON_CAPTION": "Valid",
          "CONCEPT_ID": 140681,
          "STANDARD_CONCEPT": "S",
          "CONCEPT_CODE": "28975000",
          "VOCABULARY_ID": "SNOMED",
          "CONCEPT_NAME": "Constitutional aplastic anemia",
          "DOMAIN_ID": "Condition",
          "STANDARD_CONCEPT_CAPTION": "Standard",
          "CONCEPT_CLASS_ID": "Clinical Finding",
          "INVALID_REASON": "V"
        },
        "includeMapped": false,
        "includeDescendants": false
      },
      {
        "isExcluded": false,
        "concept": {
          "INVALID_REASON_CAPTION": "Valid",
          "CONCEPT_ID": 192298,
          "STANDARD_CONCEPT": "S",
          "CONCEPT_CODE": "58381000",
          "VOCABULARY_ID": "SNOMED",
          "CONCEPT_NAME": "Hypersplenism",
          "DOMAIN_ID": "Condition",
          "STANDARD_CONCEPT_CAPTION": "Standard",
          "CONCEPT_CLASS_ID": "Clinical Finding",
          "INVALID_REASON": "V"
        },
        "includeMapped": false,
        "includeDescendants": false
      },
      {
        "isExcluded": false,
        "concept": {
          "INVALID_REASON_CAPTION": "Valid",
          "CONCEPT_ID": 196951,
          "STANDARD_CONCEPT": "S",
          "CONCEPT_CODE": "191382009",
          "VOCABULARY_ID": "SNOMED",
          "CONCEPT_NAME": "Chronic congestive splenomegaly",
          "DOMAIN_ID": "Condition",
          "STANDARD_CONCEPT_CAPTION": "Standard",
          "CONCEPT_CLASS_ID": "Clinical Finding",
          "INVALID_REASON": "V"
        },
        "includeMapped": false,
        "includeDescendants": false
      },
      {
        "isExcluded": false,
        "concept": {
          "INVALID_REASON_CAPTION": "Valid",
          "CONCEPT_ID": 197253,
          "STANDARD_CONCEPT": "S",
          "CONCEPT_CODE": "111407006",
          "VOCABULARY_ID": "SNOMED",
          "CONCEPT_NAME": "Hemolytic uremic syndrome",
          "DOMAIN_ID": "Condition",
          "STANDARD_CONCEPT_CAPTION": "Standard",
          "CONCEPT_CLASS_ID": "Clinical Finding",
          "INVALID_REASON": "V"
        },
        "includeMapped": false,
        "includeDescendants": false
      },
      {
        "isExcluded": false,
        "concept": {
          "INVALID_REASON_CAPTION": "Valid",
          "CONCEPT_ID": 201265,
          "STANDARD_CONCEPT": "S",
          "CONCEPT_CODE": "51244008",
          "VOCABULARY_ID": "SNOMED",
          "CONCEPT_NAME": "Disorder of spleen",
          "DOMAIN_ID": "Condition",
          "STANDARD_CONCEPT_CAPTION": "Standard",
          "CONCEPT_CLASS_ID": "Clinical Finding",
          "INVALID_REASON": "V"
        },
        "includeMapped": false,
        "includeDescendants": false
      },
      {
        "isExcluded": false,
        "concept": {
          "INVALID_REASON_CAPTION": "Valid",
          "CONCEPT_ID": 317248,
          "STANDARD_CONCEPT": "S",
          "CONCEPT_CODE": "414027002",
          "VOCABULARY_ID": "SNOMED",
          "CONCEPT_NAME": "Disorder of hematopoietic structure",
          "DOMAIN_ID": "Condition",
          "STANDARD_CONCEPT_CAPTION": "Standard",
          "CONCEPT_CLASS_ID": "Clinical Finding",
          "INVALID_REASON": "V"
        },
        "includeMapped": false,
        "includeDescendants": false
      },
      {
        "isExcluded": false,
        "concept": {
          "INVALID_REASON_CAPTION": "Valid",
          "CONCEPT_ID": 432282,
          "STANDARD_CONCEPT": "S",
          "CONCEPT_CODE": "41841004",
          "VOCABULARY_ID": "SNOMED",
          "CONCEPT_NAME": "Sideroblastic anemia",
          "DOMAIN_ID": "Condition",
          "STANDARD_CONCEPT_CAPTION": "Standard",
          "CONCEPT_CLASS_ID": "Clinical Finding",
          "INVALID_REASON": "V"
        },
        "includeMapped": false,
        "includeDescendants": false
      },
      {
        "isExcluded": false,
        "concept": {
          "INVALID_REASON_CAPTION": "Valid",
          "CONCEPT_ID": 432287,
          "STANDARD_CONCEPT": "S",
          "CONCEPT_CODE": "82286005",
          "VOCABULARY_ID": "SNOMED",
          "CONCEPT_NAME": "Hyperimmunoglobulin M syndrome",
          "DOMAIN_ID": "Condition",
          "STANDARD_CONCEPT_CAPTION": "Standard",
          "CONCEPT_CLASS_ID": "Clinical Finding",
          "INVALID_REASON": "V"
        },
        "includeMapped": false,
        "includeDescendants": false
      },
      {
        "isExcluded": false,
        "concept": {
          "INVALID_REASON_CAPTION": "Valid",
          "CONCEPT_ID": 432587,
          "STANDARD_CONCEPT": "S",
          "CONCEPT_CODE": "190808009",
          "VOCABULARY_ID": "SNOMED",
          "CONCEPT_NAME": "Polyclonal hypergammaglobulinemia",
          "DOMAIN_ID": "Condition",
          "STANDARD_CONCEPT_CAPTION": "Standard",
          "CONCEPT_CLASS_ID": "Clinical Finding",
          "INVALID_REASON": "V"
        },
        "includeMapped": false,
        "includeDescendants": false
      },
      {
        "isExcluded": false,
        "concept": {
          "INVALID_REASON_CAPTION": "Valid",
          "CONCEPT_ID": 432868,
          "STANDARD_CONCEPT": "S",
          "CONCEPT_CODE": "80141007",
          "VOCABULARY_ID": "SNOMED",
          "CONCEPT_NAME": "Hemoglobinopathy",
          "DOMAIN_ID": "Condition",
          "STANDARD_CONCEPT_CAPTION": "Standard",
          "CONCEPT_CLASS_ID": "Clinical Finding",
          "INVALID_REASON": "V"
        },
        "includeMapped": false,
        "includeDescendants": false
      },
      {
        "isExcluded": false,
        "concept": {
          "INVALID_REASON_CAPTION": "Valid",
          "CONCEPT_ID": 432882,
          "STANDARD_CONCEPT": "S",
          "CONCEPT_CODE": "38959009",
          "VOCABULARY_ID": "SNOMED",
          "CONCEPT_NAME": "Methemoglobinemia",
          "DOMAIN_ID": "Condition",
          "STANDARD_CONCEPT_CAPTION": "Standard",
          "CONCEPT_CLASS_ID": "Clinical Finding",
          "INVALID_REASON": "V"
        },
        "includeMapped": false,
        "includeDescendants": false
      },
      {
        "isExcluded": false,
        "concept": {
          "INVALID_REASON_CAPTION": "Valid",
          "CONCEPT_ID": 433171,
          "STANDARD_CONCEPT": "S",
          "CONCEPT_CODE": "190979003",
          "VOCABULARY_ID": "SNOMED",
          "CONCEPT_NAME": "Selective immunoglobulin A deficiency",
          "DOMAIN_ID": "Condition",
          "STANDARD_CONCEPT_CAPTION": "Standard",
          "CONCEPT_CLASS_ID": "Clinical Finding",
          "INVALID_REASON": "V"
        },
        "includeMapped": false,
        "includeDescendants": false
      },
      {
        "isExcluded": false,
        "concept": {
          "INVALID_REASON_CAPTION": "Valid",
          "CONCEPT_ID": 433740,
          "STANDARD_CONCEPT": "S",
          "CONCEPT_CODE": "234532001",
          "VOCABULARY_ID": "SNOMED",
          "CONCEPT_NAME": "Immunodeficiency disorder",
          "DOMAIN_ID": "Condition",
          "STANDARD_CONCEPT_CAPTION": "Standard",
          "CONCEPT_CLASS_ID": "Clinical Finding",
          "INVALID_REASON": "V"
        },
        "includeMapped": false,
        "includeDescendants": false
      },
      {
        "isExcluded": false,
        "concept": {
          "INVALID_REASON_CAPTION": "Valid",
          "CONCEPT_ID": 434008,
          "STANDARD_CONCEPT": "S",
          "CONCEPT_CODE": "54097007",
          "VOCABULARY_ID": "SNOMED",
          "CONCEPT_NAME": "White blood cell disorder",
          "DOMAIN_ID": "Condition",
          "STANDARD_CONCEPT_CAPTION": "Standard",
          "CONCEPT_CLASS_ID": "Clinical Finding",
          "INVALID_REASON": "V"
        },
        "includeMapped": false,
        "includeDescendants": false
      },
      {
        "isExcluded": false,
        "concept": {
          "INVALID_REASON_CAPTION": "Valid",
          "CONCEPT_ID": 434616,
          "STANDARD_CONCEPT": "S",
          "CONCEPT_CODE": "191222008",
          "VOCABULARY_ID": "SNOMED",
          "CONCEPT_NAME": "Hemoglobinuria due to hemolysis from external causes",
          "DOMAIN_ID": "Condition",
          "STANDARD_CONCEPT_CAPTION": "Standard",
          "CONCEPT_CLASS_ID": "Clinical Finding",
          "INVALID_REASON": "V"
        },
        "includeMapped": false,
        "includeDescendants": false
      },
      {
        "isExcluded": false,
        "concept": {
          "INVALID_REASON_CAPTION": "Valid",
          "CONCEPT_ID": 434893,
          "STANDARD_CONCEPT": "S",
          "CONCEPT_CODE": "190980000",
          "VOCABULARY_ID": "SNOMED",
          "CONCEPT_NAME": "Selective immunoglobulin M deficiency",
          "DOMAIN_ID": "Condition",
          "STANDARD_CONCEPT_CAPTION": "Standard",
          "CONCEPT_CLASS_ID": "Clinical Finding",
          "INVALID_REASON": "V"
        },
        "includeMapped": false,
        "includeDescendants": false
      },
      {
        "isExcluded": false,
        "concept": {
          "INVALID_REASON_CAPTION": "Valid",
          "CONCEPT_ID": 434894,
          "STANDARD_CONCEPT": "S",
          "CONCEPT_CODE": "267530009",
          "VOCABULARY_ID": "SNOMED",
          "CONCEPT_NAME": "Acute posthemorrhagic anemia",
          "DOMAIN_ID": "Condition",
          "STANDARD_CONCEPT_CAPTION": "Standard",
          "CONCEPT_CLASS_ID": "Clinical Finding",
          "INVALID_REASON": "V"
        },
        "includeMapped": false,
        "includeDescendants": false
      },
      {
        "isExcluded": false,
        "concept": {
          "INVALID_REASON_CAPTION": "Valid",
          "CONCEPT_ID": 435228,
          "STANDARD_CONCEPT": "S",
          "CONCEPT_CODE": "23238000",
          "VOCABULARY_ID": "SNOMED",
          "CONCEPT_NAME": "Common variable agammaglobulinemia",
          "DOMAIN_ID": "Condition",
          "STANDARD_CONCEPT_CAPTION": "Standard",
          "CONCEPT_CLASS_ID": "Clinical Finding",
          "INVALID_REASON": "V"
        },
        "includeMapped": false,
        "includeDescendants": false
      },
      {
        "isExcluded": false,
        "concept": {
          "INVALID_REASON_CAPTION": "Valid",
          "CONCEPT_ID": 435775,
          "STANDARD_CONCEPT": "S",
          "CONCEPT_CODE": "47986005",
          "VOCABULARY_ID": "SNOMED",
          "CONCEPT_NAME": "Genetic anomaly of leukocyte",
          "DOMAIN_ID": "Condition",
          "STANDARD_CONCEPT_CAPTION": "Standard",
          "CONCEPT_CLASS_ID": "Clinical Finding",
          "INVALID_REASON": "V"
        },
        "includeMapped": false,
        "includeDescendants": false
      },
      {
        "isExcluded": false,
        "concept": {
          "INVALID_REASON_CAPTION": "Valid",
          "CONCEPT_ID": 435790,
          "STANDARD_CONCEPT": "S",
          "CONCEPT_CODE": "44865000",
          "VOCABULARY_ID": "SNOMED",
          "CONCEPT_NAME": "Secondary polycythemia",
          "DOMAIN_ID": "Condition",
          "STANDARD_CONCEPT_CAPTION": "Standard",
          "CONCEPT_CLASS_ID": "Clinical Finding",
          "INVALID_REASON": "V"
        },
        "includeMapped": false,
        "includeDescendants": false
      },
      {
        "isExcluded": false,
        "concept": {
          "INVALID_REASON_CAPTION": "Valid",
          "CONCEPT_ID": 436957,
          "STANDARD_CONCEPT": "S",
          "CONCEPT_CODE": "267543009",
          "VOCABULARY_ID": "SNOMED",
          "CONCEPT_NAME": "Functional disorders of polymorphonuclear neutrophils",
          "DOMAIN_ID": "Condition",
          "STANDARD_CONCEPT_CAPTION": "Standard",
          "CONCEPT_CLASS_ID": "Clinical Finding",
          "INVALID_REASON": "V"
        },
        "includeMapped": false,
        "includeDescendants": false
      },
      {
        "isExcluded": false,
        "concept": {
          "INVALID_REASON_CAPTION": "Valid",
          "CONCEPT_ID": 437247,
          "STANDARD_CONCEPT": "S",
          "CONCEPT_CODE": "234347009",
          "VOCABULARY_ID": "SNOMED",
          "CONCEPT_NAME": "Anemia of chronic disease",
          "DOMAIN_ID": "Condition",
          "STANDARD_CONCEPT_CAPTION": "Standard",
          "CONCEPT_CLASS_ID": "Clinical Finding",
          "INVALID_REASON": "V"
        },
        "includeMapped": false,
        "includeDescendants": false
      },
      {
        "isExcluded": false,
        "concept": {
          "INVALID_REASON_CAPTION": "Valid",
          "CONCEPT_ID": 437834,
          "STANDARD_CONCEPT": "S",
          "CONCEPT_CODE": "191216004",
          "VOCABULARY_ID": "SNOMED",
          "CONCEPT_NAME": "Non-autoimmune hemolytic anemia",
          "DOMAIN_ID": "Condition",
          "STANDARD_CONCEPT_CAPTION": "Standard",
          "CONCEPT_CLASS_ID": "Clinical Finding",
          "INVALID_REASON": "V"
        },
        "includeMapped": false,
        "includeDescendants": false
      },
      {
        "isExcluded": false,
        "concept": {
          "INVALID_REASON_CAPTION": "Valid",
          "CONCEPT_ID": 438383,
          "STANDARD_CONCEPT": "S",
          "CONCEPT_CODE": "109994006",
          "VOCABULARY_ID": "SNOMED",
          "CONCEPT_NAME": "Essential thrombocythemia",
          "DOMAIN_ID": "Condition",
          "STANDARD_CONCEPT_CAPTION": "Standard",
          "CONCEPT_CLASS_ID": "Clinical Finding",
          "INVALID_REASON": "V"
        },
        "includeMapped": false,
        "includeDescendants": false
      },
      {
        "isExcluded": false,
        "concept": {
          "INVALID_REASON_CAPTION": "Valid",
          "CONCEPT_ID": 438688,
          "STANDARD_CONCEPT": "S",
          "CONCEPT_CODE": "31541009",
          "VOCABULARY_ID": "SNOMED",
          "CONCEPT_NAME": "Sarcoidosis",
          "DOMAIN_ID": "Condition",
          "STANDARD_CONCEPT_CAPTION": "Standard",
          "CONCEPT_CLASS_ID": "Clinical Finding",
          "INVALID_REASON": "V"
        },
        "includeMapped": false,
        "includeDescendants": false
      },
      {
        "isExcluded": false,
        "concept": {
          "INVALID_REASON_CAPTION": "Valid",
          "CONCEPT_ID": 439777,
          "STANDARD_CONCEPT": "S",
          "CONCEPT_CODE": "271737000",
          "VOCABULARY_ID": "SNOMED",
          "CONCEPT_NAME": "Anemia",
          "DOMAIN_ID": "Condition",
          "STANDARD_CONCEPT_CAPTION": "Standard",
          "CONCEPT_CLASS_ID": "Clinical Finding",
          "INVALID_REASON": "V"
        },
        "includeMapped": false,
        "includeDescendants": false
      },
      {
        "isExcluded": false,
        "concept": {
          "INVALID_REASON_CAPTION": "Valid",
          "CONCEPT_ID": 440072,
          "STANDARD_CONCEPT": "S",
          "CONCEPT_CODE": "119250001",
          "VOCABULARY_ID": "SNOMED",
          "CONCEPT_NAME": "Hypogammaglobulinemia",
          "DOMAIN_ID": "Condition",
          "STANDARD_CONCEPT_CAPTION": "Standard",
          "CONCEPT_CLASS_ID": "Clinical Finding",
          "INVALID_REASON": "V"
        },
        "includeMapped": false,
        "includeDescendants": false
      },
      {
        "isExcluded": false,
        "concept": {
          "INVALID_REASON_CAPTION": "Valid",
          "CONCEPT_ID": 440371,
          "STANDARD_CONCEPT": "S",
          "CONCEPT_CODE": "414029004",
          "VOCABULARY_ID": "SNOMED",
          "CONCEPT_NAME": "Disorder of immune function",
          "DOMAIN_ID": "Condition",
          "STANDARD_CONCEPT_CAPTION": "Standard",
          "CONCEPT_CLASS_ID": "Clinical Finding",
          "INVALID_REASON": "V"
        },
        "includeMapped": false,
        "includeDescendants": false
      },
      {
        "isExcluded": false,
        "concept": {
          "INVALID_REASON_CAPTION": "Valid",
          "CONCEPT_ID": 440689,
          "STANDARD_CONCEPT": "S",
          "CONCEPT_CODE": "17182001",
          "VOCABULARY_ID": "SNOMED",
          "CONCEPT_NAME": "Agranulocytosis",
          "DOMAIN_ID": "Condition",
          "STANDARD_CONCEPT_CAPTION": "Standard",
          "CONCEPT_CLASS_ID": "Clinical Finding",
          "INVALID_REASON": "V"
        },
        "includeMapped": false,
        "includeDescendants": false
      },
      {
        "isExcluded": false,
        "concept": {
          "INVALID_REASON_CAPTION": "Valid",
          "CONCEPT_ID": 440979,
          "STANDARD_CONCEPT": "S",
          "CONCEPT_CODE": "4854004",
          "VOCABULARY_ID": "SNOMED",
          "CONCEPT_NAME": "Acquired hemolytic anemia",
          "DOMAIN_ID": "Condition",
          "STANDARD_CONCEPT_CAPTION": "Standard",
          "CONCEPT_CLASS_ID": "Clinical Finding",
          "INVALID_REASON": "V"
        },
        "includeMapped": false,
        "includeDescendants": false
      },
      {
        "isExcluded": false,
        "concept": {
          "INVALID_REASON_CAPTION": "Valid",
          "CONCEPT_ID": 440982,
          "STANDARD_CONCEPT": "S",
          "CONCEPT_CODE": "36070007",
          "VOCABULARY_ID": "SNOMED",
          "CONCEPT_NAME": "Wiskott-Aldrich syndrome",
          "DOMAIN_ID": "Condition",
          "STANDARD_CONCEPT_CAPTION": "Standard",
          "CONCEPT_CLASS_ID": "Clinical Finding",
          "INVALID_REASON": "V"
        },
        "includeMapped": false,
        "includeDescendants": false
      },
      {
        "isExcluded": false,
        "concept": {
          "INVALID_REASON_CAPTION": "Valid",
          "CONCEPT_ID": 441258,
          "STANDARD_CONCEPT": "S",
          "CONCEPT_CODE": "191265009",
          "VOCABULARY_ID": "SNOMED",
          "CONCEPT_NAME": "Anemia in neoplastic disease",
          "DOMAIN_ID": "Condition",
          "STANDARD_CONCEPT_CAPTION": "Standard",
          "CONCEPT_CLASS_ID": "Clinical Finding",
          "INVALID_REASON": "V"
        },
        "includeMapped": false,
        "includeDescendants": false
      },
      {
        "isExcluded": false,
        "concept": {
          "INVALID_REASON_CAPTION": "Valid",
          "CONCEPT_ID": 441269,
          "STANDARD_CONCEPT": "S",
          "CONCEPT_CODE": "413603009",
          "VOCABULARY_ID": "SNOMED",
          "CONCEPT_NAME": "Autoimmune hemolytic anemia",
          "DOMAIN_ID": "Condition",
          "STANDARD_CONCEPT_CAPTION": "Standard",
          "CONCEPT_CLASS_ID": "Clinical Finding",
          "INVALID_REASON": "V"
        },
        "includeMapped": false,
        "includeDescendants": false
      },
      {
        "isExcluded": false,
        "concept": {
          "INVALID_REASON_CAPTION": "Valid",
          "CONCEPT_ID": 444238,
          "STANDARD_CONCEPT": "S",
          "CONCEPT_CODE": "111577008",
          "VOCABULARY_ID": "SNOMED",
          "CONCEPT_NAME": "Anemia due to enzyme deficiency",
          "DOMAIN_ID": "Condition",
          "STANDARD_CONCEPT_CAPTION": "Standard",
          "CONCEPT_CLASS_ID": "Clinical Finding",
          "INVALID_REASON": "V"
        },
        "includeMapped": false,
        "includeDescendants": false
      },
      {
        "isExcluded": false,
        "concept": {
          "INVALID_REASON_CAPTION": "Valid",
          "CONCEPT_ID": 4023612,
          "STANDARD_CONCEPT": "S",
          "CONCEPT_CODE": "19442009",
          "VOCABULARY_ID": "SNOMED",
          "CONCEPT_NAME": "Heterozygous thalassemia",
          "DOMAIN_ID": "Condition",
          "STANDARD_CONCEPT_CAPTION": "Standard",
          "CONCEPT_CLASS_ID": "Clinical Finding",
          "INVALID_REASON": "V"
        },
        "includeMapped": false,
        "includeDescendants": false
      },
      {
        "isExcluded": false,
        "concept": {
          "INVALID_REASON_CAPTION": "Valid",
          "CONCEPT_ID": 4024671,
          "STANDARD_CONCEPT": "S",
          "CONCEPT_CODE": "1963002",
          "VOCABULARY_ID": "SNOMED",
          "CONCEPT_NAME": "Paroxysmal nocturnal hemoglobinuria",
          "DOMAIN_ID": "Condition",
          "STANDARD_CONCEPT_CAPTION": "Standard",
          "CONCEPT_CLASS_ID": "Clinical Finding",
          "INVALID_REASON": "V"
        },
        "includeMapped": false,
        "includeDescendants": false
      },
      {
        "isExcluded": false,
        "concept": {
          "INVALID_REASON_CAPTION": "Valid",
          "CONCEPT_ID": 4030065,
          "STANDARD_CONCEPT": "S",
          "CONCEPT_CODE": "23761004",
          "VOCABULARY_ID": "SNOMED",
          "CONCEPT_NAME": "Hyposplenism",
          "DOMAIN_ID": "Condition",
          "STANDARD_CONCEPT_CAPTION": "Standard",
          "CONCEPT_CLASS_ID": "Clinical Finding",
          "INVALID_REASON": "V"
        },
        "includeMapped": false,
        "includeDescendants": false
      },
      {
        "isExcluded": false,
        "concept": {
          "INVALID_REASON_CAPTION": "Valid",
          "CONCEPT_ID": 4038772,
          "STANDARD_CONCEPT": "S",
          "CONCEPT_CODE": "16360009",
          "VOCABULARY_ID": "SNOMED",
          "CONCEPT_NAME": "Delta beta thalassemia",
          "DOMAIN_ID": "Condition",
          "STANDARD_CONCEPT_CAPTION": "Standard",
          "CONCEPT_CLASS_ID": "Clinical Finding",
          "INVALID_REASON": "V"
        },
        "includeMapped": false,
        "includeDescendants": false
      },
      {
        "isExcluded": false,
        "concept": {
          "INVALID_REASON_CAPTION": "Valid",
          "CONCEPT_ID": 4044745,
          "STANDARD_CONCEPT": "S",
          "CONCEPT_CODE": "22996003",
          "VOCABULARY_ID": "SNOMED",
          "CONCEPT_NAME": "Splenic infarction",
          "DOMAIN_ID": "Condition",
          "STANDARD_CONCEPT_CAPTION": "Standard",
          "CONCEPT_CLASS_ID": "Clinical Finding",
          "INVALID_REASON": "V"
        },
        "includeMapped": false,
        "includeDescendants": false
      },
      {
        "isExcluded": false,
        "concept": {
          "INVALID_REASON_CAPTION": "Valid",
          "CONCEPT_ID": 4083784,
          "STANDARD_CONCEPT": "S",
          "CONCEPT_CODE": "24743004",
          "VOCABULARY_ID": "SNOMED",
          "CONCEPT_NAME": "Complement deficiency disease",
          "DOMAIN_ID": "Condition",
          "STANDARD_CONCEPT_CAPTION": "Standard",
          "CONCEPT_CLASS_ID": "Clinical Finding",
          "INVALID_REASON": "V"
        },
        "includeMapped": false,
        "includeDescendants": false
      },
      {
        "isExcluded": false,
        "concept": {
          "INVALID_REASON_CAPTION": "Valid",
          "CONCEPT_ID": 4086243,
          "STANDARD_CONCEPT": "S",
          "CONCEPT_CODE": "24369008",
          "VOCABULARY_ID": "SNOMED",
          "CONCEPT_NAME": "Pulmonary sarcoidosis",
          "DOMAIN_ID": "Condition",
          "STANDARD_CONCEPT_CAPTION": "Standard",
          "CONCEPT_CLASS_ID": "Clinical Finding",
          "INVALID_REASON": "V"
        },
        "includeMapped": false,
        "includeDescendants": false
      },
      {
        "isExcluded": false,
        "concept": {
          "INVALID_REASON_CAPTION": "Valid",
          "CONCEPT_ID": 4093002,
          "STANDARD_CONCEPT": "S",
          "CONCEPT_CODE": "187233002",
          "VOCABULARY_ID": "SNOMED",
          "CONCEPT_NAME": "Sarcoidosis of lung with sarcoidosis of lymph nodes",
          "DOMAIN_ID": "Condition",
          "STANDARD_CONCEPT_CAPTION": "Standard",
          "CONCEPT_CLASS_ID": "Clinical Finding",
          "INVALID_REASON": "V"
        },
        "includeMapped": false,
        "includeDescendants": false
      },
      {
        "isExcluded": false,
        "concept": {
          "INVALID_REASON_CAPTION": "Valid",
          "CONCEPT_ID": 4097998,
          "STANDARD_CONCEPT": "S",
          "CONCEPT_CODE": "190996002",
          "VOCABULARY_ID": "SNOMED",
          "CONCEPT_NAME": "Severe combined immunodeficiency with reticular dysgenesis",
          "DOMAIN_ID": "Condition",
          "STANDARD_CONCEPT_CAPTION": "Standard",
          "CONCEPT_CLASS_ID": "Clinical Finding",
          "INVALID_REASON": "V"
        },
        "includeMapped": false,
        "includeDescendants": false
      },
      {
        "isExcluded": false,
        "concept": {
          "INVALID_REASON_CAPTION": "Valid",
          "CONCEPT_ID": 4098028,
          "STANDARD_CONCEPT": "S",
          "CONCEPT_CODE": "191255003",
          "VOCABULARY_ID": "SNOMED",
          "CONCEPT_NAME": "Transient acquired pure red cell aplasia",
          "DOMAIN_ID": "Condition",
          "STANDARD_CONCEPT_CAPTION": "Standard",
          "CONCEPT_CLASS_ID": "Clinical Finding",
          "INVALID_REASON": "V"
        },
        "includeMapped": false,
        "includeDescendants": false
      },
      {
        "isExcluded": false,
        "concept": {
          "INVALID_REASON_CAPTION": "Valid",
          "CONCEPT_ID": 4098145,
          "STANDARD_CONCEPT": "S",
          "CONCEPT_CODE": "191256002",
          "VOCABULARY_ID": "SNOMED",
          "CONCEPT_NAME": "Idiopathic aplastic anemia",
          "DOMAIN_ID": "Condition",
          "STANDARD_CONCEPT_CAPTION": "Standard",
          "CONCEPT_CLASS_ID": "Clinical Finding",
          "INVALID_REASON": "V"
        },
        "includeMapped": false,
        "includeDescendants": false
      },
      {
        "isExcluded": false,
        "concept": {
          "INVALID_REASON_CAPTION": "Valid",
          "CONCEPT_ID": 4098617,
          "STANDARD_CONCEPT": "S",
          "CONCEPT_CODE": "190959006",
          "VOCABULARY_ID": "SNOMED",
          "CONCEPT_NAME": "Hemophagocytic lymphohistiocytosis due to infection",
          "DOMAIN_ID": "Condition",
          "STANDARD_CONCEPT_CAPTION": "Standard",
          "CONCEPT_CLASS_ID": "Clinical Finding",
          "INVALID_REASON": "V"
        },
        "includeMapped": false,
        "includeDescendants": false
      },
      {
        "isExcluded": false,
        "concept": {
          "INVALID_REASON_CAPTION": "Valid",
          "CONCEPT_ID": 4098622,
          "STANDARD_CONCEPT": "S",
          "CONCEPT_CODE": "190986006",
          "VOCABULARY_ID": "SNOMED",
          "CONCEPT_NAME": "Antibody deficiency with near-normal immunoglobulins or with hyperimmunoglobulinemia",
          "DOMAIN_ID": "Condition",
          "STANDARD_CONCEPT_CAPTION": "Standard",
          "CONCEPT_CLASS_ID": "Clinical Finding",
          "INVALID_REASON": "V"
        },
        "includeMapped": false,
        "includeDescendants": false
      },
      {
        "isExcluded": false,
        "concept": {
          "INVALID_REASON_CAPTION": "Valid",
          "CONCEPT_ID": 4098625,
          "STANDARD_CONCEPT": "S",
          "CONCEPT_CODE": "191011000",
          "VOCABULARY_ID": "SNOMED",
          "CONCEPT_NAME": "Common variable immunodeficiency with predominant abnormalities of B-cell numbers and functions",
          "DOMAIN_ID": "Condition",
          "STANDARD_CONCEPT_CAPTION": "Standard",
          "CONCEPT_CLASS_ID": "Clinical Finding",
          "INVALID_REASON": "V"
        },
        "includeMapped": false,
        "includeDescendants": false
      },
      {
        "isExcluded": false,
        "concept": {
          "INVALID_REASON_CAPTION": "Valid",
          "CONCEPT_ID": 4098626,
          "STANDARD_CONCEPT": "S",
          "CONCEPT_CODE": "191018006",
          "VOCABULARY_ID": "SNOMED",
          "CONCEPT_NAME": "Lymphocyte function antigen-1 defect",
          "DOMAIN_ID": "Condition",
          "STANDARD_CONCEPT_CAPTION": "Standard",
          "CONCEPT_CLASS_ID": "Clinical Finding",
          "INVALID_REASON": "V"
        },
        "includeMapped": false,
        "includeDescendants": false
      },
      {
        "isExcluded": false,
        "concept": {
          "INVALID_REASON_CAPTION": "Valid",
          "CONCEPT_ID": 4098747,
          "STANDARD_CONCEPT": "S",
          "CONCEPT_CODE": "191180008",
          "VOCABULARY_ID": "SNOMED",
          "CONCEPT_NAME": "Anemia due to disorders of nucleotide metabolism",
          "DOMAIN_ID": "Condition",
          "STANDARD_CONCEPT_CAPTION": "Standard",
          "CONCEPT_CLASS_ID": "Clinical Finding",
          "INVALID_REASON": "V"
        },
        "includeMapped": false,
        "includeDescendants": false
      },
      {
        "isExcluded": false,
        "concept": {
          "INVALID_REASON_CAPTION": "Valid",
          "CONCEPT_ID": 4100858,
          "STANDARD_CONCEPT": "S",
          "CONCEPT_CODE": "190981001",
          "VOCABULARY_ID": "SNOMED",
          "CONCEPT_NAME": "Selective immunoglobulin G deficiency",
          "DOMAIN_ID": "Condition",
          "STANDARD_CONCEPT_CAPTION": "Standard",
          "CONCEPT_CLASS_ID": "Clinical Finding",
          "INVALID_REASON": "V"
        },
        "includeMapped": false,
        "includeDescendants": false
      },
      {
        "isExcluded": false,
        "concept": {
          "INVALID_REASON_CAPTION": "Valid",
          "CONCEPT_ID": 4100979,
          "STANDARD_CONCEPT": "S",
          "CONCEPT_CODE": "191001007",
          "VOCABULARY_ID": "SNOMED",
          "CONCEPT_NAME": "Major histocompatibility complex class I deficiency",
          "DOMAIN_ID": "Condition",
          "STANDARD_CONCEPT_CAPTION": "Standard",
          "CONCEPT_CLASS_ID": "Clinical Finding",
          "INVALID_REASON": "V"
        },
        "includeMapped": false,
        "includeDescendants": false
      },
      {
        "isExcluded": false,
        "concept": {
          "INVALID_REASON_CAPTION": "Valid",
          "CONCEPT_ID": 4100980,
          "STANDARD_CONCEPT": "S",
          "CONCEPT_CODE": "191002000",
          "VOCABULARY_ID": "SNOMED",
          "CONCEPT_NAME": "Major histocompatibility complex class II deficiency",
          "DOMAIN_ID": "Condition",
          "STANDARD_CONCEPT_CAPTION": "Standard",
          "CONCEPT_CLASS_ID": "Clinical Finding",
          "INVALID_REASON": "V"
        },
        "includeMapped": false,
        "includeDescendants": false
      },
      {
        "isExcluded": false,
        "concept": {
          "INVALID_REASON_CAPTION": "Valid",
          "CONCEPT_ID": 4101448,
          "STANDARD_CONCEPT": "S",
          "CONCEPT_CODE": "190998001",
          "VOCABULARY_ID": "SNOMED",
          "CONCEPT_NAME": "Severe combined immunodeficiency with low or normal B-cell numbers",
          "DOMAIN_ID": "Condition",
          "STANDARD_CONCEPT_CAPTION": "Standard",
          "CONCEPT_CLASS_ID": "Clinical Finding",
          "INVALID_REASON": "V"
        },
        "includeMapped": false,
        "includeDescendants": false
      },
      {
        "isExcluded": false,
        "concept": {
          "INVALID_REASON_CAPTION": "Valid",
          "CONCEPT_ID": 4101452,
          "STANDARD_CONCEPT": "S",
          "CONCEPT_CODE": "191012007",
          "VOCABULARY_ID": "SNOMED",
          "CONCEPT_NAME": "Common variable immunodeficiency with predominant immunoregulatory T-cell disorders",
          "DOMAIN_ID": "Condition",
          "STANDARD_CONCEPT_CAPTION": "Standard",
          "CONCEPT_CLASS_ID": "Clinical Finding",
          "INVALID_REASON": "V"
        },
        "includeMapped": false,
        "includeDescendants": false
      },
      {
        "isExcluded": false,
        "concept": {
          "INVALID_REASON_CAPTION": "Valid",
          "CONCEPT_ID": 4101453,
          "STANDARD_CONCEPT": "S",
          "CONCEPT_CODE": "191013002",
          "VOCABULARY_ID": "SNOMED",
          "CONCEPT_NAME": "Common variable immunodeficiency with autoantibodies to B- or T-cells",
          "DOMAIN_ID": "Condition",
          "STANDARD_CONCEPT_CAPTION": "Standard",
          "CONCEPT_CLASS_ID": "Clinical Finding",
          "INVALID_REASON": "V"
        },
        "includeMapped": false,
        "includeDescendants": false
      },
      {
        "isExcluded": false,
        "concept": {
          "INVALID_REASON_CAPTION": "Valid",
          "CONCEPT_ID": 4101584,
          "STANDARD_CONCEPT": "S",
          "CONCEPT_CODE": "191261000",
          "VOCABULARY_ID": "SNOMED",
          "CONCEPT_NAME": "Secondary sideroblastic anemia due to disease",
          "DOMAIN_ID": "Condition",
          "STANDARD_CONCEPT_CAPTION": "Standard",
          "CONCEPT_CLASS_ID": "Clinical Finding",
          "INVALID_REASON": "V"
        },
        "includeMapped": false,
        "includeDescendants": false
      },
      {
        "isExcluded": false,
        "concept": {
          "INVALID_REASON_CAPTION": "Valid",
          "CONCEPT_ID": 4121123,
          "STANDARD_CONCEPT": "S",
          "CONCEPT_CODE": "234437005",
          "VOCABULARY_ID": "SNOMED",
          "CONCEPT_NAME": "Hemophagocytic lymphohistiocytosis",
          "DOMAIN_ID": "Condition",
          "STANDARD_CONCEPT_CAPTION": "Standard",
          "CONCEPT_CLASS_ID": "Clinical Finding",
          "INVALID_REASON": "V"
        },
        "includeMapped": false,
        "includeDescendants": false
      },
      {
        "isExcluded": false,
        "concept": {
          "INVALID_REASON_CAPTION": "Valid",
          "CONCEPT_ID": 4125496,
          "STANDARD_CONCEPT": "S",
          "CONCEPT_CODE": "234370001",
          "VOCABULARY_ID": "SNOMED",
          "CONCEPT_NAME": "Pure red cell aplasia, acquired",
          "DOMAIN_ID": "Condition",
          "STANDARD_CONCEPT_CAPTION": "Standard",
          "CONCEPT_CLASS_ID": "Clinical Finding",
          "INVALID_REASON": "V"
        },
        "includeMapped": false,
        "includeDescendants": false
      },
      {
        "isExcluded": false,
        "concept": {
          "INVALID_REASON_CAPTION": "Valid",
          "CONCEPT_ID": 4130197,
          "STANDARD_CONCEPT": "S",
          "CONCEPT_CODE": "127068004",
          "VOCABULARY_ID": "SNOMED",
          "CONCEPT_NAME": "Histiocytic syndrome",
          "DOMAIN_ID": "Condition",
          "STANDARD_CONCEPT_CAPTION": "Standard",
          "CONCEPT_CLASS_ID": "Clinical Finding",
          "INVALID_REASON": "V"
        },
        "includeMapped": false,
        "includeDescendants": false
      },
      {
        "isExcluded": false,
        "concept": {
          "INVALID_REASON_CAPTION": "Valid",
          "CONCEPT_ID": 4132570,
          "STANDARD_CONCEPT": "S",
          "CONCEPT_CODE": "127388009",
          "VOCABULARY_ID": "SNOMED",
          "CONCEPT_NAME": "Hypergammaglobulinemia",
          "DOMAIN_ID": "Condition",
          "STANDARD_CONCEPT_CAPTION": "Standard",
          "CONCEPT_CLASS_ID": "Clinical Finding",
          "INVALID_REASON": "V"
        },
        "includeMapped": false,
        "includeDescendants": false
      },
      {
        "isExcluded": false,
        "concept": {
          "INVALID_REASON_CAPTION": "Valid",
          "CONCEPT_ID": 4149583,
          "STANDARD_CONCEPT": "S",
          "CONCEPT_CODE": "30911005",
          "VOCABULARY_ID": "SNOMED",
          "CONCEPT_NAME": "Cryoglobulinemia",
          "DOMAIN_ID": "Condition",
          "STANDARD_CONCEPT_CAPTION": "Standard",
          "CONCEPT_CLASS_ID": "Clinical Finding",
          "INVALID_REASON": "V"
        },
        "includeMapped": false,
        "includeDescendants": false
      },
      {
        "isExcluded": false,
        "concept": {
          "INVALID_REASON_CAPTION": "Valid",
          "CONCEPT_ID": 4177007,
          "STANDARD_CONCEPT": "S",
          "CONCEPT_CODE": "50926003",
          "VOCABULARY_ID": "SNOMED",
          "CONCEPT_NAME": "Hyperimmunoglobulin E syndrome",
          "DOMAIN_ID": "Condition",
          "STANDARD_CONCEPT_CAPTION": "Standard",
          "CONCEPT_CLASS_ID": "Clinical Finding",
          "INVALID_REASON": "V"
        },
        "includeMapped": false,
        "includeDescendants": false
      },
      {
        "isExcluded": false,
        "concept": {
          "INVALID_REASON_CAPTION": "Valid",
          "CONCEPT_ID": 4185470,
          "STANDARD_CONCEPT": "S",
          "CONCEPT_CODE": "414026006",
          "VOCABULARY_ID": "SNOMED",
          "CONCEPT_NAME": "Disorder of hematopoietic morphology",
          "DOMAIN_ID": "Condition",
          "STANDARD_CONCEPT_CAPTION": "Standard",
          "CONCEPT_CLASS_ID": "Clinical Finding",
          "INVALID_REASON": "V"
        },
        "includeMapped": false,
        "includeDescendants": false
      },
      {
        "isExcluded": false,
        "concept": {
          "INVALID_REASON_CAPTION": "Valid",
          "CONCEPT_ID": 4185547,
          "STANDARD_CONCEPT": "S",
          "CONCEPT_CODE": "55941000",
          "VOCABULARY_ID": "SNOMED",
          "CONCEPT_NAME": "Cutaneous sarcoidosis",
          "DOMAIN_ID": "Condition",
          "STANDARD_CONCEPT_CAPTION": "Standard",
          "CONCEPT_CLASS_ID": "Clinical Finding",
          "INVALID_REASON": "V"
        },
        "includeMapped": false,
        "includeDescendants": false
      },
      {
        "isExcluded": false,
        "concept": {
          "INVALID_REASON_CAPTION": "Valid",
          "CONCEPT_ID": 4193638,
          "STANDARD_CONCEPT": "S",
          "CONCEPT_CODE": "79040006",
          "VOCABULARY_ID": "SNOMED",
          "CONCEPT_NAME": "Splenic cyst",
          "DOMAIN_ID": "Condition",
          "STANDARD_CONCEPT_CAPTION": "Standard",
          "CONCEPT_CLASS_ID": "Clinical Finding",
          "INVALID_REASON": "V"
        },
        "includeMapped": false,
        "includeDescendants": false
      },
      {
        "isExcluded": false,
        "concept": {
          "INVALID_REASON_CAPTION": "Valid",
          "CONCEPT_ID": 4213628,
          "STANDARD_CONCEPT": "S",
          "CONCEPT_CODE": "417357006",
          "VOCABULARY_ID": "SNOMED",
          "CONCEPT_NAME": "Sickling disorder due to hemoglobin S",
          "DOMAIN_ID": "Condition",
          "STANDARD_CONCEPT_CAPTION": "Standard",
          "CONCEPT_CLASS_ID": "Clinical Finding",
          "INVALID_REASON": "V"
        },
        "includeMapped": false,
        "includeDescendants": false
      },
      {
        "isExcluded": false,
        "concept": {
          "INVALID_REASON_CAPTION": "Valid",
          "CONCEPT_ID": 4220074,
          "STANDARD_CONCEPT": "S",
          "CONCEPT_CODE": "82053000",
          "VOCABULARY_ID": "SNOMED",
          "CONCEPT_NAME": "Splenic abscess",
          "DOMAIN_ID": "Condition",
          "STANDARD_CONCEPT_CAPTION": "Standard",
          "CONCEPT_CLASS_ID": "Clinical Finding",
          "INVALID_REASON": "V"
        },
        "includeMapped": false,
        "includeDescendants": false
      },
      {
        "isExcluded": false,
        "concept": {
          "INVALID_REASON_CAPTION": "Valid",
          "CONCEPT_ID": 4230184,
          "STANDARD_CONCEPT": "S",
          "CONCEPT_CODE": "88714009",
          "VOCABULARY_ID": "SNOMED",
          "CONCEPT_NAME": "Transient hypogammaglobulinemia of infancy",
          "DOMAIN_ID": "Condition",
          "STANDARD_CONCEPT_CAPTION": "Standard",
          "CONCEPT_CLASS_ID": "Clinical Finding",
          "INVALID_REASON": "V"
        },
        "includeMapped": false,
        "includeDescendants": false
      },
      {
        "isExcluded": false,
        "concept": {
          "INVALID_REASON_CAPTION": "Valid",
          "CONCEPT_ID": 4234973,
          "STANDARD_CONCEPT": "S",
          "CONCEPT_CODE": "90414007",
          "VOCABULARY_ID": "SNOMED",
          "CONCEPT_NAME": "Chronic acquired pure red cell aplasia",
          "DOMAIN_ID": "Condition",
          "STANDARD_CONCEPT_CAPTION": "Standard",
          "CONCEPT_CLASS_ID": "Clinical Finding",
          "INVALID_REASON": "V"
        },
        "includeMapped": false,
        "includeDescendants": false
      },
      {
        "isExcluded": false,
        "concept": {
          "INVALID_REASON_CAPTION": "Valid",
          "CONCEPT_ID": 4245623,
          "STANDARD_CONCEPT": "S",
          "CONCEPT_CODE": "60743005",
          "VOCABULARY_ID": "SNOMED",
          "CONCEPT_NAME": "Purine-nucleoside phosphorylase deficiency",
          "DOMAIN_ID": "Condition",
          "STANDARD_CONCEPT_CAPTION": "Standard",
          "CONCEPT_CLASS_ID": "Clinical Finding",
          "INVALID_REASON": "V"
        },
        "includeMapped": false,
        "includeDescendants": false
      },
      {
        "isExcluded": false,
        "concept": {
          "INVALID_REASON_CAPTION": "Valid",
          "CONCEPT_ID": 4261471,
          "STANDARD_CONCEPT": "S",
          "CONCEPT_CODE": "44940001",
          "VOCABULARY_ID": "SNOMED",
          "CONCEPT_NAME": "Adenosine deaminase deficiency",
          "DOMAIN_ID": "Condition",
          "STANDARD_CONCEPT_CAPTION": "Standard",
          "CONCEPT_CLASS_ID": "Clinical Finding",
          "INVALID_REASON": "V"
        },
        "includeMapped": false,
        "includeDescendants": false
      },
      {
        "isExcluded": false,
        "concept": {
          "INVALID_REASON_CAPTION": "Valid",
          "CONCEPT_ID": 4269764,
          "STANDARD_CONCEPT": "S",
          "CONCEPT_CODE": "62403005",
          "VOCABULARY_ID": "SNOMED",
          "CONCEPT_NAME": "Glucose-6-phosphate dehydrogenase deficiency anemia",
          "DOMAIN_ID": "Condition",
          "STANDARD_CONCEPT_CAPTION": "Standard",
          "CONCEPT_CLASS_ID": "Clinical Finding",
          "INVALID_REASON": "V"
        },
        "includeMapped": false,
        "includeDescendants": false
      },
      {
        "isExcluded": false,
        "concept": {
          "INVALID_REASON_CAPTION": "Valid",
          "CONCEPT_ID": 4274184,
          "STANDARD_CONCEPT": "S",
          "CONCEPT_CODE": "64757003",
          "VOCABULARY_ID": "SNOMED",
          "CONCEPT_NAME": "Lymph node sarcoidosis",
          "DOMAIN_ID": "Condition",
          "STANDARD_CONCEPT_CAPTION": "Standard",
          "CONCEPT_CLASS_ID": "Clinical Finding",
          "INVALID_REASON": "V"
        },
        "includeMapped": false,
        "includeDescendants": false
      },
      {
        "isExcluded": false,
        "concept": {
          "INVALID_REASON_CAPTION": "Valid",
          "CONCEPT_ID": 4278365,
          "STANDARD_CONCEPT": "S",
          "CONCEPT_CODE": "65399007",
          "VOCABULARY_ID": "SNOMED",
          "CONCEPT_NAME": "Langerhans cell histiocytosis",
          "DOMAIN_ID": "Condition",
          "STANDARD_CONCEPT_CAPTION": "Standard",
          "CONCEPT_CLASS_ID": "Clinical Finding",
          "INVALID_REASON": "V"
        },
        "includeMapped": false,
        "includeDescendants": false
      },
      {
        "isExcluded": false,
        "concept": {
          "INVALID_REASON_CAPTION": "Valid",
          "CONCEPT_ID": 4278669,
          "STANDARD_CONCEPT": "S",
          "CONCEPT_CODE": "65959000",
          "VOCABULARY_ID": "SNOMED",
          "CONCEPT_NAME": "Beta thalassemia",
          "DOMAIN_ID": "Condition",
          "STANDARD_CONCEPT_CAPTION": "Standard",
          "CONCEPT_CLASS_ID": "Clinical Finding",
          "INVALID_REASON": "V"
        },
        "includeMapped": false,
        "includeDescendants": false
      },
      {
        "isExcluded": false,
        "concept": {
          "INVALID_REASON_CAPTION": "Valid",
          "CONCEPT_ID": 4287844,
          "STANDARD_CONCEPT": "S",
          "CONCEPT_CODE": "68913001",
          "VOCABULARY_ID": "SNOMED",
          "CONCEPT_NAME": "Alpha thalassemia",
          "DOMAIN_ID": "Condition",
          "STANDARD_CONCEPT_CAPTION": "Standard",
          "CONCEPT_CLASS_ID": "Clinical Finding",
          "INVALID_REASON": "V"
        },
        "includeMapped": false,
        "includeDescendants": false
      },
      {
        "isExcluded": false,
        "concept": {
          "INVALID_REASON_CAPTION": "Valid",
          "CONCEPT_ID": 4304002,
          "STANDARD_CONCEPT": "S",
          "CONCEPT_CODE": "386789004",
          "VOCABULARY_ID": "SNOMED",
          "CONCEPT_NAME": "Eosinophil count raised",
          "DOMAIN_ID": "Condition",
          "STANDARD_CONCEPT_CAPTION": "Standard",
          "CONCEPT_CLASS_ID": "Clinical Finding",
          "INVALID_REASON": "V"
        },
        "includeMapped": false,
        "includeDescendants": false
      },
      {
        "isExcluded": false,
        "concept": {
          "INVALID_REASON_CAPTION": "Valid",
          "CONCEPT_ID": 35624485,
          "STANDARD_CONCEPT": "S",
          "CONCEPT_CODE": "767263007",
          "VOCABULARY_ID": "SNOMED",
          "CONCEPT_NAME": "22q11.2 deletion syndrome",
          "DOMAIN_ID": "Condition",
          "STANDARD_CONCEPT_CAPTION": "Standard",
          "CONCEPT_CLASS_ID": "Clinical Finding",
          "INVALID_REASON": "V"
        },
        "includeMapped": false,
        "includeDescendants": false
      },
      {
        "isExcluded": false,
        "concept": {
          "INVALID_REASON_CAPTION": "Valid",
          "CONCEPT_ID": 37312099,
          "STANDARD_CONCEPT": "S",
          "CONCEPT_CODE": "789777007",
          "VOCABULARY_ID": "SNOMED",
          "CONCEPT_NAME": "Short-limb skeletal dysplasia with severe combined immunodeficiency",
          "DOMAIN_ID": "Condition",
          "STANDARD_CONCEPT_CAPTION": "Standard",
          "CONCEPT_CLASS_ID": "Clinical Finding",
          "INVALID_REASON": "V"
        },
        "includeMapped": false,
        "includeDescendants": false
      },
      {
        "isExcluded": false,
        "concept": {
          "INVALID_REASON_CAPTION": "Valid",
          "CONCEPT_ID": 40483560,
          "STANDARD_CONCEPT": "S",
          "CONCEPT_CODE": "442459007",
          "VOCABULARY_ID": "SNOMED",
          "CONCEPT_NAME": "Combined immunodeficiency disease",
          "DOMAIN_ID": "Condition",
          "STANDARD_CONCEPT_CAPTION": "Standard",
          "CONCEPT_CLASS_ID": "Clinical Finding",
          "INVALID_REASON": "V"
        },
        "includeMapped": false,
        "includeDescendants": false
      },
      {
        "isExcluded": false,
        "concept": {
          "INVALID_REASON_CAPTION": "Valid",
          "CONCEPT_ID": 40599994,
          "STANDARD_CONCEPT": "S",
          "CONCEPT_CODE": "48983004",
          "VOCABULARY_ID": "SNOMED",
          "CONCEPT_NAME": "X chromosome-linked sideroblastic anemia",
          "DOMAIN_ID": "Condition",
          "STANDARD_CONCEPT_CAPTION": "Standard",
          "CONCEPT_CLASS_ID": "Clinical Finding",
          "INVALID_REASON": "V"
        },
        "includeMapped": false,
        "includeDescendants": false
      }
    ]},
    "name": "YSJH_L1_1all",
    "id": 0
  }],
  "cdmVersionRange": ">=5.0.0",
  "CensoringCriteria": [],
  "QualifiedLimit": {"Type": "First"},
  "InclusionRules": [],
  "PrimaryCriteria": {
    "CriteriaList": [{"ConditionOccurrence": {
      "OccurrenceEndDate": null,
      "CorrelatedCriteria": null,
      "ConditionTypeExclude": false,
      "CodesetId": 0,
      "ProviderSpecialty": null,
      "Gender": null,
      "VisitType": null,
      "First": null,
      "OccurrenceStartDate": null,
      "ConditionType": null,
      "ConditionSourceConcept": null,
      "ConditionStatus": null,
      "StopReason": null,
      "Age": null
    }}],
    "PrimaryCriteriaLimit": {"Type": "All"},
    "ObservationWindow": {
      "PostDays": 0,
      "PriorDays": 0
    }
  }
}