{
  "ExpressionLimit": {"Type": "All"},
  "CollapseSettings": {
    "CollapseType": "ERA",
    "EraPad": 0
  },
  "CensorWindow": {
    "StartDate": null,
    "EndDate": null
  },
  "ConceptSets": [{
    "expression": {"items": [
      {
        "isExcluded": false,
        "concept": {
          "INVALID_REASON_CAPTION": "Valid",
          "CONCEPT_ID": 192279,
          "STANDARD_CONCEPT": "S",
          "CONCEPT_CODE": "127013003",
          "VOCABULARY_ID": "SNOMED",
          "CONCEPT_NAME": "Disorder of kidney due to diabetes mellitus",
          "DOMAIN_ID": "Condition",
          "STANDARD_CONCEPT_CAPTION": "Standard",
          "CONCEPT_CLASS_ID": "Clinical Finding",
          "INVALID_REASON": "V"
        },
        "includeMapped": false,
        "includeDescendants": false
      },
      {
        "isExcluded": false,
        "concept": {
          "INVALID_REASON_CAPTION": "Valid",
          "CONCEPT_ID": 200687,
          "STANDARD_CONCEPT": "S",
          "CONCEPT_CODE": "421893009",
          "VOCABULARY_ID": "SNOMED",
          "CONCEPT_NAME": "Renal disorder due to type 1 diabetes mellitus",
          "DOMAIN_ID": "Condition",
          "STANDARD_CONCEPT_CAPTION": "Standard",
          "CONCEPT_CLASS_ID": "Clinical Finding",
          "INVALID_REASON": "V"
        },
        "includeMapped": false,
        "includeDescendants": false
      },
      {
        "isExcluded": false,
        "concept": {
          "INVALID_REASON_CAPTION": "Valid",
          "CONCEPT_ID": 201254,
          "STANDARD_CONCEPT": "S",
          "CONCEPT_CODE": "46635009",
          "VOCABULARY_ID": "SNOMED",
          "CONCEPT_NAME": "Type 1 diabetes mellitus",
          "DOMAIN_ID": "Condition",
          "STANDARD_CONCEPT_CAPTION": "Standard",
          "CONCEPT_CLASS_ID": "Clinical Finding",
          "INVALID_REASON": "V"
        },
        "includeMapped": false,
        "includeDescendants": false
      },
      {
        "isExcluded": false,
        "concept": {
          "INVALID_REASON_CAPTION": "Valid",
          "CONCEPT_ID": 201820,
          "STANDARD_CONCEPT": "S",
          "CONCEPT_CODE": "73211009",
          "VOCABULARY_ID": "SNOMED",
          "CONCEPT_NAME": "Diabetes mellitus",
          "DOMAIN_ID": "Condition",
          "STANDARD_CONCEPT_CAPTION": "Standard",
          "CONCEPT_CLASS_ID": "Clinical Finding",
          "INVALID_REASON": "V"
        },
        "includeMapped": false,
        "includeDescendants": false
      },
      {
        "isExcluded": false,
        "concept": {
          "INVALID_REASON_CAPTION": "Valid",
          "CONCEPT_ID": 201826,
          "STANDARD_CONCEPT": "S",
          "CONCEPT_CODE": "44054006",
          "VOCABULARY_ID": "SNOMED",
          "CONCEPT_NAME": "Type 2 diabetes mellitus",
          "DOMAIN_ID": "Condition",
          "STANDARD_CONCEPT_CAPTION": "Standard",
          "CONCEPT_CLASS_ID": "Clinical Finding",
          "INVALID_REASON": "V"
        },
        "includeMapped": false,
        "includeDescendants": false
      },
      {
        "isExcluded": false,
        "concept": {
          "INVALID_REASON_CAPTION": "Valid",
          "CONCEPT_ID": 318712,
          "STANDARD_CONCEPT": "S",
          "CONCEPT_CODE": "421365002",
          "VOCABULARY_ID": "SNOMED",
          "CONCEPT_NAME": "Peripheral circulatory disorder due to type 1 diabetes mellitus",
          "DOMAIN_ID": "Condition",
          "STANDARD_CONCEPT_CAPTION": "Standard",
          "CONCEPT_CLASS_ID": "Clinical Finding",
          "INVALID_REASON": "V"
        },
        "includeMapped": false,
        "includeDescendants": false
      },
      {
        "isExcluded": false,
        "concept": {
          "INVALID_REASON_CAPTION": "Valid",
          "CONCEPT_ID": 321822,
          "STANDARD_CONCEPT": "S",
          "CONCEPT_CODE": "421895002",
          "VOCABULARY_ID": "SNOMED",
          "CONCEPT_NAME": "Peripheral vascular disorder due to diabetes mellitus",
          "DOMAIN_ID": "Condition",
          "STANDARD_CONCEPT_CAPTION": "Standard",
          "CONCEPT_CLASS_ID": "Clinical Finding",
          "INVALID_REASON": "V"
        },
        "includeMapped": false,
        "includeDescendants": false
      },
      {
        "isExcluded": false,
        "concept": {
          "INVALID_REASON_CAPTION": "Valid",
          "CONCEPT_ID": 376065,
          "STANDARD_CONCEPT": "S",
          "CONCEPT_CODE": "421326000",
          "VOCABULARY_ID": "SNOMED",
          "CONCEPT_NAME": "Disorder of nervous system due to type 2 diabetes mellitus",
          "DOMAIN_ID": "Condition",
          "STANDARD_CONCEPT_CAPTION": "Standard",
          "CONCEPT_CLASS_ID": "Clinical Finding",
          "INVALID_REASON": "V"
        },
        "includeMapped": false,
        "includeDescendants": false
      },
      {
        "isExcluded": false,
        "concept": {
          "INVALID_REASON_CAPTION": "Valid",
          "CONCEPT_ID": 377821,
          "STANDARD_CONCEPT": "S",
          "CONCEPT_CODE": "421468001",
          "VOCABULARY_ID": "SNOMED",
          "CONCEPT_NAME": "Disorder of nervous system due to type 1 diabetes mellitus",
          "DOMAIN_ID": "Condition",
          "STANDARD_CONCEPT_CAPTION": "Standard",
          "CONCEPT_CLASS_ID": "Clinical Finding",
          "INVALID_REASON": "V"
        },
        "includeMapped": false,
        "includeDescendants": false
      },
      {
        "isExcluded": false,
        "concept": {
          "INVALID_REASON_CAPTION": "Valid",
          "CONCEPT_ID": 435216,
          "STANDARD_CONCEPT": "S",
          "CONCEPT_CODE": "420868002",
          "VOCABULARY_ID": "SNOMED",
          "CONCEPT_NAME": "Disorder due to type 1 diabetes mellitus",
          "DOMAIN_ID": "Condition",
          "STANDARD_CONCEPT_CAPTION": "Standard",
          "CONCEPT_CLASS_ID": "Clinical Finding",
          "INVALID_REASON": "V"
        },
        "includeMapped": false,
        "includeDescendants": false
      },
      {
        "isExcluded": false,
        "concept": {
          "INVALID_REASON_CAPTION": "Valid",
          "CONCEPT_ID": 439770,
          "STANDARD_CONCEPT": "S",
          "CONCEPT_CODE": "420270002",
          "VOCABULARY_ID": "SNOMED",
          "CONCEPT_NAME": "Ketoacidosis due to type 1 diabetes mellitus",
          "DOMAIN_ID": "Condition",
          "STANDARD_CONCEPT_CAPTION": "Standard",
          "CONCEPT_CLASS_ID": "Clinical Finding",
          "INVALID_REASON": "V"
        },
        "includeMapped": false,
        "includeDescendants": false
      },
      {
        "isExcluded": false,
        "concept": {
          "INVALID_REASON_CAPTION": "Valid",
          "CONCEPT_ID": 442793,
          "STANDARD_CONCEPT": "S",
          "CONCEPT_CODE": "74627003",
          "VOCABULARY_ID": "SNOMED",
          "CONCEPT_NAME": "Complication due to diabetes mellitus",
          "DOMAIN_ID": "Condition",
          "STANDARD_CONCEPT_CAPTION": "Standard",
          "CONCEPT_CLASS_ID": "Clinical Finding",
          "INVALID_REASON": "V"
        },
        "includeMapped": false,
        "includeDescendants": false
      },
      {
        "isExcluded": false,
        "concept": {
          "INVALID_REASON_CAPTION": "Valid",
          "CONCEPT_ID": 443412,
          "STANDARD_CONCEPT": "S",
          "CONCEPT_CODE": "313435000",
          "VOCABULARY_ID": "SNOMED",
          "CONCEPT_NAME": "Type 1 diabetes mellitus without complication",
          "DOMAIN_ID": "Condition",
          "STANDARD_CONCEPT_CAPTION": "Standard",
          "CONCEPT_CLASS_ID": "Clinical Finding",
          "INVALID_REASON": "V"
        },
        "includeMapped": false,
        "includeDescendants": false
      },
      {
        "isExcluded": false,
        "concept": {
          "INVALID_REASON_CAPTION": "Valid",
          "CONCEPT_ID": 443727,
          "STANDARD_CONCEPT": "S",
          "CONCEPT_CODE": "420422005",
          "VOCABULARY_ID": "SNOMED",
          "CONCEPT_NAME": "Diabetic ketoacidosis",
          "DOMAIN_ID": "Condition",
          "STANDARD_CONCEPT_CAPTION": "Standard",
          "CONCEPT_CLASS_ID": "Clinical Finding",
          "INVALID_REASON": "V"
        },
        "includeMapped": false,
        "includeDescendants": false
      },
      {
        "isExcluded": false,
        "concept": {
          "INVALID_REASON_CAPTION": "Valid",
          "CONCEPT_ID": 443730,
          "STANDARD_CONCEPT": "S",
          "CONCEPT_CODE": "422088007",
          "VOCABULARY_ID": "SNOMED",
          "CONCEPT_NAME": "Disorder of nervous system due to diabetes mellitus",
          "DOMAIN_ID": "Condition",
          "STANDARD_CONCEPT_CAPTION": "Standard",
          "CONCEPT_CLASS_ID": "Clinical Finding",
          "INVALID_REASON": "V"
        },
        "includeMapped": false,
        "includeDescendants": false
      },
      {
        "isExcluded": false,
        "concept": {
          "INVALID_REASON_CAPTION": "Valid",
          "CONCEPT_ID": 443729,
          "STANDARD_CONCEPT": "S",
          "CONCEPT_CODE": "422166005",
          "VOCABULARY_ID": "SNOMED",
          "CONCEPT_NAME": "Peripheral circulatory disorder due to type 2 diabetes mellitus",
          "DOMAIN_ID": "Condition",
          "STANDARD_CONCEPT_CAPTION": "Standard",
          "CONCEPT_CLASS_ID": "Clinical Finding",
          "INVALID_REASON": "V"
        },
        "includeMapped": false,
        "includeDescendants": false
      },
      {
        "isExcluded": false,
        "concept": {
          "INVALID_REASON_CAPTION": "Valid",
          "CONCEPT_ID": 443731,
          "STANDARD_CONCEPT": "S",
          "CONCEPT_CODE": "420279001",
          "VOCABULARY_ID": "SNOMED",
          "CONCEPT_NAME": "Renal disorder due to type 2 diabetes mellitus",
          "DOMAIN_ID": "Condition",
          "STANDARD_CONCEPT_CAPTION": "Standard",
          "CONCEPT_CLASS_ID": "Clinical Finding",
          "INVALID_REASON": "V"
        },
        "includeMapped": false,
        "includeDescendants": false
      },
      {
        "isExcluded": false,
        "concept": {
          "INVALID_REASON_CAPTION": "Valid",
          "CONCEPT_ID": 443732,
          "STANDARD_CONCEPT": "S",
          "CONCEPT_CODE": "422014003",
          "VOCABULARY_ID": "SNOMED",
          "CONCEPT_NAME": "Disorder due to type 2 diabetes mellitus",
          "DOMAIN_ID": "Condition",
          "STANDARD_CONCEPT_CAPTION": "Standard",
          "CONCEPT_CLASS_ID": "Clinical Finding",
          "INVALID_REASON": "V"
        },
        "includeMapped": false,
        "includeDescendants": false
      },
      {
        "isExcluded": false,
        "concept": {
          "INVALID_REASON_CAPTION": "Valid",
          "CONCEPT_ID": 443734,
          "STANDARD_CONCEPT": "S",
          "CONCEPT_CODE": "421750000",
          "VOCABULARY_ID": "SNOMED",
          "CONCEPT_NAME": "Ketoacidosis due to type 2 diabetes mellitus",
          "DOMAIN_ID": "Condition",
          "STANDARD_CONCEPT_CAPTION": "Standard",
          "CONCEPT_CLASS_ID": "Clinical Finding",
          "INVALID_REASON": "V"
        },
        "includeMapped": false,
        "includeDescendants": false
      },
      {
        "isExcluded": false,
        "concept": {
          "INVALID_REASON_CAPTION": "Valid",
          "CONCEPT_ID": 443735,
          "STANDARD_CONCEPT": "S",
          "CONCEPT_CODE": "420662003",
          "VOCABULARY_ID": "SNOMED",
          "CONCEPT_NAME": "Coma due to diabetes mellitus",
          "DOMAIN_ID": "Condition",
          "STANDARD_CONCEPT_CAPTION": "Standard",
          "CONCEPT_CLASS_ID": "Clinical Finding",
          "INVALID_REASON": "V"
        },
        "includeMapped": false,
        "includeDescendants": false
      },
      {
        "isExcluded": false,
        "concept": {
          "INVALID_REASON_CAPTION": "Valid",
          "CONCEPT_ID": 443767,
          "STANDARD_CONCEPT": "S",
          "CONCEPT_CODE": "25093002",
          "VOCABULARY_ID": "SNOMED",
          "CONCEPT_NAME": "Disorder of eye due to diabetes mellitus",
          "DOMAIN_ID": "Condition",
          "STANDARD_CONCEPT_CAPTION": "Standard",
          "CONCEPT_CLASS_ID": "Clinical Finding",
          "INVALID_REASON": "V"
        },
        "includeMapped": false,
        "includeDescendants": false
      },
      {
        "isExcluded": false,
        "concept": {
          "INVALID_REASON_CAPTION": "Valid",
          "CONCEPT_ID": 4008576,
          "STANDARD_CONCEPT": "S",
          "CONCEPT_CODE": "111552007",
          "VOCABULARY_ID": "SNOMED",
          "CONCEPT_NAME": "Diabetes mellitus without complication",
          "DOMAIN_ID": "Condition",
          "STANDARD_CONCEPT_CAPTION": "Standard",
          "CONCEPT_CLASS_ID": "Clinical Finding",
          "INVALID_REASON": "V"
        },
        "includeMapped": false,
        "includeDescendants": false
      },
      {
        "isExcluded": false,
        "concept": {
          "INVALID_REASON_CAPTION": "Valid",
          "CONCEPT_ID": 4096041,
          "STANDARD_CONCEPT": "S",
          "CONCEPT_CODE": "190406000",
          "VOCABULARY_ID": "SNOMED",
          "CONCEPT_NAME": "Malnutrition-related diabetes mellitus with ketoacidosis",
          "DOMAIN_ID": "Condition",
          "STANDARD_CONCEPT_CAPTION": "Standard",
          "CONCEPT_CLASS_ID": "Clinical Finding",
          "INVALID_REASON": "V"
        },
        "includeMapped": false,
        "includeDescendants": false
      },
      {
        "isExcluded": false,
        "concept": {
          "INVALID_REASON_CAPTION": "Valid",
          "CONCEPT_ID": 4096042,
          "STANDARD_CONCEPT": "S",
          "CONCEPT_CODE": "190412005",
          "VOCABULARY_ID": "SNOMED",
          "CONCEPT_NAME": "Malnutrition-related diabetes mellitus without complications",
          "DOMAIN_ID": "Condition",
          "STANDARD_CONCEPT_CAPTION": "Standard",
          "CONCEPT_CLASS_ID": "Clinical Finding",
          "INVALID_REASON": "V"
        },
        "includeMapped": false,
        "includeDescendants": false
      },
      {
        "isExcluded": false,
        "concept": {
          "INVALID_REASON_CAPTION": "Valid",
          "CONCEPT_ID": 4096670,
          "STANDARD_CONCEPT": "S",
          "CONCEPT_CODE": "190407009",
          "VOCABULARY_ID": "SNOMED",
          "CONCEPT_NAME": "Malnutrition-related diabetes mellitus with renal complications",
          "DOMAIN_ID": "Condition",
          "STANDARD_CONCEPT_CAPTION": "Standard",
          "CONCEPT_CLASS_ID": "Clinical Finding",
          "INVALID_REASON": "V"
        },
        "includeMapped": false,
        "includeDescendants": false
      },
      {
        "isExcluded": false,
        "concept": {
          "INVALID_REASON_CAPTION": "Valid",
          "CONCEPT_ID": 4099652,
          "STANDARD_CONCEPT": "S",
          "CONCEPT_CODE": "190411003",
          "VOCABULARY_ID": "SNOMED",
          "CONCEPT_NAME": "Multiple complications due to malnutrition related diabetes",
          "DOMAIN_ID": "Condition",
          "STANDARD_CONCEPT_CAPTION": "Standard",
          "CONCEPT_CLASS_ID": "Clinical Finding",
          "INVALID_REASON": "V"
        },
        "includeMapped": false,
        "includeDescendants": false
      },
      {
        "isExcluded": false,
        "concept": {
          "INVALID_REASON_CAPTION": "Valid",
          "CONCEPT_ID": 4193704,
          "STANDARD_CONCEPT": "S",
          "CONCEPT_CODE": "313436004",
          "VOCABULARY_ID": "SNOMED",
          "CONCEPT_NAME": "Type 2 diabetes mellitus without complication",
          "DOMAIN_ID": "Condition",
          "STANDARD_CONCEPT_CAPTION": "Standard",
          "CONCEPT_CLASS_ID": "Clinical Finding",
          "INVALID_REASON": "V"
        },
        "includeMapped": false,
        "includeDescendants": false
      },
      {
        "isExcluded": false,
        "concept": {
          "INVALID_REASON_CAPTION": "Valid",
          "CONCEPT_ID": 4221933,
          "STANDARD_CONCEPT": "S",
          "CONCEPT_CODE": "420996007",
          "VOCABULARY_ID": "SNOMED",
          "CONCEPT_NAME": "Coma due to malnutrition-related diabetes mellitus",
          "DOMAIN_ID": "Condition",
          "STANDARD_CONCEPT_CAPTION": "Standard",
          "CONCEPT_CLASS_ID": "Clinical Finding",
          "INVALID_REASON": "V"
        },
        "includeMapped": false,
        "includeDescendants": false
      },
      {
        "isExcluded": false,
        "concept": {
          "INVALID_REASON_CAPTION": "Valid",
          "CONCEPT_ID": 4224419,
          "STANDARD_CONCEPT": "S",
          "CONCEPT_CODE": "421256007",
          "VOCABULARY_ID": "SNOMED",
          "CONCEPT_NAME": "Disorder of eye due to malnutrition related diabetes mellitus",
          "DOMAIN_ID": "Condition",
          "STANDARD_CONCEPT_CAPTION": "Standard",
          "CONCEPT_CLASS_ID": "Clinical Finding",
          "INVALID_REASON": "V"
        },
        "includeMapped": false,
        "includeDescendants": false
      },
      {
        "isExcluded": false,
        "concept": {
          "INVALID_REASON_CAPTION": "Valid",
          "CONCEPT_ID": 4224879,
          "STANDARD_CONCEPT": "S",
          "CONCEPT_CODE": "420683009",
          "VOCABULARY_ID": "SNOMED",
          "CONCEPT_NAME": "Disorder of nervous system due to malnutrition related diabetes mellitus",
          "DOMAIN_ID": "Condition",
          "STANDARD_CONCEPT_CAPTION": "Standard",
          "CONCEPT_CLASS_ID": "Clinical Finding",
          "INVALID_REASON": "V"
        },
        "includeMapped": false,
        "includeDescendants": false
      },
      {
        "isExcluded": false,
        "concept": {
          "INVALID_REASON_CAPTION": "Valid",
          "CONCEPT_ID": 4327944,
          "STANDARD_CONCEPT": "S",
          "CONCEPT_CODE": "75524006",
          "VOCABULARY_ID": "SNOMED",
          "CONCEPT_NAME": "Malnutrition related diabetes mellitus",
          "DOMAIN_ID": "Condition",
          "STANDARD_CONCEPT_CAPTION": "Standard",
          "CONCEPT_CLASS_ID": "Clinical Finding",
          "INVALID_REASON": "V"
        },
        "includeMapped": false,
        "includeDescendants": false
      },
      {
        "isExcluded": false,
        "concept": {
          "INVALID_REASON_CAPTION": "Valid",
          "CONCEPT_ID": 40480000,
          "STANDARD_CONCEPT": "S",
          "CONCEPT_CODE": "441628001",
          "VOCABULARY_ID": "SNOMED",
          "CONCEPT_NAME": "Multiple complications due to diabetes mellitus",
          "DOMAIN_ID": "Condition",
          "STANDARD_CONCEPT_CAPTION": "Standard",
          "CONCEPT_CLASS_ID": "Clinical Finding",
          "INVALID_REASON": "V"
        },
        "includeMapped": false,
        "includeDescendants": false
      },
      {
        "isExcluded": false,
        "concept": {
          "INVALID_REASON_CAPTION": "Valid",
          "CONCEPT_ID": 42538169,
          "STANDARD_CONCEPT": "S",
          "CONCEPT_CODE": "739681000",
          "VOCABULARY_ID": "SNOMED",
          "CONCEPT_NAME": "Disorder of eye due to type 1 diabetes mellitus",
          "DOMAIN_ID": "Condition",
          "STANDARD_CONCEPT_CAPTION": "Standard",
          "CONCEPT_CLASS_ID": "Clinical Finding",
          "INVALID_REASON": "V"
        },
        "includeMapped": false,
        "includeDescendants": false
      }
    ]},
    "name": "YSJH_L2_2all",
    "id": 0
  }],
  "cdmVersionRange": ">=5.0.0",
  "CensoringCriteria": [],
  "QualifiedLimit": {"Type": "First"},
  "InclusionRules": [],
  "PrimaryCriteria": {
    "CriteriaList": [{"ConditionOccurrence": {
      "OccurrenceEndDate": null,
      "CorrelatedCriteria": null,
      "ConditionTypeExclude": false,
      "CodesetId": 0,
      "ProviderSpecialty": null,
      "Gender": null,
      "VisitType": null,
      "First": null,
      "OccurrenceStartDate": null,
      "ConditionType": null,
      "ConditionSourceConcept": null,
      "ConditionStatus": null,
      "StopReason": null,
      "Age": null
    }}],
    "PrimaryCriteriaLimit": {"Type": "All"},
    "ObservationWindow": {
      "PostDays": 0,
      "PriorDays": 0
    }
  }
}