{
  "ExpressionLimit": {"Type": "All"},
  "CollapseSettings": {
    "CollapseType": "ERA",
    "EraPad": 0
  },
  "CensorWindow": {
    "StartDate": null,
    "EndDate": null
  },
  "ConceptSets": [{
    "expression": {"items": [
      {
        "isExcluded": false,
        "concept": {
          "INVALID_REASON_CAPTION": "Valid",
          "CONCEPT_ID": 314754,
          "STANDARD_CONCEPT": "S",
          "CONCEPT_CODE": "56018004",
          "VOCABULARY_ID": "SNOMED",
          "CONCEPT_NAME": "Wheezing",
          "DOMAIN_ID": "Condition",
          "STANDARD_CONCEPT_CAPTION": "Standard",
          "CONCEPT_CLASS_ID": "Clinical Finding",
          "INVALID_REASON": "V"
        },
        "includeMapped": false,
        "includeDescendants": false
      },
      {
        "isExcluded": false,
        "concept": {
          "INVALID_REASON_CAPTION": "Valid",
          "CONCEPT_ID": 261687,
          "STANDARD_CONCEPT": "S",
          "CONCEPT_CODE": "66857006",
          "VOCABULARY_ID": "SNOMED",
          "CONCEPT_NAME": "Hemoptysis",
          "DOMAIN_ID": "Condition",
          "STANDARD_CONCEPT_CAPTION": "Standard",
          "CONCEPT_CLASS_ID": "Clinical Finding",
          "INVALID_REASON": "V"
        },
        "includeMapped": false,
        "includeDescendants": false
      },
      {
        "isExcluded": false,
        "concept": {
          "INVALID_REASON_CAPTION": "Valid",
          "CONCEPT_ID": 194475,
          "STANDARD_CONCEPT": "S",
          "CONCEPT_CODE": "65958008",
          "VOCABULARY_ID": "SNOMED",
          "CONCEPT_NAME": "Hiccoughs",
          "DOMAIN_ID": "Condition",
          "STANDARD_CONCEPT_CAPTION": "Standard",
          "CONCEPT_CLASS_ID": "Clinical Finding",
          "INVALID_REASON": "V"
        },
        "includeMapped": false,
        "includeDescendants": false
      },
      {
        "isExcluded": false,
        "concept": {
          "INVALID_REASON_CAPTION": "Valid",
          "CONCEPT_ID": 4169095,
          "STANDARD_CONCEPT": "S",
          "CONCEPT_CODE": "48867003",
          "VOCABULARY_ID": "SNOMED",
          "CONCEPT_NAME": "Bradycardia",
          "DOMAIN_ID": "Condition",
          "STANDARD_CONCEPT_CAPTION": "Standard",
          "CONCEPT_CLASS_ID": "Clinical Finding",
          "INVALID_REASON": "V"
        },
        "includeMapped": false,
        "includeDescendants": false
      },
      {
        "isExcluded": false,
        "concept": {
          "INVALID_REASON_CAPTION": "Valid",
          "CONCEPT_ID": 439928,
          "STANDARD_CONCEPT": "S",
          "CONCEPT_CODE": "372070002",
          "VOCABULARY_ID": "SNOMED",
          "CONCEPT_NAME": "Gangrenous disorder",
          "DOMAIN_ID": "Condition",
          "STANDARD_CONCEPT_CAPTION": "Standard",
          "CONCEPT_CLASS_ID": "Clinical Finding",
          "INVALID_REASON": "V"
        },
        "includeMapped": false,
        "includeDescendants": false
      },
      {
        "isExcluded": false,
        "concept": {
          "INVALID_REASON_CAPTION": "Valid",
          "CONCEPT_ID": 77670,
          "STANDARD_CONCEPT": "S",
          "CONCEPT_CODE": "29857009",
          "VOCABULARY_ID": "SNOMED",
          "CONCEPT_NAME": "Chest pain",
          "DOMAIN_ID": "Condition",
          "STANDARD_CONCEPT_CAPTION": "Standard",
          "CONCEPT_CLASS_ID": "Clinical Finding",
          "INVALID_REASON": "V"
        },
        "includeMapped": false,
        "includeDescendants": false
      },
      {
        "isExcluded": false,
        "concept": {
          "INVALID_REASON_CAPTION": "Valid",
          "CONCEPT_ID": 78786,
          "STANDARD_CONCEPT": "S",
          "CONCEPT_CODE": "196075003",
          "VOCABULARY_ID": "SNOMED",
          "CONCEPT_NAME": "Pleurisy",
          "DOMAIN_ID": "Condition",
          "STANDARD_CONCEPT_CAPTION": "Standard",
          "CONCEPT_CLASS_ID": "Clinical Finding",
          "INVALID_REASON": "V"
        },
        "includeMapped": false,
        "includeDescendants": false
      },
      {
        "isExcluded": false,
        "concept": {
          "INVALID_REASON_CAPTION": "Valid",
          "CONCEPT_ID": 134159,
          "STANDARD_CONCEPT": "S",
          "CONCEPT_CODE": "71884009",
          "VOCABULARY_ID": "SNOMED",
          "CONCEPT_NAME": "Precordial pain",
          "DOMAIN_ID": "Condition",
          "STANDARD_CONCEPT_CAPTION": "Standard",
          "CONCEPT_CLASS_ID": "Clinical Finding",
          "INVALID_REASON": "V"
        },
        "includeMapped": false,
        "includeDescendants": false
      },
      {
        "isExcluded": false,
        "concept": {
          "INVALID_REASON_CAPTION": "Valid",
          "CONCEPT_ID": 141693,
          "STANDARD_CONCEPT": "S",
          "CONCEPT_CODE": "371622005",
          "VOCABULARY_ID": "SNOMED",
          "CONCEPT_NAME": "Elevated blood-pressure reading without diagnosis of hypertension",
          "DOMAIN_ID": "Observation",
          "STANDARD_CONCEPT_CAPTION": "Standard",
          "CONCEPT_CLASS_ID": "Clinical Finding",
          "INVALID_REASON": "V"
        },
        "includeMapped": false,
        "includeDescendants": false
      },
      {
        "isExcluded": false,
        "concept": {
          "INVALID_REASON_CAPTION": "Valid",
          "CONCEPT_ID": 253321,
          "STANDARD_CONCEPT": "S",
          "CONCEPT_CODE": "70407001",
          "VOCABULARY_ID": "SNOMED",
          "CONCEPT_NAME": "Stridor",
          "DOMAIN_ID": "Condition",
          "STANDARD_CONCEPT_CAPTION": "Standard",
          "CONCEPT_CLASS_ID": "Clinical Finding",
          "INVALID_REASON": "V"
        },
        "includeMapped": false,
        "includeDescendants": false
      },
      {
        "isExcluded": false,
        "concept": {
          "INVALID_REASON_CAPTION": "Valid",
          "CONCEPT_ID": 254761,
          "STANDARD_CONCEPT": "S",
          "CONCEPT_CODE": "49727002",
          "VOCABULARY_ID": "SNOMED",
          "CONCEPT_NAME": "Cough",
          "DOMAIN_ID": "Condition",
          "STANDARD_CONCEPT_CAPTION": "Standard",
          "CONCEPT_CLASS_ID": "Clinical Finding",
          "INVALID_REASON": "V"
        },
        "includeMapped": false,
        "includeDescendants": false
      },
      {
        "isExcluded": false,
        "concept": {
          "INVALID_REASON_CAPTION": "Valid",
          "CONCEPT_ID": 259153,
          "STANDARD_CONCEPT": "S",
          "CONCEPT_CODE": "162397003",
          "VOCABULARY_ID": "SNOMED",
          "CONCEPT_NAME": "Pain in throat",
          "DOMAIN_ID": "Condition",
          "STANDARD_CONCEPT_CAPTION": "Standard",
          "CONCEPT_CLASS_ID": "Clinical Finding",
          "INVALID_REASON": "V"
        },
        "includeMapped": false,
        "includeDescendants": false
      },
      {
        "isExcluded": false,
        "concept": {
          "INVALID_REASON_CAPTION": "Valid",
          "CONCEPT_ID": 312437,
          "STANDARD_CONCEPT": "S",
          "CONCEPT_CODE": "267036007",
          "VOCABULARY_ID": "SNOMED",
          "CONCEPT_NAME": "Dyspnea",
          "DOMAIN_ID": "Condition",
          "STANDARD_CONCEPT_CAPTION": "Standard",
          "CONCEPT_CLASS_ID": "Clinical Finding",
          "INVALID_REASON": "V"
        },
        "includeMapped": false,
        "includeDescendants": false
      },
      {
        "isExcluded": false,
        "concept": {
          "INVALID_REASON_CAPTION": "Valid",
          "CONCEPT_ID": 314171,
          "STANDARD_CONCEPT": "S",
          "CONCEPT_CODE": "271870002",
          "VOCABULARY_ID": "SNOMED",
          "CONCEPT_NAME": "Low blood pressure reading",
          "DOMAIN_ID": "Condition",
          "STANDARD_CONCEPT_CAPTION": "Standard",
          "CONCEPT_CLASS_ID": "Clinical Finding",
          "INVALID_REASON": "V"
        },
        "includeMapped": false,
        "includeDescendants": false
      },
      {
        "isExcluded": false,
        "concept": {
          "INVALID_REASON_CAPTION": "Valid",
          "CONCEPT_ID": 315078,
          "STANDARD_CONCEPT": "S",
          "CONCEPT_CODE": "80313002",
          "VOCABULARY_ID": "SNOMED",
          "CONCEPT_NAME": "Palpitations",
          "DOMAIN_ID": "Condition",
          "STANDARD_CONCEPT_CAPTION": "Standard",
          "CONCEPT_CLASS_ID": "Clinical Finding",
          "INVALID_REASON": "V"
        },
        "includeMapped": false,
        "includeDescendants": false
      },
      {
        "isExcluded": false,
        "concept": {
          "INVALID_REASON_CAPTION": "Valid",
          "CONCEPT_ID": 315531,
          "STANDARD_CONCEPT": "S",
          "CONCEPT_CODE": "271824009",
          "VOCABULARY_ID": "SNOMED",
          "CONCEPT_NAME": "Respiration intermittent",
          "DOMAIN_ID": "Condition",
          "STANDARD_CONCEPT_CAPTION": "Standard",
          "CONCEPT_CLASS_ID": "Clinical Finding",
          "INVALID_REASON": "V"
        },
        "includeMapped": false,
        "includeDescendants": false
      },
      {
        "isExcluded": false,
        "concept": {
          "INVALID_REASON_CAPTION": "Valid",
          "CONCEPT_ID": 316814,
          "STANDARD_CONCEPT": "S",
          "CONCEPT_CODE": "68978004",
          "VOCABULARY_ID": "SNOMED",
          "CONCEPT_NAME": "Hyperventilation",
          "DOMAIN_ID": "Condition",
          "STANDARD_CONCEPT_CAPTION": "Standard",
          "CONCEPT_CLASS_ID": "Clinical Finding",
          "INVALID_REASON": "V"
        },
        "includeMapped": false,
        "includeDescendants": false
      },
      {
        "isExcluded": false,
        "concept": {
          "INVALID_REASON_CAPTION": "Valid",
          "CONCEPT_ID": 316822,
          "STANDARD_CONCEPT": "S",
          "CONCEPT_CODE": "88610006",
          "VOCABULARY_ID": "SNOMED",
          "CONCEPT_NAME": "Heart murmur",
          "DOMAIN_ID": "Condition",
          "STANDARD_CONCEPT_CAPTION": "Standard",
          "CONCEPT_CLASS_ID": "Clinical Finding",
          "INVALID_REASON": "V"
        },
        "includeMapped": false,
        "includeDescendants": false
      },
      {
        "isExcluded": false,
        "concept": {
          "INVALID_REASON_CAPTION": "Valid",
          "CONCEPT_ID": 317109,
          "STANDARD_CONCEPT": "S",
          "CONCEPT_CODE": "87317003",
          "VOCABULARY_ID": "SNOMED",
          "CONCEPT_NAME": "Respiratory arrest",
          "DOMAIN_ID": "Condition",
          "STANDARD_CONCEPT_CAPTION": "Standard",
          "CONCEPT_CLASS_ID": "Clinical Finding",
          "INVALID_REASON": "V"
        },
        "includeMapped": false,
        "includeDescendants": false
      },
      {
        "isExcluded": false,
        "concept": {
          "INVALID_REASON_CAPTION": "Valid",
          "CONCEPT_ID": 433596,
          "STANDARD_CONCEPT": "S",
          "CONCEPT_CODE": "274708000",
          "VOCABULARY_ID": "SNOMED",
          "CONCEPT_NAME": "Abnormal sputum",
          "DOMAIN_ID": "Condition",
          "STANDARD_CONCEPT_CAPTION": "Standard",
          "CONCEPT_CLASS_ID": "Clinical Finding",
          "INVALID_REASON": "V"
        },
        "includeMapped": false,
        "includeDescendants": false
      },
      {
        "isExcluded": false,
        "concept": {
          "INVALID_REASON_CAPTION": "Valid",
          "CONCEPT_ID": 444070,
          "STANDARD_CONCEPT": "S",
          "CONCEPT_CODE": "3424008",
          "VOCABULARY_ID": "SNOMED",
          "CONCEPT_NAME": "Tachycardia",
          "DOMAIN_ID": "Condition",
          "STANDARD_CONCEPT_CAPTION": "Standard",
          "CONCEPT_CLASS_ID": "Clinical Finding",
          "INVALID_REASON": "V"
        },
        "includeMapped": false,
        "includeDescendants": false
      },
      {
        "isExcluded": false,
        "concept": {
          "INVALID_REASON_CAPTION": "Valid",
          "CONCEPT_ID": 4042140,
          "STANDARD_CONCEPT": "S",
          "CONCEPT_CODE": "118234003",
          "VOCABULARY_ID": "SNOMED",
          "CONCEPT_NAME": "Finding by site",
          "DOMAIN_ID": "Condition",
          "STANDARD_CONCEPT_CAPTION": "Standard",
          "CONCEPT_CLASS_ID": "Clinical Finding",
          "INVALID_REASON": "V"
        },
        "includeMapped": false,
        "includeDescendants": false
      },
      {
        "isExcluded": false,
        "concept": {
          "INVALID_REASON_CAPTION": "Valid",
          "CONCEPT_ID": 4096682,
          "STANDARD_CONCEPT": "S",
          "CONCEPT_CODE": "249366005",
          "VOCABULARY_ID": "SNOMED",
          "CONCEPT_NAME": "Bleeding from nose",
          "DOMAIN_ID": "Condition",
          "STANDARD_CONCEPT_CAPTION": "Standard",
          "CONCEPT_CLASS_ID": "Clinical Finding",
          "INVALID_REASON": "V"
        },
        "includeMapped": false,
        "includeDescendants": false
      },
      {
        "isExcluded": false,
        "concept": {
          "INVALID_REASON_CAPTION": "Valid",
          "CONCEPT_ID": 4114164,
          "STANDARD_CONCEPT": "S",
          "CONCEPT_CODE": "301126002",
          "VOCABULARY_ID": "SNOMED",
          "CONCEPT_NAME": "Finding of heart sounds",
          "DOMAIN_ID": "Condition",
          "STANDARD_CONCEPT_CAPTION": "Standard",
          "CONCEPT_CLASS_ID": "Clinical Finding",
          "INVALID_REASON": "V"
        },
        "includeMapped": false,
        "includeDescendants": false
      },
      {
        "isExcluded": false,
        "concept": {
          "INVALID_REASON_CAPTION": "Valid",
          "CONCEPT_ID": 4132926,
          "STANDARD_CONCEPT": "S",
          "CONCEPT_CODE": "279001004",
          "VOCABULARY_ID": "SNOMED",
          "CONCEPT_NAME": "Pain finding at anatomical site",
          "DOMAIN_ID": "Condition",
          "STANDARD_CONCEPT_CAPTION": "Standard",
          "CONCEPT_CLASS_ID": "Clinical Finding",
          "INVALID_REASON": "V"
        },
        "includeMapped": false,
        "includeDescendants": false
      },
      {
        "isExcluded": false,
        "concept": {
          "INVALID_REASON_CAPTION": "Valid",
          "CONCEPT_ID": 4145848,
          "STANDARD_CONCEPT": "S",
          "CONCEPT_CODE": "426975008",
          "VOCABULARY_ID": "SNOMED",
          "CONCEPT_NAME": "ECG: pulseless electrical activity",
          "DOMAIN_ID": "Condition",
          "STANDARD_CONCEPT_CAPTION": "Standard",
          "CONCEPT_CLASS_ID": "Clinical Finding",
          "INVALID_REASON": "V"
        },
        "includeMapped": false,
        "includeDescendants": false
      },
      {
        "isExcluded": false,
        "concept": {
          "INVALID_REASON_CAPTION": "Valid",
          "CONCEPT_ID": 4168213,
          "STANDARD_CONCEPT": "S",
          "CONCEPT_CODE": "274664007",
          "VOCABULARY_ID": "SNOMED",
          "CONCEPT_NAME": "Chest pain on breathing",
          "DOMAIN_ID": "Condition",
          "STANDARD_CONCEPT_CAPTION": "Standard",
          "CONCEPT_CLASS_ID": "Clinical Finding",
          "INVALID_REASON": "V"
        },
        "includeMapped": false,
        "includeDescendants": false
      },
      {
        "isExcluded": false,
        "concept": {
          "INVALID_REASON_CAPTION": "Valid",
          "CONCEPT_ID": 4180628,
          "STANDARD_CONCEPT": "S",
          "CONCEPT_CODE": "362965005",
          "VOCABULARY_ID": "SNOMED",
          "CONCEPT_NAME": "Disorder of body system",
          "DOMAIN_ID": "Condition",
          "STANDARD_CONCEPT_CAPTION": "Standard",
          "CONCEPT_CLASS_ID": "Clinical Finding",
          "INVALID_REASON": "V"
        },
        "includeMapped": false,
        "includeDescendants": false
      },
      {
        "isExcluded": false,
        "concept": {
          "INVALID_REASON_CAPTION": "Valid",
          "CONCEPT_ID": 4208719,
          "STANDARD_CONCEPT": "S",
          "CONCEPT_CODE": "324618004",
          "VOCABULARY_ID": "SNOMED",
          "CONCEPT_NAME": "Pharyngeal hemorrhage",
          "DOMAIN_ID": "Condition",
          "STANDARD_CONCEPT_CAPTION": "Standard",
          "CONCEPT_CLASS_ID": "Clinical Finding",
          "INVALID_REASON": "V"
        },
        "includeMapped": false,
        "includeDescendants": false
      },
      {
        "isExcluded": false,
        "concept": {
          "INVALID_REASON_CAPTION": "Valid",
          "CONCEPT_ID": 4262562,
          "STANDARD_CONCEPT": "S",
          "CONCEPT_CODE": "361136003",
          "VOCABULARY_ID": "SNOMED",
          "CONCEPT_NAME": "Abnormal heart beat",
          "DOMAIN_ID": "Condition",
          "STANDARD_CONCEPT_CAPTION": "Standard",
          "CONCEPT_CLASS_ID": "Clinical Finding",
          "INVALID_REASON": "V"
        },
        "includeMapped": false,
        "includeDescendants": false
      },
      {
        "isExcluded": false,
        "concept": {
          "INVALID_REASON_CAPTION": "Valid",
          "CONCEPT_ID": 4298207,
          "STANDARD_CONCEPT": "S",
          "CONCEPT_CODE": "77329001",
          "VOCABULARY_ID": "SNOMED",
          "CONCEPT_NAME": "Mouth breathing",
          "DOMAIN_ID": "Condition",
          "STANDARD_CONCEPT_CAPTION": "Standard",
          "CONCEPT_CLASS_ID": "Clinical Finding",
          "INVALID_REASON": "V"
        },
        "includeMapped": false,
        "includeDescendants": false
      },
      {
        "isExcluded": false,
        "concept": {
          "INVALID_REASON_CAPTION": "Valid",
          "CONCEPT_ID": 4305080,
          "STANDARD_CONCEPT": "S",
          "CONCEPT_CODE": "386813002",
          "VOCABULARY_ID": "SNOMED",
          "CONCEPT_NAME": "Abnormal breathing",
          "DOMAIN_ID": "Condition",
          "STANDARD_CONCEPT_CAPTION": "Standard",
          "CONCEPT_CLASS_ID": "Clinical Finding",
          "INVALID_REASON": "V"
        },
        "includeMapped": false,
        "includeDescendants": false
      },
      {
        "isExcluded": false,
        "concept": {
          "INVALID_REASON_CAPTION": "Valid",
          "CONCEPT_ID": 4305577,
          "STANDARD_CONCEPT": "S",
          "CONCEPT_CODE": "38936003",
          "VOCABULARY_ID": "SNOMED",
          "CONCEPT_NAME": "Abnormal blood pressure",
          "DOMAIN_ID": "Condition",
          "STANDARD_CONCEPT_CAPTION": "Standard",
          "CONCEPT_CLASS_ID": "Clinical Finding",
          "INVALID_REASON": "V"
        },
        "includeMapped": false,
        "includeDescendants": false
      },
      {
        "isExcluded": false,
        "concept": {
          "INVALID_REASON_CAPTION": "Valid",
          "CONCEPT_ID": 4317284,
          "STANDARD_CONCEPT": "S",
          "CONCEPT_CODE": "95431003",
          "VOCABULARY_ID": "SNOMED",
          "CONCEPT_NAME": "Respiratory tract hemorrhage",
          "DOMAIN_ID": "Condition",
          "STANDARD_CONCEPT_CAPTION": "Standard",
          "CONCEPT_CLASS_ID": "Clinical Finding",
          "INVALID_REASON": "V"
        },
        "includeMapped": false,
        "includeDescendants": false
      },
      {
        "isExcluded": false,
        "concept": {
          "INVALID_REASON_CAPTION": "Valid",
          "CONCEPT_ID": 4328356,
          "STANDARD_CONCEPT": "S",
          "CONCEPT_CODE": "76067001",
          "VOCABULARY_ID": "SNOMED",
          "CONCEPT_NAME": "Sneezing",
          "DOMAIN_ID": "Condition",
          "STANDARD_CONCEPT_CAPTION": "Standard",
          "CONCEPT_CLASS_ID": "Clinical Finding",
          "INVALID_REASON": "V"
        },
        "includeMapped": false,
        "includeDescendants": false
      }
    ]},
    "name": "YSJH_L2_12all",
    "id": 0
  }],
  "cdmVersionRange": ">=5.0.0",
  "CensoringCriteria": [],
  "QualifiedLimit": {"Type": "First"},
  "InclusionRules": [],
  "PrimaryCriteria": {
    "CriteriaList": [{"ConditionOccurrence": {
      "OccurrenceEndDate": null,
      "CorrelatedCriteria": null,
      "ConditionTypeExclude": false,
      "CodesetId": 0,
      "ProviderSpecialty": null,
      "Gender": null,
      "VisitType": null,
      "First": null,
      "OccurrenceStartDate": null,
      "ConditionType": null,
      "ConditionSourceConcept": null,
      "ConditionStatus": null,
      "StopReason": null,
      "Age": null
    }}],
    "PrimaryCriteriaLimit": {"Type": "All"},
    "ObservationWindow": {
      "PostDays": 0,
      "PriorDays": 0
    }
  }
}