{
  "ExpressionLimit": {"Type": "All"},
  "CollapseSettings": {
    "CollapseType": "ERA",
    "EraPad": 0
  },
  "CensorWindow": {
    "StartDate": null,
    "EndDate": null
  },
  "ConceptSets": [{
    "expression": {"items": [
      {
        "isExcluded": false,
        "concept": {
          "INVALID_REASON_CAPTION": "Valid",
          "CONCEPT_ID": 255573,
          "STANDARD_CONCEPT": "S",
          "CONCEPT_CODE": "13645005",
          "VOCABULARY_ID": "SNOMED",
          "CONCEPT_NAME": "Chronic obstructive lung disease",
          "DOMAIN_ID": "Condition",
          "STANDARD_CONCEPT_CAPTION": "Standard",
          "CONCEPT_CLASS_ID": "Clinical Finding",
          "INVALID_REASON": "V"
        },
        "includeMapped": false,
        "includeDescendants": false
      },
      {
        "isExcluded": false,
        "concept": {
          "INVALID_REASON_CAPTION": "Valid",
          "CONCEPT_ID": 255841,
          "STANDARD_CONCEPT": "S",
          "CONCEPT_CODE": "63480004",
          "VOCABULARY_ID": "SNOMED",
          "CONCEPT_NAME": "Chronic bronchitis",
          "DOMAIN_ID": "Condition",
          "STANDARD_CONCEPT_CAPTION": "Standard",
          "CONCEPT_CLASS_ID": "Clinical Finding",
          "INVALID_REASON": "V"
        },
        "includeMapped": false,
        "includeDescendants": false
      },
      {
        "isExcluded": false,
        "concept": {
          "INVALID_REASON_CAPTION": "Valid",
          "CONCEPT_ID": 256449,
          "STANDARD_CONCEPT": "S",
          "CONCEPT_CODE": "12295008",
          "VOCABULARY_ID": "SNOMED",
          "CONCEPT_NAME": "Bronchiectasis",
          "DOMAIN_ID": "Condition",
          "STANDARD_CONCEPT_CAPTION": "Standard",
          "CONCEPT_CLASS_ID": "Clinical Finding",
          "INVALID_REASON": "V"
        },
        "includeMapped": false,
        "includeDescendants": false
      },
      {
        "isExcluded": false,
        "concept": {
          "INVALID_REASON_CAPTION": "Valid",
          "CONCEPT_ID": 256451,
          "STANDARD_CONCEPT": "S",
          "CONCEPT_CODE": "32398004",
          "VOCABULARY_ID": "SNOMED",
          "CONCEPT_NAME": "Bronchitis",
          "DOMAIN_ID": "Condition",
          "STANDARD_CONCEPT_CAPTION": "Standard",
          "CONCEPT_CLASS_ID": "Clinical Finding",
          "INVALID_REASON": "V"
        },
        "includeMapped": false,
        "includeDescendants": false
      },
      {
        "isExcluded": false,
        "concept": {
          "INVALID_REASON_CAPTION": "Valid",
          "CONCEPT_ID": 257004,
          "STANDARD_CONCEPT": "S",
          "CONCEPT_CODE": "195951007",
          "VOCABULARY_ID": "SNOMED",
          "CONCEPT_NAME": "Acute exacerbation of chronic obstructive airways disease",
          "DOMAIN_ID": "Condition",
          "STANDARD_CONCEPT_CAPTION": "Standard",
          "CONCEPT_CLASS_ID": "Clinical Finding",
          "INVALID_REASON": "V"
        },
        "includeMapped": false,
        "includeDescendants": false
      },
      {
        "isExcluded": false,
        "concept": {
          "INVALID_REASON_CAPTION": "Valid",
          "CONCEPT_ID": 257905,
          "STANDARD_CONCEPT": "S",
          "CONCEPT_CODE": "74417001",
          "VOCABULARY_ID": "SNOMED",
          "CONCEPT_NAME": "Mucopurulent chronic bronchitis",
          "DOMAIN_ID": "Condition",
          "STANDARD_CONCEPT_CAPTION": "Standard",
          "CONCEPT_CLASS_ID": "Clinical Finding",
          "INVALID_REASON": "V"
        },
        "includeMapped": false,
        "includeDescendants": false
      },
      {
        "isExcluded": false,
        "concept": {
          "INVALID_REASON_CAPTION": "Valid",
          "CONCEPT_ID": 261325,
          "STANDARD_CONCEPT": "S",
          "CONCEPT_CODE": "87433001",
          "VOCABULARY_ID": "SNOMED",
          "CONCEPT_NAME": "Pulmonary emphysema",
          "DOMAIN_ID": "Condition",
          "STANDARD_CONCEPT_CAPTION": "Standard",
          "CONCEPT_CLASS_ID": "Clinical Finding",
          "INVALID_REASON": "V"
        },
        "includeMapped": false,
        "includeDescendants": false
      },
      {
        "isExcluded": false,
        "concept": {
          "INVALID_REASON_CAPTION": "Valid",
          "CONCEPT_ID": 261889,
          "STANDARD_CONCEPT": "S",
          "CONCEPT_CODE": "61937009",
          "VOCABULARY_ID": "SNOMED",
          "CONCEPT_NAME": "Simple chronic bronchitis",
          "DOMAIN_ID": "Condition",
          "STANDARD_CONCEPT_CAPTION": "Standard",
          "CONCEPT_CLASS_ID": "Clinical Finding",
          "INVALID_REASON": "V"
        },
        "includeMapped": false,
        "includeDescendants": false
      },
      {
        "isExcluded": false,
        "concept": {
          "INVALID_REASON_CAPTION": "Valid",
          "CONCEPT_ID": 313236,
          "STANDARD_CONCEPT": "S",
          "CONCEPT_CODE": "409663006",
          "VOCABULARY_ID": "SNOMED",
          "CONCEPT_NAME": "Cough variant asthma",
          "DOMAIN_ID": "Condition",
          "STANDARD_CONCEPT_CAPTION": "Standard",
          "CONCEPT_CLASS_ID": "Clinical Finding",
          "INVALID_REASON": "V"
        },
        "includeMapped": false,
        "includeDescendants": false
      },
      {
        "isExcluded": false,
        "concept": {
          "INVALID_REASON_CAPTION": "Valid",
          "CONCEPT_ID": 317009,
          "STANDARD_CONCEPT": "S",
          "CONCEPT_CODE": "195967001",
          "VOCABULARY_ID": "SNOMED",
          "CONCEPT_NAME": "Asthma",
          "DOMAIN_ID": "Condition",
          "STANDARD_CONCEPT_CAPTION": "Standard",
          "CONCEPT_CLASS_ID": "Clinical Finding",
          "INVALID_REASON": "V"
        },
        "includeMapped": false,
        "includeDescendants": false
      },
      {
        "isExcluded": false,
        "concept": {
          "INVALID_REASON_CAPTION": "Valid",
          "CONCEPT_ID": 4110051,
          "STANDARD_CONCEPT": "S",
          "CONCEPT_CODE": "195977004",
          "VOCABULARY_ID": "SNOMED",
          "CONCEPT_NAME": "Mixed asthma",
          "DOMAIN_ID": "Condition",
          "STANDARD_CONCEPT_CAPTION": "Standard",
          "CONCEPT_CLASS_ID": "Clinical Finding",
          "INVALID_REASON": "V"
        },
        "includeMapped": false,
        "includeDescendants": false
      },
      {
        "isExcluded": false,
        "concept": {
          "INVALID_REASON_CAPTION": "Valid",
          "CONCEPT_ID": 4110056,
          "STANDARD_CONCEPT": "S",
          "CONCEPT_CODE": "196001008",
          "VOCABULARY_ID": "SNOMED",
          "CONCEPT_NAME": "Chronic obstructive pulmonary disease with acute lower respiratory infection",
          "DOMAIN_ID": "Condition",
          "STANDARD_CONCEPT_CAPTION": "Standard",
          "CONCEPT_CLASS_ID": "Clinical Finding",
          "INVALID_REASON": "V"
        },
        "includeMapped": false,
        "includeDescendants": false
      },
      {
        "isExcluded": false,
        "concept": {
          "INVALID_REASON_CAPTION": "Valid",
          "CONCEPT_ID": 4112826,
          "STANDARD_CONCEPT": "S",
          "CONCEPT_CODE": "195953005",
          "VOCABULARY_ID": "SNOMED",
          "CONCEPT_NAME": "Mixed simple and mucopurulent chronic bronchitis",
          "DOMAIN_ID": "Condition",
          "STANDARD_CONCEPT_CAPTION": "Standard",
          "CONCEPT_CLASS_ID": "Clinical Finding",
          "INVALID_REASON": "V"
        },
        "includeMapped": false,
        "includeDescendants": false
      },
      {
        "isExcluded": false,
        "concept": {
          "INVALID_REASON_CAPTION": "Valid",
          "CONCEPT_ID": 4142738,
          "STANDARD_CONCEPT": "S",
          "CONCEPT_CODE": "427295004",
          "VOCABULARY_ID": "SNOMED",
          "CONCEPT_NAME": "Moderate persistent asthma",
          "DOMAIN_ID": "Condition",
          "STANDARD_CONCEPT_CAPTION": "Standard",
          "CONCEPT_CLASS_ID": "Clinical Finding",
          "INVALID_REASON": "V"
        },
        "includeMapped": false,
        "includeDescendants": false
      },
      {
        "isExcluded": false,
        "concept": {
          "INVALID_REASON_CAPTION": "Valid",
          "CONCEPT_ID": 4143828,
          "STANDARD_CONCEPT": "S",
          "CONCEPT_CODE": "426979002",
          "VOCABULARY_ID": "SNOMED",
          "CONCEPT_NAME": "Mild persistent asthma",
          "DOMAIN_ID": "Condition",
          "STANDARD_CONCEPT_CAPTION": "Standard",
          "CONCEPT_CLASS_ID": "Clinical Finding",
          "INVALID_REASON": "V"
        },
        "includeMapped": false,
        "includeDescendants": false
      },
      {
        "isExcluded": false,
        "concept": {
          "INVALID_REASON_CAPTION": "Valid",
          "CONCEPT_ID": 4145356,
          "STANDARD_CONCEPT": "S",
          "CONCEPT_CODE": "426656000",
          "VOCABULARY_ID": "SNOMED",
          "CONCEPT_NAME": "Severe persistent asthma",
          "DOMAIN_ID": "Condition",
          "STANDARD_CONCEPT_CAPTION": "Standard",
          "CONCEPT_CLASS_ID": "Clinical Finding",
          "INVALID_REASON": "V"
        },
        "includeMapped": false,
        "includeDescendants": false
      },
      {
        "isExcluded": false,
        "concept": {
          "INVALID_REASON_CAPTION": "Valid",
          "CONCEPT_ID": 4145497,
          "STANDARD_CONCEPT": "S",
          "CONCEPT_CODE": "266361008",
          "VOCABULARY_ID": "SNOMED",
          "CONCEPT_NAME": "Intrinsic asthma",
          "DOMAIN_ID": "Condition",
          "STANDARD_CONCEPT_CAPTION": "Standard",
          "CONCEPT_CLASS_ID": "Clinical Finding",
          "INVALID_REASON": "V"
        },
        "includeMapped": false,
        "includeDescendants": false
      },
      {
        "isExcluded": false,
        "concept": {
          "INVALID_REASON_CAPTION": "Valid",
          "CONCEPT_ID": 4163244,
          "STANDARD_CONCEPT": "S",
          "CONCEPT_CODE": "45145000",
          "VOCABULARY_ID": "SNOMED",
          "CONCEPT_NAME": "Unilateral emphysema",
          "DOMAIN_ID": "Observation",
          "STANDARD_CONCEPT_CAPTION": "Standard",
          "CONCEPT_CLASS_ID": "Clinical Finding",
          "INVALID_REASON": "V"
        },
        "includeMapped": false,
        "includeDescendants": false
      },
      {
        "isExcluded": false,
        "concept": {
          "INVALID_REASON_CAPTION": "Valid",
          "CONCEPT_ID": 4177944,
          "STANDARD_CONCEPT": "S",
          "CONCEPT_CODE": "4981000",
          "VOCABULARY_ID": "SNOMED",
          "CONCEPT_NAME": "Panacinar emphysema",
          "DOMAIN_ID": "Condition",
          "STANDARD_CONCEPT_CAPTION": "Standard",
          "CONCEPT_CLASS_ID": "Clinical Finding",
          "INVALID_REASON": "V"
        },
        "includeMapped": false,
        "includeDescendants": false
      },
      {
        "isExcluded": false,
        "concept": {
          "INVALID_REASON_CAPTION": "Valid",
          "CONCEPT_ID": 4191479,
          "STANDARD_CONCEPT": "S",
          "CONCEPT_CODE": "389145006",
          "VOCABULARY_ID": "SNOMED",
          "CONCEPT_NAME": "Allergic asthma",
          "DOMAIN_ID": "Condition",
          "STANDARD_CONCEPT_CAPTION": "Standard",
          "CONCEPT_CLASS_ID": "Clinical Finding",
          "INVALID_REASON": "V"
        },
        "includeMapped": false,
        "includeDescendants": false
      },
      {
        "isExcluded": false,
        "concept": {
          "INVALID_REASON_CAPTION": "Valid",
          "CONCEPT_ID": 4193588,
          "STANDARD_CONCEPT": "S",
          "CONCEPT_CODE": "313297008",
          "VOCABULARY_ID": "SNOMED",
          "CONCEPT_NAME": "Moderate chronic obstructive pulmonary disease",
          "DOMAIN_ID": "Condition",
          "STANDARD_CONCEPT_CAPTION": "Standard",
          "CONCEPT_CLASS_ID": "Clinical Finding",
          "INVALID_REASON": "V"
        },
        "includeMapped": false,
        "includeDescendants": false
      },
      {
        "isExcluded": false,
        "concept": {
          "INVALID_REASON_CAPTION": "Valid",
          "CONCEPT_ID": 4196712,
          "STANDARD_CONCEPT": "S",
          "CONCEPT_CODE": "313296004",
          "VOCABULARY_ID": "SNOMED",
          "CONCEPT_NAME": "Mild chronic obstructive pulmonary disease",
          "DOMAIN_ID": "Condition",
          "STANDARD_CONCEPT_CAPTION": "Standard",
          "CONCEPT_CLASS_ID": "Clinical Finding",
          "INVALID_REASON": "V"
        },
        "includeMapped": false,
        "includeDescendants": false
      },
      {
        "isExcluded": false,
        "concept": {
          "INVALID_REASON_CAPTION": "Valid",
          "CONCEPT_ID": 4209097,
          "STANDARD_CONCEPT": "S",
          "CONCEPT_CODE": "313299006",
          "VOCABULARY_ID": "SNOMED",
          "CONCEPT_NAME": "Severe chronic obstructive pulmonary disease",
          "DOMAIN_ID": "Condition",
          "STANDARD_CONCEPT_CAPTION": "Standard",
          "CONCEPT_CLASS_ID": "Clinical Finding",
          "INVALID_REASON": "V"
        },
        "includeMapped": false,
        "includeDescendants": false
      },
      {
        "isExcluded": false,
        "concept": {
          "INVALID_REASON_CAPTION": "Valid",
          "CONCEPT_ID": 4212099,
          "STANDARD_CONCEPT": "S",
          "CONCEPT_CODE": "57607007",
          "VOCABULARY_ID": "SNOMED",
          "CONCEPT_NAME": "Occupational asthma",
          "DOMAIN_ID": "Condition",
          "STANDARD_CONCEPT_CAPTION": "Standard",
          "CONCEPT_CLASS_ID": "Clinical Finding",
          "INVALID_REASON": "V"
        },
        "includeMapped": false,
        "includeDescendants": false
      },
      {
        "isExcluded": false,
        "concept": {
          "INVALID_REASON_CAPTION": "Valid",
          "CONCEPT_ID": 4286497,
          "STANDARD_CONCEPT": "S",
          "CONCEPT_CODE": "68328006",
          "VOCABULARY_ID": "SNOMED",
          "CONCEPT_NAME": "Centriacinar emphysema",
          "DOMAIN_ID": "Condition",
          "STANDARD_CONCEPT_CAPTION": "Standard",
          "CONCEPT_CLASS_ID": "Clinical Finding",
          "INVALID_REASON": "V"
        },
        "includeMapped": false,
        "includeDescendants": false
      },
      {
        "isExcluded": false,
        "concept": {
          "INVALID_REASON_CAPTION": "Valid",
          "CONCEPT_ID": 37116845,
          "STANDARD_CONCEPT": "S",
          "CONCEPT_CODE": "733858005",
          "VOCABULARY_ID": "SNOMED",
          "CONCEPT_NAME": "Acute severe refractory exacerbation of asthma",
          "DOMAIN_ID": "Condition",
          "STANDARD_CONCEPT_CAPTION": "Standard",
          "CONCEPT_CLASS_ID": "Clinical Finding",
          "INVALID_REASON": "V"
        },
        "includeMapped": false,
        "includeDescendants": false
      },
      {
        "isExcluded": false,
        "concept": {
          "INVALID_REASON_CAPTION": "Valid",
          "CONCEPT_ID": 46269770,
          "STANDARD_CONCEPT": "S",
          "CONCEPT_CODE": "10675431000119106",
          "VOCABULARY_ID": "SNOMED",
          "CONCEPT_NAME": "Severe persistent allergic asthma",
          "DOMAIN_ID": "Condition",
          "STANDARD_CONCEPT_CAPTION": "Standard",
          "CONCEPT_CLASS_ID": "Clinical Finding",
          "INVALID_REASON": "V"
        },
        "includeMapped": false,
        "includeDescendants": false
      },
      {
        "isExcluded": false,
        "concept": {
          "INVALID_REASON_CAPTION": "Valid",
          "CONCEPT_ID": 46269776,
          "STANDARD_CONCEPT": "S",
          "CONCEPT_CODE": "10675871000119106",
          "VOCABULARY_ID": "SNOMED",
          "CONCEPT_NAME": "Mild persistent allergic asthma",
          "DOMAIN_ID": "Condition",
          "STANDARD_CONCEPT_CAPTION": "Standard",
          "CONCEPT_CLASS_ID": "Clinical Finding",
          "INVALID_REASON": "V"
        },
        "includeMapped": false,
        "includeDescendants": false
      },
      {
        "isExcluded": false,
        "concept": {
          "INVALID_REASON_CAPTION": "Valid",
          "CONCEPT_ID": 46269784,
          "STANDARD_CONCEPT": "S",
          "CONCEPT_CODE": "10676391000119108",
          "VOCABULARY_ID": "SNOMED",
          "CONCEPT_NAME": "Moderate persistent allergic asthma",
          "DOMAIN_ID": "Condition",
          "STANDARD_CONCEPT_CAPTION": "Standard",
          "CONCEPT_CLASS_ID": "Clinical Finding",
          "INVALID_REASON": "V"
        },
        "includeMapped": false,
        "includeDescendants": false
      }
    ]},
    "name": "YSJH_L2_7all",
    "id": 0
  }],
  "cdmVersionRange": ">=5.0.0",
  "CensoringCriteria": [],
  "QualifiedLimit": {"Type": "First"},
  "InclusionRules": [],
  "PrimaryCriteria": {
    "CriteriaList": [{"ConditionOccurrence": {
      "OccurrenceEndDate": null,
      "CorrelatedCriteria": null,
      "ConditionTypeExclude": false,
      "CodesetId": 0,
      "ProviderSpecialty": null,
      "Gender": null,
      "VisitType": null,
      "First": null,
      "OccurrenceStartDate": null,
      "ConditionType": null,
      "ConditionSourceConcept": null,
      "ConditionStatus": null,
      "StopReason": null,
      "Age": null
    }}],
    "PrimaryCriteriaLimit": {"Type": "All"},
    "ObservationWindow": {
      "PostDays": 0,
      "PriorDays": 0
    }
  }
}