{
  "ExpressionLimit": {"Type": "All"},
  "CollapseSettings": {
    "CollapseType": "ERA",
    "EraPad": 0
  },
  "CensorWindow": {
    "StartDate": null,
    "EndDate": null
  },
  "ConceptSets": [{
    "expression": {"items": [
      {
        "isExcluded": false,
        "concept": {
          "INVALID_REASON_CAPTION": "Valid",
          "CONCEPT_ID": 432296,
          "STANDARD_CONCEPT": "S",
          "CONCEPT_CODE": "86075001",
          "VOCABULARY_ID": "SNOMED",
          "CONCEPT_NAME": "Coagulation factor deficiency syndrome",
          "DOMAIN_ID": "Condition",
          "STANDARD_CONCEPT_CAPTION": "Standard",
          "CONCEPT_CLASS_ID": "Clinical Finding",
          "INVALID_REASON": "V"
        },
        "includeMapped": false,
        "includeDescendants": false
      },
      {
        "isExcluded": false,
        "concept": {
          "INVALID_REASON_CAPTION": "Valid",
          "CONCEPT_ID": 432870,
          "STANDARD_CONCEPT": "S",
          "CONCEPT_CODE": "302215000",
          "VOCABULARY_ID": "SNOMED",
          "CONCEPT_NAME": "Thrombocytopenic disorder",
          "DOMAIN_ID": "Condition",
          "STANDARD_CONCEPT_CAPTION": "Standard",
          "CONCEPT_CLASS_ID": "Clinical Finding",
          "INVALID_REASON": "V"
        },
        "includeMapped": false,
        "includeDescendants": false
      },
      {
        "isExcluded": false,
        "concept": {
          "INVALID_REASON_CAPTION": "Valid",
          "CONCEPT_ID": 432869,
          "STANDARD_CONCEPT": "S",
          "CONCEPT_CODE": "191287000",
          "VOCABULARY_ID": "SNOMED",
          "CONCEPT_NAME": "Hemorrhagic disorder due to circulating anticoagulants",
          "DOMAIN_ID": "Condition",
          "STANDARD_CONCEPT_CAPTION": "Standard",
          "CONCEPT_CLASS_ID": "Clinical Finding",
          "INVALID_REASON": "V"
        },
        "includeMapped": false,
        "includeDescendants": false
      },
      {
        "isExcluded": false,
        "concept": {
          "INVALID_REASON_CAPTION": "Valid",
          "CONCEPT_ID": 432863,
          "STANDARD_CONCEPT": "S",
          "CONCEPT_CODE": "25904003",
          "VOCABULARY_ID": "SNOMED",
          "CONCEPT_NAME": "Acquired coagulation factor deficiency",
          "DOMAIN_ID": "Condition",
          "STANDARD_CONCEPT_CAPTION": "Standard",
          "CONCEPT_CLASS_ID": "Clinical Finding",
          "INVALID_REASON": "V"
        },
        "includeMapped": false,
        "includeDescendants": false
      },
      {
        "isExcluded": false,
        "concept": {
          "INVALID_REASON_CAPTION": "Valid",
          "CONCEPT_ID": 432585,
          "STANDARD_CONCEPT": "S",
          "CONCEPT_CODE": "64779008",
          "VOCABULARY_ID": "SNOMED",
          "CONCEPT_NAME": "Blood coagulation disorder",
          "DOMAIN_ID": "Condition",
          "STANDARD_CONCEPT_CAPTION": "Standard",
          "CONCEPT_CLASS_ID": "Clinical Finding",
          "INVALID_REASON": "V"
        },
        "includeMapped": false,
        "includeDescendants": false
      },
      {
        "isExcluded": false,
        "concept": {
          "INVALID_REASON_CAPTION": "Valid",
          "CONCEPT_ID": 436093,
          "STANDARD_CONCEPT": "S",
          "CONCEPT_CODE": "67406007",
          "VOCABULARY_ID": "SNOMED",
          "CONCEPT_NAME": "Disseminated intravascular coagulation",
          "DOMAIN_ID": "Condition",
          "STANDARD_CONCEPT_CAPTION": "Standard",
          "CONCEPT_CLASS_ID": "Clinical Finding",
          "INVALID_REASON": "V"
        },
        "includeMapped": false,
        "includeDescendants": false
      },
      {
        "isExcluded": false,
        "concept": {
          "INVALID_REASON_CAPTION": "Valid",
          "CONCEPT_ID": 434316,
          "STANDARD_CONCEPT": "S",
          "CONCEPT_CODE": "128105004",
          "VOCABULARY_ID": "SNOMED",
          "CONCEPT_NAME": "von Willebrand disorder",
          "DOMAIN_ID": "Condition",
          "STANDARD_CONCEPT_CAPTION": "Standard",
          "CONCEPT_CLASS_ID": "Clinical Finding",
          "INVALID_REASON": "V"
        },
        "includeMapped": false,
        "includeDescendants": false
      },
      {
        "isExcluded": false,
        "concept": {
          "INVALID_REASON_CAPTION": "Valid",
          "CONCEPT_ID": 437241,
          "STANDARD_CONCEPT": "S",
          "CONCEPT_CODE": "267532001",
          "VOCABULARY_ID": "SNOMED",
          "CONCEPT_NAME": "Qualitative platelet disorder",
          "DOMAIN_ID": "Condition",
          "STANDARD_CONCEPT_CAPTION": "Standard",
          "CONCEPT_CLASS_ID": "Clinical Finding",
          "INVALID_REASON": "V"
        },
        "includeMapped": false,
        "includeDescendants": false
      },
      {
        "isExcluded": false,
        "concept": {
          "INVALID_REASON_CAPTION": "Valid",
          "CONCEPT_ID": 441259,
          "STANDARD_CONCEPT": "S",
          "CONCEPT_CODE": "234493006",
          "VOCABULARY_ID": "SNOMED",
          "CONCEPT_NAME": "Non-thrombocytopenic purpura",
          "DOMAIN_ID": "Condition",
          "STANDARD_CONCEPT_CAPTION": "Standard",
          "CONCEPT_CLASS_ID": "Clinical Finding",
          "INVALID_REASON": "V"
        },
        "includeMapped": false,
        "includeDescendants": false
      },
      {
        "isExcluded": false,
        "concept": {
          "INVALID_REASON_CAPTION": "Valid",
          "CONCEPT_ID": 441264,
          "STANDARD_CONCEPT": "S",
          "CONCEPT_CODE": "267534000",
          "VOCABULARY_ID": "SNOMED",
          "CONCEPT_NAME": "Primary thrombocytopenia",
          "DOMAIN_ID": "Condition",
          "STANDARD_CONCEPT_CAPTION": "Standard",
          "CONCEPT_CLASS_ID": "Clinical Finding",
          "INVALID_REASON": "V"
        },
        "includeMapped": false,
        "includeDescendants": false
      },
      {
        "isExcluded": false,
        "concept": {
          "INVALID_REASON_CAPTION": "Valid",
          "CONCEPT_ID": 4101602,
          "STANDARD_CONCEPT": "S",
          "CONCEPT_CODE": "191306005",
          "VOCABULARY_ID": "SNOMED",
          "CONCEPT_NAME": "Immunoglobulin A vasculitis",
          "DOMAIN_ID": "Condition",
          "STANDARD_CONCEPT_CAPTION": "Standard",
          "CONCEPT_CLASS_ID": "Clinical Finding",
          "INVALID_REASON": "V"
        },
        "includeMapped": false,
        "includeDescendants": false
      },
      {
        "isExcluded": false,
        "concept": {
          "INVALID_REASON_CAPTION": "Valid",
          "CONCEPT_ID": 4125650,
          "STANDARD_CONCEPT": "S",
          "CONCEPT_CODE": "234467004",
          "VOCABULARY_ID": "SNOMED",
          "CONCEPT_NAME": "Thrombophilia",
          "DOMAIN_ID": "Condition",
          "STANDARD_CONCEPT_CAPTION": "Standard",
          "CONCEPT_CLASS_ID": "Clinical Finding",
          "INVALID_REASON": "V"
        },
        "includeMapped": false,
        "includeDescendants": false
      },
      {
        "isExcluded": false,
        "concept": {
          "INVALID_REASON_CAPTION": "Valid",
          "CONCEPT_ID": 4137430,
          "STANDARD_CONCEPT": "S",
          "CONCEPT_CODE": "32273002",
          "VOCABULARY_ID": "SNOMED",
          "CONCEPT_NAME": "Idiopathic thrombocytopenic purpura",
          "DOMAIN_ID": "Condition",
          "STANDARD_CONCEPT_CAPTION": "Standard",
          "CONCEPT_CLASS_ID": "Clinical Finding",
          "INVALID_REASON": "V"
        },
        "includeMapped": false,
        "includeDescendants": false
      },
      {
        "isExcluded": false,
        "concept": {
          "INVALID_REASON_CAPTION": "Valid",
          "CONCEPT_ID": 4179872,
          "STANDARD_CONCEPT": "S",
          "CONCEPT_CODE": "362970003",
          "VOCABULARY_ID": "SNOMED",
          "CONCEPT_NAME": "Disorder of hemostatic system",
          "DOMAIN_ID": "Condition",
          "STANDARD_CONCEPT_CAPTION": "Standard",
          "CONCEPT_CLASS_ID": "Clinical Finding",
          "INVALID_REASON": "V"
        },
        "includeMapped": false,
        "includeDescendants": false
      },
      {
        "isExcluded": false,
        "concept": {
          "INVALID_REASON_CAPTION": "Valid",
          "CONCEPT_ID": 40321716,
          "STANDARD_CONCEPT": "S",
          "CONCEPT_CODE": "154826009",
          "VOCABULARY_ID": "SNOMED",
          "CONCEPT_NAME": "Secondary thrombocytopenia",
          "DOMAIN_ID": "Condition",
          "STANDARD_CONCEPT_CAPTION": "Standard",
          "CONCEPT_CLASS_ID": "Clinical Finding",
          "INVALID_REASON": "V"
        },
        "includeMapped": false,
        "includeDescendants": false
      }
    ]},
    "name": "YSJH_L2_1all",
    "id": 0
  }],
  "cdmVersionRange": ">=5.0.0",
  "CensoringCriteria": [],
  "QualifiedLimit": {"Type": "First"},
  "InclusionRules": [],
  "PrimaryCriteria": {
    "CriteriaList": [{"ConditionOccurrence": {
      "OccurrenceEndDate": null,
      "CorrelatedCriteria": null,
      "ConditionTypeExclude": false,
      "CodesetId": 0,
      "ProviderSpecialty": null,
      "Gender": null,
      "VisitType": null,
      "First": null,
      "OccurrenceStartDate": null,
      "ConditionType": null,
      "ConditionSourceConcept": null,
      "ConditionStatus": null,
      "StopReason": null,
      "Age": null
    }}],
    "PrimaryCriteriaLimit": {"Type": "All"},
    "ObservationWindow": {
      "PostDays": 0,
      "PriorDays": 0
    }
  }
}