{
  "ExpressionLimit": {"Type": "All"},
  "CollapseSettings": {
    "CollapseType": "ERA",
    "EraPad": 0
  },
  "CensorWindow": {
    "StartDate": null,
    "EndDate": null
  },
  "ConceptSets": [{
    "expression": {"items": [
      {
        "isExcluded": false,
        "concept": {
          "INVALID_REASON_CAPTION": "Valid",
          "CONCEPT_ID": 22820,
          "STANDARD_CONCEPT": "S",
          "CONCEPT_CODE": "15284007",
          "VOCABULARY_ID": "SNOMED",
          "CONCEPT_NAME": "Tuberculosis of esophagus",
          "DOMAIN_ID": "Condition",
          "STANDARD_CONCEPT_CAPTION": "Standard",
          "CONCEPT_CLASS_ID": "Clinical Finding",
          "INVALID_REASON": "V"
        },
        "includeMapped": false,
        "includeDescendants": false
      },
      {
        "isExcluded": false,
        "concept": {
          "INVALID_REASON_CAPTION": "Valid",
          "CONCEPT_ID": 195300,
          "STANDARD_CONCEPT": "S",
          "CONCEPT_CODE": "2043009",
          "VOCABULARY_ID": "SNOMED",
          "CONCEPT_NAME": "Alcoholic gastritis",
          "DOMAIN_ID": "Condition",
          "STANDARD_CONCEPT_CAPTION": "Standard",
          "CONCEPT_CLASS_ID": "Clinical Finding",
          "INVALID_REASON": "V"
        },
        "includeMapped": false,
        "includeDescendants": false
      },
      {
        "isExcluded": false,
        "concept": {
          "INVALID_REASON_CAPTION": "Valid",
          "CONCEPT_ID": 195301,
          "STANDARD_CONCEPT": "S",
          "CONCEPT_CODE": "387666006",
          "VOCABULARY_ID": "SNOMED",
          "CONCEPT_NAME": "Acute dilatation of stomach",
          "DOMAIN_ID": "Condition",
          "STANDARD_CONCEPT_CAPTION": "Standard",
          "CONCEPT_CLASS_ID": "Clinical Finding",
          "INVALID_REASON": "V"
        },
        "includeMapped": false,
        "includeDescendants": false
      },
      {
        "isExcluded": false,
        "concept": {
          "INVALID_REASON_CAPTION": "Valid",
          "CONCEPT_ID": 195306,
          "STANDARD_CONCEPT": "S",
          "CONCEPT_CODE": "196731005",
          "VOCABULARY_ID": "SNOMED",
          "CONCEPT_NAME": "Gastroduodenitis",
          "DOMAIN_ID": "Condition",
          "STANDARD_CONCEPT_CAPTION": "Standard",
          "CONCEPT_CLASS_ID": "Clinical Finding",
          "INVALID_REASON": "V"
        },
        "includeMapped": false,
        "includeDescendants": false
      },
      {
        "isExcluded": false,
        "concept": {
          "INVALID_REASON_CAPTION": "Valid",
          "CONCEPT_ID": 199866,
          "STANDARD_CONCEPT": "S",
          "CONCEPT_CODE": "25458004",
          "VOCABULARY_ID": "SNOMED",
          "CONCEPT_NAME": "Acute gastritis",
          "DOMAIN_ID": "Condition",
          "STANDARD_CONCEPT_CAPTION": "Standard",
          "CONCEPT_CLASS_ID": "Clinical Finding",
          "INVALID_REASON": "V"
        },
        "includeMapped": false,
        "includeDescendants": false
      },
      {
        "isExcluded": false,
        "concept": {
          "INVALID_REASON_CAPTION": "Valid",
          "CONCEPT_ID": 201340,
          "STANDARD_CONCEPT": "S",
          "CONCEPT_CODE": "4556007",
          "VOCABULARY_ID": "SNOMED",
          "CONCEPT_NAME": "Gastritis",
          "DOMAIN_ID": "Condition",
          "STANDARD_CONCEPT_CAPTION": "Standard",
          "CONCEPT_CLASS_ID": "Clinical Finding",
          "INVALID_REASON": "V"
        },
        "includeMapped": false,
        "includeDescendants": false
      },
      {
        "isExcluded": false,
        "concept": {
          "INVALID_REASON_CAPTION": "Valid",
          "CONCEPT_ID": 201619,
          "STANDARD_CONCEPT": "S",
          "CONCEPT_CODE": "75198005",
          "VOCABULARY_ID": "SNOMED",
          "CONCEPT_NAME": "Gastric diverticulum",
          "DOMAIN_ID": "Condition",
          "STANDARD_CONCEPT_CAPTION": "Standard",
          "CONCEPT_CLASS_ID": "Clinical Finding",
          "INVALID_REASON": "V"
        },
        "includeMapped": false,
        "includeDescendants": false
      },
      {
        "isExcluded": false,
        "concept": {
          "INVALID_REASON_CAPTION": "Valid",
          "CONCEPT_ID": 316457,
          "STANDARD_CONCEPT": "S",
          "CONCEPT_CODE": "35265002",
          "VOCABULARY_ID": "SNOMED",
          "CONCEPT_NAME": "Mallory-Weiss syndrome",
          "DOMAIN_ID": "Condition",
          "STANDARD_CONCEPT_CAPTION": "Standard",
          "CONCEPT_CLASS_ID": "Clinical Finding",
          "INVALID_REASON": "V"
        },
        "includeMapped": false,
        "includeDescendants": false
      },
      {
        "isExcluded": false,
        "concept": {
          "INVALID_REASON_CAPTION": "Valid",
          "CONCEPT_ID": 318186,
          "STANDARD_CONCEPT": "S",
          "CONCEPT_CODE": "45564002",
          "VOCABULARY_ID": "SNOMED",
          "CONCEPT_NAME": "Achalasia of esophagus",
          "DOMAIN_ID": "Condition",
          "STANDARD_CONCEPT_CAPTION": "Standard",
          "CONCEPT_CLASS_ID": "Clinical Finding",
          "INVALID_REASON": "V"
        },
        "includeMapped": false,
        "includeDescendants": false
      },
      {
        "isExcluded": false,
        "concept": {
          "INVALID_REASON_CAPTION": "Valid",
          "CONCEPT_ID": 318800,
          "STANDARD_CONCEPT": "S",
          "CONCEPT_CODE": "235595009",
          "VOCABULARY_ID": "SNOMED",
          "CONCEPT_NAME": "Gastroesophageal reflux disease",
          "DOMAIN_ID": "Condition",
          "STANDARD_CONCEPT_CAPTION": "Standard",
          "CONCEPT_CLASS_ID": "Clinical Finding",
          "INVALID_REASON": "V"
        },
        "includeMapped": false,
        "includeDescendants": false
      },
      {
        "isExcluded": false,
        "concept": {
          "INVALID_REASON_CAPTION": "Valid",
          "CONCEPT_ID": 433515,
          "STANDARD_CONCEPT": "S",
          "CONCEPT_CODE": "62838000",
          "VOCABULARY_ID": "SNOMED",
          "CONCEPT_NAME": "Chronic gastrojejunal ulcer with hemorrhage",
          "DOMAIN_ID": "Condition",
          "STANDARD_CONCEPT_CAPTION": "Standard",
          "CONCEPT_CLASS_ID": "Clinical Finding",
          "INVALID_REASON": "V"
        },
        "includeMapped": false,
        "includeDescendants": false
      },
      {
        "isExcluded": false,
        "concept": {
          "INVALID_REASON_CAPTION": "Valid",
          "CONCEPT_ID": 433516,
          "STANDARD_CONCEPT": "S",
          "CONCEPT_CODE": "72007001",
          "VOCABULARY_ID": "SNOMED",
          "CONCEPT_NAME": "Duodenitis",
          "DOMAIN_ID": "Condition",
          "STANDARD_CONCEPT_CAPTION": "Standard",
          "CONCEPT_CLASS_ID": "Clinical Finding",
          "INVALID_REASON": "V"
        },
        "includeMapped": false,
        "includeDescendants": false
      },
      {
        "isExcluded": false,
        "concept": {
          "INVALID_REASON_CAPTION": "Valid",
          "CONCEPT_ID": 434085,
          "STANDARD_CONCEPT": "S",
          "CONCEPT_CODE": "95532008",
          "VOCABULARY_ID": "SNOMED",
          "CONCEPT_NAME": "Obstruction of duodenum",
          "DOMAIN_ID": "Condition",
          "STANDARD_CONCEPT_CAPTION": "Standard",
          "CONCEPT_CLASS_ID": "Clinical Finding",
          "INVALID_REASON": "V"
        },
        "includeMapped": false,
        "includeDescendants": false
      },
      {
        "isExcluded": false,
        "concept": {
          "INVALID_REASON_CAPTION": "Valid",
          "CONCEPT_ID": 443344,
          "STANDARD_CONCEPT": "S",
          "CONCEPT_CODE": "302914006",
          "VOCABULARY_ID": "SNOMED",
          "CONCEPT_NAME": "Barrett's esophagus",
          "DOMAIN_ID": "Condition",
          "STANDARD_CONCEPT_CAPTION": "Standard",
          "CONCEPT_CLASS_ID": "Clinical Finding",
          "INVALID_REASON": "V"
        },
        "includeMapped": false,
        "includeDescendants": false
      },
      {
        "isExcluded": false,
        "concept": {
          "INVALID_REASON_CAPTION": "Valid",
          "CONCEPT_ID": 4000609,
          "STANDARD_CONCEPT": "S",
          "CONCEPT_CODE": "119291004",
          "VOCABULARY_ID": "SNOMED",
          "CONCEPT_NAME": "Disorder of upper gastrointestinal tract",
          "DOMAIN_ID": "Condition",
          "STANDARD_CONCEPT_CAPTION": "Standard",
          "CONCEPT_CLASS_ID": "Clinical Finding",
          "INVALID_REASON": "V"
        },
        "includeMapped": false,
        "includeDescendants": false
      },
      {
        "isExcluded": false,
        "concept": {
          "INVALID_REASON_CAPTION": "Valid",
          "CONCEPT_ID": 4006994,
          "STANDARD_CONCEPT": "S",
          "CONCEPT_CODE": "111353003",
          "VOCABULARY_ID": "SNOMED",
          "CONCEPT_NAME": "Acute peptic ulcer with hemorrhage and perforation",
          "DOMAIN_ID": "Condition",
          "STANDARD_CONCEPT_CAPTION": "Standard",
          "CONCEPT_CLASS_ID": "Clinical Finding",
          "INVALID_REASON": "V"
        },
        "includeMapped": false,
        "includeDescendants": false
      },
      {
        "isExcluded": false,
        "concept": {
          "INVALID_REASON_CAPTION": "Valid",
          "CONCEPT_ID": 4027663,
          "STANDARD_CONCEPT": "S",
          "CONCEPT_CODE": "13200003",
          "VOCABULARY_ID": "SNOMED",
          "CONCEPT_NAME": "Peptic ulcer",
          "DOMAIN_ID": "Condition",
          "STANDARD_CONCEPT_CAPTION": "Standard",
          "CONCEPT_CLASS_ID": "Clinical Finding",
          "INVALID_REASON": "V"
        },
        "includeMapped": false,
        "includeDescendants": false
      },
      {
        "isExcluded": false,
        "concept": {
          "INVALID_REASON_CAPTION": "Valid",
          "CONCEPT_ID": 4027729,
          "STANDARD_CONCEPT": "S",
          "CONCEPT_CODE": "12847006",
          "VOCABULARY_ID": "SNOMED",
          "CONCEPT_NAME": "Acute duodenal ulcer with hemorrhage",
          "DOMAIN_ID": "Condition",
          "STANDARD_CONCEPT_CAPTION": "Standard",
          "CONCEPT_CLASS_ID": "Clinical Finding",
          "INVALID_REASON": "V"
        },
        "includeMapped": false,
        "includeDescendants": false
      },
      {
        "isExcluded": false,
        "concept": {
          "INVALID_REASON_CAPTION": "Valid",
          "CONCEPT_ID": 4046500,
          "STANDARD_CONCEPT": "S",
          "CONCEPT_CODE": "12274003",
          "VOCABULARY_ID": "SNOMED",
          "CONCEPT_NAME": "Acute peptic ulcer with hemorrhage",
          "DOMAIN_ID": "Condition",
          "STANDARD_CONCEPT_CAPTION": "Standard",
          "CONCEPT_CLASS_ID": "Clinical Finding",
          "INVALID_REASON": "V"
        },
        "includeMapped": false,
        "includeDescendants": false
      },
      {
        "isExcluded": false,
        "concept": {
          "INVALID_REASON_CAPTION": "Valid",
          "CONCEPT_ID": 4056933,
          "STANDARD_CONCEPT": "S",
          "CONCEPT_CODE": "196599007",
          "VOCABULARY_ID": "SNOMED",
          "CONCEPT_NAME": "Megaesophagus in Chagas' disease",
          "DOMAIN_ID": "Condition",
          "STANDARD_CONCEPT_CAPTION": "Standard",
          "CONCEPT_CLASS_ID": "Clinical Finding",
          "INVALID_REASON": "V"
        },
        "includeMapped": false,
        "includeDescendants": false
      },
      {
        "isExcluded": false,
        "concept": {
          "INVALID_REASON_CAPTION": "Valid",
          "CONCEPT_ID": 4057513,
          "STANDARD_CONCEPT": "S",
          "CONCEPT_CODE": "196735001",
          "VOCABULARY_ID": "SNOMED",
          "CONCEPT_NAME": "Chronic superficial gastritis",
          "DOMAIN_ID": "Condition",
          "STANDARD_CONCEPT_CAPTION": "Standard",
          "CONCEPT_CLASS_ID": "Clinical Finding",
          "INVALID_REASON": "V"
        },
        "includeMapped": false,
        "includeDescendants": false
      },
      {
        "isExcluded": false,
        "concept": {
          "INVALID_REASON_CAPTION": "Valid",
          "CONCEPT_ID": 4057953,
          "STANDARD_CONCEPT": "S",
          "CONCEPT_CODE": "19850005",
          "VOCABULARY_ID": "SNOMED",
          "CONCEPT_NAME": "Acute gastric ulcer with perforation",
          "DOMAIN_ID": "Condition",
          "STANDARD_CONCEPT_CAPTION": "Standard",
          "CONCEPT_CLASS_ID": "Clinical Finding",
          "INVALID_REASON": "V"
        },
        "includeMapped": false,
        "includeDescendants": false
      },
      {
        "isExcluded": false,
        "concept": {
          "INVALID_REASON_CAPTION": "Valid",
          "CONCEPT_ID": 4059178,
          "STANDARD_CONCEPT": "S",
          "CONCEPT_CODE": "16121001",
          "VOCABULARY_ID": "SNOMED",
          "CONCEPT_NAME": "Gastrojejunal ulcer",
          "DOMAIN_ID": "Condition",
          "STANDARD_CONCEPT_CAPTION": "Standard",
          "CONCEPT_CLASS_ID": "Clinical Finding",
          "INVALID_REASON": "V"
        },
        "includeMapped": false,
        "includeDescendants": false
      },
      {
        "isExcluded": false,
        "concept": {
          "INVALID_REASON_CAPTION": "Valid",
          "CONCEPT_ID": 4066036,
          "STANDARD_CONCEPT": "S",
          "CONCEPT_CODE": "17206008",
          "VOCABULARY_ID": "SNOMED",
          "CONCEPT_NAME": "Gastroduodenal fistula",
          "DOMAIN_ID": "Condition",
          "STANDARD_CONCEPT_CAPTION": "Standard",
          "CONCEPT_CLASS_ID": "Clinical Finding",
          "INVALID_REASON": "V"
        },
        "includeMapped": false,
        "includeDescendants": false
      },
      {
        "isExcluded": false,
        "concept": {
          "INVALID_REASON_CAPTION": "Valid",
          "CONCEPT_ID": 4101104,
          "STANDARD_CONCEPT": "S",
          "CONCEPT_CODE": "2783007",
          "VOCABULARY_ID": "SNOMED",
          "CONCEPT_NAME": "Gastrojejunal ulcer without hemorrhage AND without perforation",
          "DOMAIN_ID": "Condition",
          "STANDARD_CONCEPT_CAPTION": "Standard",
          "CONCEPT_CLASS_ID": "Clinical Finding",
          "INVALID_REASON": "V"
        },
        "includeMapped": false,
        "includeDescendants": false
      },
      {
        "isExcluded": false,
        "concept": {
          "INVALID_REASON_CAPTION": "Valid",
          "CONCEPT_ID": 4101870,
          "STANDARD_CONCEPT": "S",
          "CONCEPT_CODE": "2807004",
          "VOCABULARY_ID": "SNOMED",
          "CONCEPT_NAME": "Chronic gastrojejunal ulcer with perforation",
          "DOMAIN_ID": "Condition",
          "STANDARD_CONCEPT_CAPTION": "Standard",
          "CONCEPT_CLASS_ID": "Clinical Finding",
          "INVALID_REASON": "V"
        },
        "includeMapped": false,
        "includeDescendants": false
      },
      {
        "isExcluded": false,
        "concept": {
          "INVALID_REASON_CAPTION": "Valid",
          "CONCEPT_ID": 4138962,
          "STANDARD_CONCEPT": "S",
          "CONCEPT_CODE": "32490005",
          "VOCABULARY_ID": "SNOMED",
          "CONCEPT_NAME": "Acute duodenal ulcer without hemorrhage AND without perforation",
          "DOMAIN_ID": "Condition",
          "STANDARD_CONCEPT_CAPTION": "Standard",
          "CONCEPT_CLASS_ID": "Clinical Finding",
          "INVALID_REASON": "V"
        },
        "includeMapped": false,
        "includeDescendants": false
      },
      {
        "isExcluded": false,
        "concept": {
          "INVALID_REASON_CAPTION": "Valid",
          "CONCEPT_ID": 4144111,
          "STANDARD_CONCEPT": "S",
          "CONCEPT_CODE": "266435005",
          "VOCABULARY_ID": "SNOMED",
          "CONCEPT_NAME": "Gastroesophageal reflux disease without esophagitis",
          "DOMAIN_ID": "Condition",
          "STANDARD_CONCEPT_CAPTION": "Standard",
          "CONCEPT_CLASS_ID": "Clinical Finding",
          "INVALID_REASON": "V"
        },
        "includeMapped": false,
        "includeDescendants": false
      },
      {
        "isExcluded": false,
        "concept": {
          "INVALID_REASON_CAPTION": "Valid",
          "CONCEPT_ID": 4144112,
          "STANDARD_CONCEPT": "S",
          "CONCEPT_CODE": "266438007",
          "VOCABULARY_ID": "SNOMED",
          "CONCEPT_NAME": "Adult hypertrophic pyloric stenosis",
          "DOMAIN_ID": "Condition",
          "STANDARD_CONCEPT_CAPTION": "Standard",
          "CONCEPT_CLASS_ID": "Clinical Finding",
          "INVALID_REASON": "V"
        },
        "includeMapped": false,
        "includeDescendants": false
      },
      {
        "isExcluded": false,
        "concept": {
          "INVALID_REASON_CAPTION": "Valid",
          "CONCEPT_ID": 4146517,
          "STANDARD_CONCEPT": "S",
          "CONCEPT_CODE": "3483000",
          "VOCABULARY_ID": "SNOMED",
          "CONCEPT_NAME": "Chronic peptic ulcer with perforation",
          "DOMAIN_ID": "Condition",
          "STANDARD_CONCEPT_CAPTION": "Standard",
          "CONCEPT_CLASS_ID": "Clinical Finding",
          "INVALID_REASON": "V"
        },
        "includeMapped": false,
        "includeDescendants": false
      },
      {
        "isExcluded": false,
        "concept": {
          "INVALID_REASON_CAPTION": "Valid",
          "CONCEPT_ID": 4147683,
          "STANDARD_CONCEPT": "S",
          "CONCEPT_CODE": "30514008",
          "VOCABULARY_ID": "SNOMED",
          "CONCEPT_NAME": "Acute gastrojejunal ulcer without hemorrhage AND without perforation",
          "DOMAIN_ID": "Condition",
          "STANDARD_CONCEPT_CAPTION": "Standard",
          "CONCEPT_CLASS_ID": "Clinical Finding",
          "INVALID_REASON": "V"
        },
        "includeMapped": false,
        "includeDescendants": false
      },
      {
        "isExcluded": false,
        "concept": {
          "INVALID_REASON_CAPTION": "Valid",
          "CONCEPT_ID": 4150681,
          "STANDARD_CONCEPT": "S",
          "CONCEPT_CODE": "31301004",
          "VOCABULARY_ID": "SNOMED",
          "CONCEPT_NAME": "Chronic gastric ulcer with perforation",
          "DOMAIN_ID": "Condition",
          "STANDARD_CONCEPT_CAPTION": "Standard",
          "CONCEPT_CLASS_ID": "Clinical Finding",
          "INVALID_REASON": "V"
        },
        "includeMapped": false,
        "includeDescendants": false
      },
      {
        "isExcluded": false,
        "concept": {
          "INVALID_REASON_CAPTION": "Valid",
          "CONCEPT_ID": 4163865,
          "STANDARD_CONCEPT": "S",
          "CONCEPT_CODE": "45485004",
          "VOCABULARY_ID": "SNOMED",
          "CONCEPT_NAME": "Acute peptic ulcer without hemorrhage AND without perforation",
          "DOMAIN_ID": "Condition",
          "STANDARD_CONCEPT_CAPTION": "Standard",
          "CONCEPT_CLASS_ID": "Clinical Finding",
          "INVALID_REASON": "V"
        },
        "includeMapped": false,
        "includeDescendants": false
      },
      {
        "isExcluded": false,
        "concept": {
          "INVALID_REASON_CAPTION": "Valid",
          "CONCEPT_ID": 4164920,
          "STANDARD_CONCEPT": "S",
          "CONCEPT_CODE": "45640006",
          "VOCABULARY_ID": "SNOMED",
          "CONCEPT_NAME": "Chronic gastrojejunal ulcer with hemorrhage and perforation",
          "DOMAIN_ID": "Condition",
          "STANDARD_CONCEPT_CAPTION": "Standard",
          "CONCEPT_CLASS_ID": "Clinical Finding",
          "INVALID_REASON": "V"
        },
        "includeMapped": false,
        "includeDescendants": false
      },
      {
        "isExcluded": false,
        "concept": {
          "INVALID_REASON_CAPTION": "Valid",
          "CONCEPT_ID": 4169592,
          "STANDARD_CONCEPT": "S",
          "CONCEPT_CODE": "48974009",
          "VOCABULARY_ID": "SNOMED",
          "CONCEPT_NAME": "Acute gastric ulcer with hemorrhage and perforation",
          "DOMAIN_ID": "Condition",
          "STANDARD_CONCEPT_CAPTION": "Standard",
          "CONCEPT_CLASS_ID": "Clinical Finding",
          "INVALID_REASON": "V"
        },
        "includeMapped": false,
        "includeDescendants": false
      },
      {
        "isExcluded": false,
        "concept": {
          "INVALID_REASON_CAPTION": "Valid",
          "CONCEPT_ID": 4173408,
          "STANDARD_CONCEPT": "S",
          "CONCEPT_CODE": "49916007",
          "VOCABULARY_ID": "SNOMED",
          "CONCEPT_NAME": "Chronic duodenal ulcer with perforation",
          "DOMAIN_ID": "Condition",
          "STANDARD_CONCEPT_CAPTION": "Standard",
          "CONCEPT_CLASS_ID": "Clinical Finding",
          "INVALID_REASON": "V"
        },
        "includeMapped": false,
        "includeDescendants": false
      },
      {
        "isExcluded": false,
        "concept": {
          "INVALID_REASON_CAPTION": "Valid",
          "CONCEPT_ID": 4174044,
          "STANDARD_CONCEPT": "S",
          "CONCEPT_CODE": "49232000",
          "VOCABULARY_ID": "SNOMED",
          "CONCEPT_NAME": "Chronic peptic ulcer with hemorrhage",
          "DOMAIN_ID": "Condition",
          "STANDARD_CONCEPT_CAPTION": "Standard",
          "CONCEPT_CLASS_ID": "Clinical Finding",
          "INVALID_REASON": "V"
        },
        "includeMapped": false,
        "includeDescendants": false
      },
      {
        "isExcluded": false,
        "concept": {
          "INVALID_REASON_CAPTION": "Valid",
          "CONCEPT_ID": 4177387,
          "STANDARD_CONCEPT": "S",
          "CONCEPT_CODE": "4269005",
          "VOCABULARY_ID": "SNOMED",
          "CONCEPT_NAME": "Chronic gastrojejunal ulcer without hemorrhage AND without perforation",
          "DOMAIN_ID": "Condition",
          "STANDARD_CONCEPT_CAPTION": "Standard",
          "CONCEPT_CLASS_ID": "Clinical Finding",
          "INVALID_REASON": "V"
        },
        "includeMapped": false,
        "includeDescendants": false
      },
      {
        "isExcluded": false,
        "concept": {
          "INVALID_REASON_CAPTION": "Valid",
          "CONCEPT_ID": 4194543,
          "STANDARD_CONCEPT": "S",
          "CONCEPT_CODE": "79118000",
          "VOCABULARY_ID": "SNOMED",
          "CONCEPT_NAME": "Acute peptic ulcer with perforation",
          "DOMAIN_ID": "Condition",
          "STANDARD_CONCEPT_CAPTION": "Standard",
          "CONCEPT_CLASS_ID": "Clinical Finding",
          "INVALID_REASON": "V"
        },
        "includeMapped": false,
        "includeDescendants": false
      },
      {
        "isExcluded": false,
        "concept": {
          "INVALID_REASON_CAPTION": "Valid",
          "CONCEPT_ID": 4195231,
          "STANDARD_CONCEPT": "S",
          "CONCEPT_CODE": "67964002",
          "VOCABULARY_ID": "SNOMED",
          "CONCEPT_NAME": "Acute gastric ulcer without hemorrhage AND without perforation",
          "DOMAIN_ID": "Condition",
          "STANDARD_CONCEPT_CAPTION": "Standard",
          "CONCEPT_CLASS_ID": "Clinical Finding",
          "INVALID_REASON": "V"
        },
        "includeMapped": false,
        "includeDescendants": false
      },
      {
        "isExcluded": false,
        "concept": {
          "INVALID_REASON_CAPTION": "Valid",
          "CONCEPT_ID": 4198381,
          "STANDARD_CONCEPT": "S",
          "CONCEPT_CODE": "51868009",
          "VOCABULARY_ID": "SNOMED",
          "CONCEPT_NAME": "Ulcer of duodenum",
          "DOMAIN_ID": "Condition",
          "STANDARD_CONCEPT_CAPTION": "Standard",
          "CONCEPT_CLASS_ID": "Clinical Finding",
          "INVALID_REASON": "V"
        },
        "includeMapped": false,
        "includeDescendants": false
      },
      {
        "isExcluded": false,
        "concept": {
          "INVALID_REASON_CAPTION": "Valid",
          "CONCEPT_ID": 4204555,
          "STANDARD_CONCEPT": "S",
          "CONCEPT_CODE": "5492000",
          "VOCABULARY_ID": "SNOMED",
          "CONCEPT_NAME": "Chronic peptic ulcer without hemorrhage AND without perforation",
          "DOMAIN_ID": "Condition",
          "STANDARD_CONCEPT_CAPTION": "Standard",
          "CONCEPT_CLASS_ID": "Clinical Finding",
          "INVALID_REASON": "V"
        },
        "includeMapped": false,
        "includeDescendants": false
      },
      {
        "isExcluded": false,
        "concept": {
          "INVALID_REASON_CAPTION": "Valid",
          "CONCEPT_ID": 4209746,
          "STANDARD_CONCEPT": "S",
          "CONCEPT_CODE": "56776001",
          "VOCABULARY_ID": "SNOMED",
          "CONCEPT_NAME": "Duodenal ulcer without hemorrhage AND without perforation",
          "DOMAIN_ID": "Condition",
          "STANDARD_CONCEPT_CAPTION": "Standard",
          "CONCEPT_CLASS_ID": "Clinical Finding",
          "INVALID_REASON": "V"
        },
        "includeMapped": false,
        "includeDescendants": false
      },
      {
        "isExcluded": false,
        "concept": {
          "INVALID_REASON_CAPTION": "Valid",
          "CONCEPT_ID": 4211001,
          "STANDARD_CONCEPT": "S",
          "CONCEPT_CODE": "57246001",
          "VOCABULARY_ID": "SNOMED",
          "CONCEPT_NAME": "Chronic gastric ulcer with hemorrhage",
          "DOMAIN_ID": "Condition",
          "STANDARD_CONCEPT_CAPTION": "Standard",
          "CONCEPT_CLASS_ID": "Clinical Finding",
          "INVALID_REASON": "V"
        },
        "includeMapped": false,
        "includeDescendants": false
      },
      {
        "isExcluded": false,
        "concept": {
          "INVALID_REASON_CAPTION": "Valid",
          "CONCEPT_ID": 4217947,
          "STANDARD_CONCEPT": "S",
          "CONCEPT_CODE": "81387001",
          "VOCABULARY_ID": "SNOMED",
          "CONCEPT_NAME": "Acute gastrojejunal ulcer with hemorrhage and perforation",
          "DOMAIN_ID": "Condition",
          "STANDARD_CONCEPT_CAPTION": "Standard",
          "CONCEPT_CLASS_ID": "Clinical Finding",
          "INVALID_REASON": "V"
        },
        "includeMapped": false,
        "includeDescendants": false
      },
      {
        "isExcluded": false,
        "concept": {
          "INVALID_REASON_CAPTION": "Valid",
          "CONCEPT_ID": 4222896,
          "STANDARD_CONCEPT": "S",
          "CONCEPT_CODE": "40214005",
          "VOCABULARY_ID": "SNOMED",
          "CONCEPT_NAME": "Chronic duodenal ulcer without hemorrhage AND without perforation",
          "DOMAIN_ID": "Condition",
          "STANDARD_CONCEPT_CAPTION": "Standard",
          "CONCEPT_CLASS_ID": "Clinical Finding",
          "INVALID_REASON": "V"
        },
        "includeMapped": false,
        "includeDescendants": false
      },
      {
        "isExcluded": false,
        "concept": {
          "INVALID_REASON_CAPTION": "Valid",
          "CONCEPT_ID": 4224926,
          "STANDARD_CONCEPT": "S",
          "CONCEPT_CODE": "405247003",
          "VOCABULARY_ID": "SNOMED",
          "CONCEPT_NAME": "Obstruction of esophagus",
          "DOMAIN_ID": "Condition",
          "STANDARD_CONCEPT_CAPTION": "Standard",
          "CONCEPT_CLASS_ID": "Clinical Finding",
          "INVALID_REASON": "V"
        },
        "includeMapped": false,
        "includeDescendants": false
      },
      {
        "isExcluded": false,
        "concept": {
          "INVALID_REASON_CAPTION": "Valid",
          "CONCEPT_ID": 4225273,
          "STANDARD_CONCEPT": "S",
          "CONCEPT_CODE": "8493009",
          "VOCABULARY_ID": "SNOMED",
          "CONCEPT_NAME": "Chronic gastritis",
          "DOMAIN_ID": "Condition",
          "STANDARD_CONCEPT_CAPTION": "Standard",
          "CONCEPT_CLASS_ID": "Clinical Finding",
          "INVALID_REASON": "V"
        },
        "includeMapped": false,
        "includeDescendants": false
      },
      {
        "isExcluded": false,
        "concept": {
          "INVALID_REASON_CAPTION": "Valid",
          "CONCEPT_ID": 4231580,
          "STANDARD_CONCEPT": "S",
          "CONCEPT_CODE": "89748001",
          "VOCABULARY_ID": "SNOMED",
          "CONCEPT_NAME": "Acute gastric ulcer with hemorrhage",
          "DOMAIN_ID": "Condition",
          "STANDARD_CONCEPT_CAPTION": "Standard",
          "CONCEPT_CLASS_ID": "Clinical Finding",
          "INVALID_REASON": "V"
        },
        "includeMapped": false,
        "includeDescendants": false
      },
      {
        "isExcluded": false,
        "concept": {
          "INVALID_REASON_CAPTION": "Valid",
          "CONCEPT_ID": 4232181,
          "STANDARD_CONCEPT": "S",
          "CONCEPT_CODE": "89469000",
          "VOCABULARY_ID": "SNOMED",
          "CONCEPT_NAME": "Chronic duodenal ulcer with hemorrhage",
          "DOMAIN_ID": "Condition",
          "STANDARD_CONCEPT_CAPTION": "Standard",
          "CONCEPT_CLASS_ID": "Clinical Finding",
          "INVALID_REASON": "V"
        },
        "includeMapped": false,
        "includeDescendants": false
      },
      {
        "isExcluded": false,
        "concept": {
          "INVALID_REASON_CAPTION": "Valid",
          "CONCEPT_ID": 4247008,
          "STANDARD_CONCEPT": "S",
          "CONCEPT_CODE": "61300005",
          "VOCABULARY_ID": "SNOMED",
          "CONCEPT_NAME": "Chronic peptic ulcer with hemorrhage AND perforation",
          "DOMAIN_ID": "Condition",
          "STANDARD_CONCEPT_CAPTION": "Standard",
          "CONCEPT_CLASS_ID": "Clinical Finding",
          "INVALID_REASON": "V"
        },
        "includeMapped": false,
        "includeDescendants": false
      },
      {
        "isExcluded": false,
        "concept": {
          "INVALID_REASON_CAPTION": "Valid",
          "CONCEPT_ID": 4248429,
          "STANDARD_CONCEPT": "S",
          "CONCEPT_CODE": "73481001",
          "VOCABULARY_ID": "SNOMED",
          "CONCEPT_NAME": "Gastric ulcer without hemorrhage AND without perforation",
          "DOMAIN_ID": "Condition",
          "STANDARD_CONCEPT_CAPTION": "Standard",
          "CONCEPT_CLASS_ID": "Clinical Finding",
          "INVALID_REASON": "V"
        },
        "includeMapped": false,
        "includeDescendants": false
      },
      {
        "isExcluded": false,
        "concept": {
          "INVALID_REASON_CAPTION": "Valid",
          "CONCEPT_ID": 4265479,
          "STANDARD_CONCEPT": "S",
          "CONCEPT_CODE": "61347001",
          "VOCABULARY_ID": "SNOMED",
          "CONCEPT_NAME": "Acute duodenal ulcer with perforation",
          "DOMAIN_ID": "Condition",
          "STANDARD_CONCEPT_CAPTION": "Standard",
          "CONCEPT_CLASS_ID": "Clinical Finding",
          "INVALID_REASON": "V"
        },
        "includeMapped": false,
        "includeDescendants": false
      },
      {
        "isExcluded": false,
        "concept": {
          "INVALID_REASON_CAPTION": "Valid",
          "CONCEPT_ID": 4265600,
          "STANDARD_CONCEPT": "S",
          "CONCEPT_CODE": "397825006",
          "VOCABULARY_ID": "SNOMED",
          "CONCEPT_NAME": "Gastric ulcer",
          "DOMAIN_ID": "Condition",
          "STANDARD_CONCEPT_CAPTION": "Standard",
          "CONCEPT_CLASS_ID": "Clinical Finding",
          "INVALID_REASON": "V"
        },
        "includeMapped": false,
        "includeDescendants": false
      },
      {
        "isExcluded": false,
        "concept": {
          "INVALID_REASON_CAPTION": "Valid",
          "CONCEPT_ID": 4274491,
          "STANDARD_CONCEPT": "S",
          "CONCEPT_CODE": "63954007",
          "VOCABULARY_ID": "SNOMED",
          "CONCEPT_NAME": "Acute gastrojejunal ulcer with hemorrhage",
          "DOMAIN_ID": "Condition",
          "STANDARD_CONCEPT_CAPTION": "Standard",
          "CONCEPT_CLASS_ID": "Clinical Finding",
          "INVALID_REASON": "V"
        },
        "includeMapped": false,
        "includeDescendants": false
      },
      {
        "isExcluded": false,
        "concept": {
          "INVALID_REASON_CAPTION": "Valid",
          "CONCEPT_ID": 4280942,
          "STANDARD_CONCEPT": "S",
          "CONCEPT_CODE": "66636001",
          "VOCABULARY_ID": "SNOMED",
          "CONCEPT_NAME": "Acute gastrojejunal ulcer with perforation",
          "DOMAIN_ID": "Condition",
          "STANDARD_CONCEPT_CAPTION": "Standard",
          "CONCEPT_CLASS_ID": "Clinical Finding",
          "INVALID_REASON": "V"
        },
        "includeMapped": false,
        "includeDescendants": false
      },
      {
        "isExcluded": false,
        "concept": {
          "INVALID_REASON_CAPTION": "Valid",
          "CONCEPT_ID": 4289526,
          "STANDARD_CONCEPT": "S",
          "CONCEPT_CODE": "3696007",
          "VOCABULARY_ID": "SNOMED",
          "CONCEPT_NAME": "Nonulcer dyspepsia",
          "DOMAIN_ID": "Condition",
          "STANDARD_CONCEPT_CAPTION": "Standard",
          "CONCEPT_CLASS_ID": "Clinical Finding",
          "INVALID_REASON": "V"
        },
        "includeMapped": false,
        "includeDescendants": false
      },
      {
        "isExcluded": false,
        "concept": {
          "INVALID_REASON_CAPTION": "Valid",
          "CONCEPT_ID": 4289830,
          "STANDARD_CONCEPT": "S",
          "CONCEPT_CODE": "36975000",
          "VOCABULARY_ID": "SNOMED",
          "CONCEPT_NAME": "Chronic duodenal ulcer with hemorrhage AND perforation",
          "DOMAIN_ID": "Condition",
          "STANDARD_CONCEPT_CAPTION": "Standard",
          "CONCEPT_CLASS_ID": "Clinical Finding",
          "INVALID_REASON": "V"
        },
        "includeMapped": false,
        "includeDescendants": false
      },
      {
        "isExcluded": false,
        "concept": {
          "INVALID_REASON_CAPTION": "Valid",
          "CONCEPT_ID": 4289830,
          "STANDARD_CONCEPT": "S",
          "CONCEPT_CODE": "36975000",
          "VOCABULARY_ID": "SNOMED",
          "CONCEPT_NAME": "Chronic duodenal ulcer with hemorrhage AND perforation",
          "DOMAIN_ID": "Condition",
          "STANDARD_CONCEPT_CAPTION": "Standard",
          "CONCEPT_CLASS_ID": "Clinical Finding",
          "INVALID_REASON": "V"
        },
        "includeMapped": false,
        "includeDescendants": false
      },
      {
        "isExcluded": false,
        "concept": {
          "INVALID_REASON_CAPTION": "Valid",
          "CONCEPT_ID": 4291028,
          "STANDARD_CONCEPT": "S",
          "CONCEPT_CODE": "37442009",
          "VOCABULARY_ID": "SNOMED",
          "CONCEPT_NAME": "Peptic ulcer without hemorrhage AND without perforation",
          "DOMAIN_ID": "Condition",
          "STANDARD_CONCEPT_CAPTION": "Standard",
          "CONCEPT_CLASS_ID": "Clinical Finding",
          "INVALID_REASON": "V"
        },
        "includeMapped": false,
        "includeDescendants": false
      },
      {
        "isExcluded": false,
        "concept": {
          "INVALID_REASON_CAPTION": "Valid",
          "CONCEPT_ID": 4291649,
          "STANDARD_CONCEPT": "S",
          "CONCEPT_CODE": "37372002",
          "VOCABULARY_ID": "SNOMED",
          "CONCEPT_NAME": "Upper gastrointestinal bleeding",
          "DOMAIN_ID": "Condition",
          "STANDARD_CONCEPT_CAPTION": "Standard",
          "CONCEPT_CLASS_ID": "Clinical Finding",
          "INVALID_REASON": "V"
        },
        "includeMapped": false,
        "includeDescendants": false
      },
      {
        "isExcluded": false,
        "concept": {
          "INVALID_REASON_CAPTION": "Valid",
          "CONCEPT_ID": 4294973,
          "STANDARD_CONCEPT": "S",
          "CONCEPT_CODE": "76181002",
          "VOCABULARY_ID": "SNOMED",
          "CONCEPT_NAME": "Chronic gastric ulcer with hemorrhage and with perforation",
          "DOMAIN_ID": "Condition",
          "STANDARD_CONCEPT_CAPTION": "Standard",
          "CONCEPT_CLASS_ID": "Clinical Finding",
          "INVALID_REASON": "V"
        },
        "includeMapped": false,
        "includeDescendants": false
      },
      {
        "isExcluded": false,
        "concept": {
          "INVALID_REASON_CAPTION": "Valid",
          "CONCEPT_ID": 4296611,
          "STANDARD_CONCEPT": "S",
          "CONCEPT_CODE": "76796008",
          "VOCABULARY_ID": "SNOMED",
          "CONCEPT_NAME": "Chronic gastric ulcer without hemorrhage AND without perforation",
          "DOMAIN_ID": "Condition",
          "STANDARD_CONCEPT_CAPTION": "Standard",
          "CONCEPT_CLASS_ID": "Clinical Finding",
          "INVALID_REASON": "V"
        },
        "includeMapped": false,
        "includeDescendants": false
      },
      {
        "isExcluded": false,
        "concept": {
          "INVALID_REASON_CAPTION": "Valid",
          "CONCEPT_ID": 4303233,
          "STANDARD_CONCEPT": "S",
          "CONCEPT_CODE": "78809005",
          "VOCABULARY_ID": "SNOMED",
          "CONCEPT_NAME": "Gastric polyp",
          "DOMAIN_ID": "Condition",
          "STANDARD_CONCEPT_CAPTION": "Standard",
          "CONCEPT_CLASS_ID": "Clinical Finding",
          "INVALID_REASON": "V"
        },
        "includeMapped": false,
        "includeDescendants": false
      },
      {
        "isExcluded": false,
        "concept": {
          "INVALID_REASON_CAPTION": "Valid",
          "CONCEPT_ID": 4336230,
          "STANDARD_CONCEPT": "S",
          "CONCEPT_CODE": "86895006",
          "VOCABULARY_ID": "SNOMED",
          "CONCEPT_NAME": "Acute duodenal ulcer with hemorrhage AND perforation",
          "DOMAIN_ID": "Condition",
          "STANDARD_CONCEPT_CAPTION": "Standard",
          "CONCEPT_CLASS_ID": "Clinical Finding",
          "INVALID_REASON": "V"
        },
        "includeMapped": false,
        "includeDescendants": false
      },
      {
        "isExcluded": false,
        "concept": {
          "INVALID_REASON_CAPTION": "Valid",
          "CONCEPT_ID": 4344497,
          "STANDARD_CONCEPT": "S",
          "CONCEPT_CODE": "239953001",
          "VOCABULARY_ID": "SNOMED",
          "CONCEPT_NAME": "Soft tissue lesion",
          "DOMAIN_ID": "Condition",
          "STANDARD_CONCEPT_CAPTION": "Standard",
          "CONCEPT_CLASS_ID": "Clinical Finding",
          "INVALID_REASON": "V"
        },
        "includeMapped": false,
        "includeDescendants": false
      },
      {
        "isExcluded": false,
        "concept": {
          "INVALID_REASON_CAPTION": "Valid",
          "CONCEPT_ID": 25844,
          "STANDARD_CONCEPT": "S",
          "CONCEPT_CODE": "30811009",
          "VOCABULARY_ID": "SNOMED",
          "CONCEPT_NAME": "Ulcer of esophagus",
          "DOMAIN_ID": "Condition",
          "STANDARD_CONCEPT_CAPTION": "Standard",
          "CONCEPT_CLASS_ID": "Clinical Finding",
          "INVALID_REASON": "V"
        },
        "includeMapped": false,
        "includeDescendants": false
      },
      {
        "isExcluded": false,
        "concept": {
          "INVALID_REASON_CAPTION": "Valid",
          "CONCEPT_ID": 26441,
          "STANDARD_CONCEPT": "S",
          "CONCEPT_CODE": "57748001",
          "VOCABULARY_ID": "SNOMED",
          "CONCEPT_NAME": "Bleeding ulcer of esophagus",
          "DOMAIN_ID": "Condition",
          "STANDARD_CONCEPT_CAPTION": "Standard",
          "CONCEPT_CLASS_ID": "Clinical Finding",
          "INVALID_REASON": "V"
        },
        "includeMapped": false,
        "includeDescendants": false
      },
      {
        "isExcluded": false,
        "concept": {
          "INVALID_REASON_CAPTION": "Valid",
          "CONCEPT_ID": 30437,
          "STANDARD_CONCEPT": "S",
          "CONCEPT_CODE": "266433003",
          "VOCABULARY_ID": "SNOMED",
          "CONCEPT_NAME": "Gastro-esophageal reflux disease with esophagitis",
          "DOMAIN_ID": "Condition",
          "STANDARD_CONCEPT_CAPTION": "Standard",
          "CONCEPT_CLASS_ID": "Clinical Finding",
          "INVALID_REASON": "V"
        },
        "includeMapped": false,
        "includeDescendants": false
      },
      {
        "isExcluded": false,
        "concept": {
          "INVALID_REASON_CAPTION": "Valid",
          "CONCEPT_ID": 22955,
          "STANDARD_CONCEPT": "S",
          "CONCEPT_CODE": "23387001",
          "VOCABULARY_ID": "SNOMED",
          "CONCEPT_NAME": "Perforation of esophagus",
          "DOMAIN_ID": "Condition",
          "STANDARD_CONCEPT_CAPTION": "Standard",
          "CONCEPT_CLASS_ID": "Clinical Finding",
          "INVALID_REASON": "V"
        },
        "includeMapped": false,
        "includeDescendants": false
      },
      {
        "isExcluded": false,
        "concept": {
          "INVALID_REASON_CAPTION": "Valid",
          "CONCEPT_ID": 30753,
          "STANDARD_CONCEPT": "S",
          "CONCEPT_CODE": "16761005",
          "VOCABULARY_ID": "SNOMED",
          "CONCEPT_NAME": "Esophagitis",
          "DOMAIN_ID": "Condition",
          "STANDARD_CONCEPT_CAPTION": "Standard",
          "CONCEPT_CLASS_ID": "Clinical Finding",
          "INVALID_REASON": "V"
        },
        "includeMapped": false,
        "includeDescendants": false
      },
      {
        "isExcluded": false,
        "concept": {
          "INVALID_REASON_CAPTION": "Valid",
          "CONCEPT_ID": 31610,
          "STANDARD_CONCEPT": "S",
          "CONCEPT_CODE": "37657006",
          "VOCABULARY_ID": "SNOMED",
          "CONCEPT_NAME": "Disorder of esophagus",
          "DOMAIN_ID": "Condition",
          "STANDARD_CONCEPT_CAPTION": "Standard",
          "CONCEPT_CLASS_ID": "Clinical Finding",
          "INVALID_REASON": "V"
        },
        "includeMapped": false,
        "includeDescendants": false
      },
      {
        "isExcluded": false,
        "concept": {
          "INVALID_REASON_CAPTION": "Valid",
          "CONCEPT_ID": 31884,
          "STANDARD_CONCEPT": "S",
          "CONCEPT_CODE": "35563005",
          "VOCABULARY_ID": "SNOMED",
          "CONCEPT_NAME": "Acquired diverticulum of esophagus",
          "DOMAIN_ID": "Condition",
          "STANDARD_CONCEPT_CAPTION": "Standard",
          "CONCEPT_CLASS_ID": "Clinical Finding",
          "INVALID_REASON": "V"
        },
        "includeMapped": false,
        "includeDescendants": false
      },
      {
        "isExcluded": false,
        "concept": {
          "INVALID_REASON_CAPTION": "Valid",
          "CONCEPT_ID": 134681,
          "STANDARD_CONCEPT": "S",
          "CONCEPT_CODE": "79962008",
          "VOCABULARY_ID": "SNOMED",
          "CONCEPT_NAME": "Diffuse spasm of esophagus",
          "DOMAIN_ID": "Condition",
          "STANDARD_CONCEPT_CAPTION": "Standard",
          "CONCEPT_CLASS_ID": "Clinical Finding",
          "INVALID_REASON": "V"
        },
        "includeMapped": false,
        "includeDescendants": false
      },
      {
        "isExcluded": false,
        "concept": {
          "INVALID_REASON_CAPTION": "Valid",
          "CONCEPT_ID": 192667,
          "STANDARD_CONCEPT": "S",
          "CONCEPT_CODE": "84568007",
          "VOCABULARY_ID": "SNOMED",
          "CONCEPT_NAME": "Atrophic gastritis",
          "DOMAIN_ID": "Condition",
          "STANDARD_CONCEPT_CAPTION": "Standard",
          "CONCEPT_CLASS_ID": "Clinical Finding",
          "INVALID_REASON": "V"
        },
        "includeMapped": false,
        "includeDescendants": false
      },
      {
        "isExcluded": false,
        "concept": {
          "INVALID_REASON_CAPTION": "Valid",
          "CONCEPT_ID": 193249,
          "STANDARD_CONCEPT": "S",
          "CONCEPT_CODE": "2367005",
          "VOCABULARY_ID": "SNOMED",
          "CONCEPT_NAME": "Acute hemorrhagic gastritis",
          "DOMAIN_ID": "Condition",
          "STANDARD_CONCEPT_CAPTION": "Standard",
          "CONCEPT_CLASS_ID": "Clinical Finding",
          "INVALID_REASON": "V"
        },
        "includeMapped": false,
        "includeDescendants": false
      },
      {
        "isExcluded": false,
        "concept": {
          "INVALID_REASON_CAPTION": "Valid",
          "CONCEPT_ID": 194071,
          "STANDARD_CONCEPT": "S",
          "CONCEPT_CODE": "335002",
          "VOCABULARY_ID": "SNOMED",
          "CONCEPT_NAME": "Pylorospasm",
          "DOMAIN_ID": "Condition",
          "STANDARD_CONCEPT_CAPTION": "Standard",
          "CONCEPT_CLASS_ID": "Clinical Finding",
          "INVALID_REASON": "V"
        },
        "includeMapped": false,
        "includeDescendants": false
      },
      {
        "isExcluded": false,
        "concept": {
          "INVALID_REASON_CAPTION": "Valid",
          "CONCEPT_ID": 194987,
          "STANDARD_CONCEPT": "S",
          "CONCEPT_CODE": "53313006",
          "VOCABULARY_ID": "SNOMED",
          "CONCEPT_NAME": "Hourglass contraction of stomach",
          "DOMAIN_ID": "Condition",
          "STANDARD_CONCEPT_CAPTION": "Standard",
          "CONCEPT_CLASS_ID": "Clinical Finding",
          "INVALID_REASON": "V"
        },
        "includeMapped": false,
        "includeDescendants": false
      }
    ]},
    "name": "YSJH_L2_8all",
    "id": 0
  }],
  "cdmVersionRange": ">=5.0.0",
  "CensoringCriteria": [],
  "QualifiedLimit": {"Type": "First"},
  "InclusionRules": [],
  "PrimaryCriteria": {
    "CriteriaList": [{"ConditionOccurrence": {
      "OccurrenceEndDate": null,
      "CorrelatedCriteria": null,
      "ConditionTypeExclude": false,
      "CodesetId": 0,
      "ProviderSpecialty": null,
      "Gender": null,
      "VisitType": null,
      "First": null,
      "OccurrenceStartDate": null,
      "ConditionType": null,
      "ConditionSourceConcept": null,
      "ConditionStatus": null,
      "StopReason": null,
      "Age": null
    }}],
    "PrimaryCriteriaLimit": {"Type": "All"},
    "ObservationWindow": {
      "PostDays": 0,
      "PriorDays": 0
    }
  }
}